Customer_ID,First_Name,Last_Name,Gender,Date_of_Birth,Country_Region,Account_Created_Date
CUST10000,Harry,Roberts,Male,1976-12-13,England,29/11/2024
CUST10001,Joseph,Davies,Female,1986-07-10,England,12/12/2022
CUST10002,Jack,Williams,Female,1971-02-17,England,08/11/2023
CUST10003,Karen,Evans,Female,1976-08-12,England,12/08/2023
CUST10004,Michael,Robinson,Male,2001-04-25,Scotland,07/08/2021
CUST10005,Olivia,White,Male,1961-08-06,England,25/11/2024
CUST10006,Richard,Evans,Male,1976-05-02,England,06/05/2022
CUST10007,David,Wright,Female,1976-01-12,England,16/09/2024
CUST10008,Michael,White,Female,2001-08-26,England,05/05/2024
CUST10009,Isla,Jones,Female,1986-02-02,England,11/02/2024
CUST10010,Harry,Roberts,Female,1991-04-22,England,19/05/2023
CUST10011,Oliver,Taylor,Male,1966-08-01,England,09/07/2024
CUST10012,Olivia,Johnson,Female,1981-11-16,England,15/01/2024
CUST10013,Elizabeth,Taylor,Female,1971-04-13,England,23/06/2023
CUST10014,Robert,Smith,Male,1986-04-05,England,29/01/2024
CUST10015,Karen,Wright,Male,1996-04-21,England,11/05/2022
CUST10016,Emily,Williams,Female,1986-07-05,England,19/09/2023
CUST10017,Oliver,Taylor,Male,2006-03-12,Scotland,19/05/2022
CUST10018,Olivia,Evans,Male,1971-07-16,England,19/09/2021
CUST10019,Mary,Robinson,Female,1981-10-14,England,18/03/2023
CUST10020,Sarah,White,Male,1976-01-01,England,17/09/2021
CUST10021,George,Smith,Male,1991-12-13,Wales,15/01/2022
CUST10022,Joseph,Smith,Female,1961-07-18,England,25/09/2021
CUST10023,Emily,Jones,Female,1966-08-15,England,06/08/2024
CUST10024,James,Roberts,Male,1976-08-20,England,04/02/2023
CUST10025,Sarah,Evans,Female,1996-12-21,England,16/07/2022
CUST10026,Charles,Taylor,Female,1986-08-05,England,24/08/2023
CUST10027,Mary,Thompson,Female,2006-11-22,England,07/06/2024
CUST10028,Karen,Robinson,Male,2001-04-25,England,30/11/2023
CUST10029,Amelia,Johnson,Male,1981-03-23,England,18/01/2024
CUST10030,Jessica,Smith,Male,1976-08-23,Scotland,13/11/2024
CUST10031,Jennifer,White,Male,1961-02-06,England,24/03/2024
CUST10032,Jennifer,Walker,Male,1991-02-18,England,02/12/2022
CUST10033,Jessica,Johnson,Male,1991-03-13,England,13/11/2023
CUST10034,George,White,Female,1986-04-27,Northern Ireland,29/01/2025
CUST10035,Emily,Smith,Male,1996-02-23,England,08/05/2023
CUST10036,Mary,Smith,Male,2001-09-05,Wales,01/04/2022
CUST10037,Mary,White,Male,1986-07-26,England,17/06/2024
CUST10038,Richard,Smith,Male,1996-03-19,England,09/08/2023
CUST10039,Jessica,White,Male,1981-04-15,England,23/09/2024
CUST10040,Charles,Smith,Male,1986-12-13,England,28/01/2023
CUST10041,John,Robinson,Female,1971-11-14,Scotland,12/04/2023
CUST10042,Joseph,White,Female,1976-02-21,England,14/11/2022
CUST10043,Noah,Wilson,Female,1991-08-21,England,17/04/2024
CUST10044,Mary,Brown,Female,1971-04-15,England,08/06/2022
CUST10045,Olivia,Evans,Female,1971-05-27,England,25/09/2022
CUST10046,Robert,Johnson,Female,1991-08-07,England,10/05/2023
CUST10047,Robert,Evans,Female,1996-12-12,England,27/12/2022
CUST10048,Jack,Williams,Male,1981-07-17,England,10/01/2022
CUST10049,Jessica,Walker,Female,2001-12-05,England,25/07/2023
CUST10050,Susan,Taylor,Female,1996-10-14,England,30/09/2021
CUST10051,James,White,Female,2006-10-23,England,21/12/2023
CUST10052,Linda,Smith,Female,1976-10-19,England,16/12/2022
CUST10053,Charles,Wright,Male,1981-10-20,England,28/09/2023
CUST10054,Susan,Jones,Male,1976-04-05,England,07/04/2023
CUST10055,Mary,Smith,Male,1976-12-04,England,21/11/2021
CUST10056,Olivia,Walker,Female,1986-12-12,England,02/02/2023
CUST10057,Mary,Wright,Male,1986-08-09,England,24/10/2021
CUST10058,Patricia,Walker,Female,2001-09-01,Scotland,26/01/2023
CUST10059,Elizabeth,Robinson,Female,2001-11-15,England,23/06/2022
CUST10060,Joseph,Johnson,Male,1981-02-21,England,22/05/2024
CUST10061,Sarah,White,Male,1986-01-20,England,25/01/2024
CUST10062,Mary,Brown,Male,1986-12-03,Wales,10/03/2023
CUST10063,Linda,Taylor,Male,1976-07-22,England,23/07/2022
CUST10064,Linda,Williams,Male,1981-09-11,England,05/08/2022
CUST10065,Amelia,Williams,Male,1986-07-05,England,29/04/2022
CUST10066,Olivia,Smith,Female,1986-07-13,England,25/07/2022
CUST10067,Patricia,Williams,Female,1991-01-06,Scotland,23/07/2024
CUST10068,Linda,Wilson,Female,2006-04-19,England,14/03/2023
CUST10069,Susan,White,Female,1986-02-21,England,07/11/2023
CUST10070,Olivia,Robinson,Female,1996-06-20,England,29/10/2021
CUST10071,Thomas,Davies,Male,1991-01-04,England,25/04/2023
CUST10072,Olivia,Williams,Male,1971-10-10,England,23/09/2021
CUST10073,Sarah,Jones,Female,1996-04-14,England,22/08/2021
CUST10074,Sarah,Thompson,Male,2006-09-27,Wales,29/04/2023
CUST10075,Charles,Evans,Female,1996-01-15,England,15/01/2025
CUST10076,Oliver,Wilson,Male,1996-01-18,England,04/02/2023
CUST10077,George,Taylor,Female,1981-06-10,Wales,03/12/2023
CUST10078,George,Jones,Female,1986-10-08,England,16/07/2024
CUST10079,Oliver,Williams,Female,1976-10-22,England,12/11/2024
CUST10080,James,Williams,Male,1981-07-23,England,16/01/2023
CUST10081,Elizabeth,Williams,Female,1991-08-02,England,26/11/2023
CUST10082,Robert,Walker,Male,1971-09-15,England,22/01/2025
CUST10083,Joseph,Johnson,Male,2001-09-21,England,02/06/2024
CUST10084,Olivia,Williams,Female,2006-09-05,England,13/10/2021
CUST10085,Emily,Jones,Female,2001-01-18,Scotland,19/11/2024
CUST10086,Olivia,Thompson,Male,1976-06-13,England,12/05/2022
CUST10087,Charles,Taylor,Male,1986-11-14,Wales,02/01/2023
CUST10088,Joseph,Williams,Female,2001-06-17,England,06/11/2024
CUST10089,Richard,Roberts,Female,1986-02-24,England,20/05/2024
CUST10090,Jennifer,Thompson,Female,2001-08-03,Northern Ireland,03/05/2022
CUST10091,Charles,Walker,Male,1976-04-06,England,23/03/2022
CUST10092,George,Wright,Male,1986-07-10,England,26/07/2024
CUST10093,George,Thompson,Female,1991-07-22,England,17/02/2025
CUST10094,Isla,Brown,Female,1991-09-16,England,09/12/2024
CUST10095,Harry,Wright,Female,1981-12-06,England,21/08/2022
CUST10096,Olivia,Evans,Male,1991-09-01,Scotland,28/10/2021
CUST10097,William,Evans,Male,2001-12-27,England,06/12/2022
CUST10098,Harry,Brown,Male,2001-01-04,England,06/11/2024
CUST10099,Barbara,Jones,Male,1961-10-01,England,28/12/2023
CUST10100,Michael,Wright,Female,1966-06-11,England,05/05/2023
CUST10101,David,Johnson,Male,1976-09-15,England,25/11/2022
CUST10102,Jennifer,Taylor,Male,1996-02-07,England,15/11/2023
CUST10103,Linda,Roberts,Male,1961-07-05,Northern Ireland,01/08/2023
CUST10104,Olivia,Thompson,Female,1976-01-03,England,10/01/2022
CUST10105,Linda,Smith,Male,1976-08-12,England,11/04/2024
CUST10106,George,Thompson,Female,1986-03-26,England,15/02/2025
CUST10107,Karen,Evans,Female,1996-02-04,England,02/04/2024
CUST10108,Amelia,Roberts,Female,2001-01-16,England,13/04/2024
CUST10109,Patricia,White,Male,1966-04-06,England,01/10/2023
CUST10110,Barbara,Evans,Male,1986-12-19,England,20/12/2022
CUST10111,Elizabeth,Williams,Female,1996-12-02,England,27/03/2022
CUST10112,Joseph,Davies,Male,1991-01-06,England,15/04/2022
CUST10113,James,Robinson,Female,1981-12-01,Scotland,13/11/2024
CUST10114,Jennifer,Wilson,Male,2001-08-18,England,05/11/2023
CUST10115,Linda,Walker,Male,1971-04-20,England,12/05/2024
CUST10116,David,Jones,Female,1976-12-05,Scotland,30/11/2021
CUST10117,Harry,Davies,Male,1976-03-13,England,07/04/2024
CUST10118,Patricia,Thompson,Male,1986-03-08,England,18/12/2024
CUST10119,Emily,Wright,Female,1981-03-02,England,29/04/2024
CUST10120,Karen,Walker,Male,1981-02-02,England,20/11/2022
CUST10121,Olivia,Brown,Male,1981-06-26,England,22/01/2022
CUST10122,Olivia,Wright,Male,2001-02-18,England,08/01/2023
CUST10123,George,Williams,Male,1991-03-18,England,07/05/2022
CUST10124,Susan,Taylor,Female,2006-05-08,England,07/08/2024
CUST10125,Elizabeth,Wright,Female,1986-08-08,England,05/02/2024
CUST10126,Oliver,Jones,Female,1991-11-22,England,07/11/2021
CUST10127,Richard,Brown,Male,2001-01-12,England,29/05/2022
CUST10128,Olivia,Jones,Male,2001-08-03,England,30/09/2024
CUST10129,Jack,Roberts,Male,1981-02-14,England,11/06/2022
CUST10130,Amelia,Davies,Female,2001-12-15,England,15/12/2021
CUST10131,Patricia,Smith,Female,1966-04-16,England,03/11/2024
CUST10132,Jennifer,Roberts,Male,1981-11-15,Scotland,16/09/2024
CUST10133,Richard,Johnson,Male,1991-10-24,England,18/04/2024
CUST10134,Joseph,Johnson,Female,1981-04-07,England,21/09/2021
CUST10135,James,Evans,Male,2006-04-16,England,08/01/2022
CUST10136,Linda,Brown,Female,1961-04-24,England,18/02/2025
CUST10137,Mary,Johnson,Male,1986-06-27,England,05/12/2024
CUST10138,Olivia,Williams,Male,1976-06-27,England,26/01/2024
CUST10139,Elizabeth,Wilson,Female,2001-08-20,England,25/10/2022
CUST10140,Mary,Wright,Female,1986-06-03,England,07/03/2023
CUST10141,Mary,White,Male,1986-10-27,England,15/09/2021
CUST10142,Charles,Wright,Female,1966-06-01,England,20/10/2024
CUST10143,Michael,Robinson,Male,1981-04-15,England,20/03/2024
CUST10144,Thomas,Roberts,Female,1986-04-13,England,27/11/2022
CUST10145,Harry,Smith,Female,1996-09-19,England,18/10/2024
CUST10146,Oliver,Smith,Male,1991-02-22,England,14/02/2025
CUST10147,James,Thompson,Male,1986-04-20,England,03/05/2023
CUST10148,Elizabeth,Davies,Female,1986-04-07,England,13/07/2022
CUST10149,Amelia,Jones,Female,2006-08-21,England,21/04/2022
CUST10150,Harry,Thompson,Male,1971-02-21,England,21/09/2021
CUST10151,Robert,White,Male,1966-06-01,England,01/12/2022
CUST10152,Charles,Robinson,Female,2001-09-18,England,06/05/2023
CUST10153,Elizabeth,Wilson,Male,1986-12-04,Scotland,25/10/2023
CUST10154,Olivia,Wright,Female,2001-06-16,Northern Ireland,31/01/2024
CUST10155,William,Johnson,Female,1981-12-07,England,12/07/2023
CUST10156,Linda,Johnson,Female,1996-08-10,England,30/11/2021
CUST10157,Jack,Evans,Male,1981-10-08,Scotland,18/06/2022
CUST10158,Noah,Davies,Female,1976-03-24,England,28/11/2021
CUST10159,Karen,Evans,Female,1976-11-25,England,19/06/2024
CUST10160,Isla,Jones,Female,2001-04-22,Wales,27/01/2025
CUST10161,Isla,White,Male,1966-02-20,England,14/02/2024
CUST10162,Sarah,Roberts,Female,1996-01-10,England,17/12/2021
CUST10163,John,Brown,Male,2006-08-04,England,21/07/2023
CUST10164,Thomas,Davies,Male,1986-08-16,England,01/08/2022
CUST10165,Susan,Davies,Female,1991-03-12,Scotland,15/01/2023
CUST10166,Michael,Walker,Female,1971-11-08,England,21/01/2022
CUST10167,Charles,Robinson,Male,1971-04-07,England,22/03/2022
CUST10168,Thomas,Taylor,Female,1991-08-05,England,29/10/2022
CUST10169,Jessica,Taylor,Female,1961-07-23,England,02/04/2024
CUST10170,Elizabeth,Jones,Male,1996-08-09,Scotland,25/10/2021
CUST10171,Olivia,Wright,Male,1986-09-25,England,17/06/2022
CUST10172,David,Davies,Female,1996-12-19,England,28/06/2022
CUST10173,Isla,Smith,Male,1966-09-05,England,30/03/2023
CUST10174,Jessica,Jones,Male,2001-11-02,England,12/12/2021
CUST10175,Olivia,Smith,Female,2006-11-12,England,06/03/2024
CUST10176,Barbara,Evans,Female,1986-05-03,Wales,27/12/2023
CUST10177,Oliver,Williams,Female,1956-07-26,Scotland,17/07/2023
CUST10178,Susan,Jones,Female,1966-03-25,Northern Ireland,28/03/2023
CUST10179,Harry,Taylor,Female,1976-12-18,England,26/09/2021
CUST10180,Olivia,Evans,Male,1966-12-08,Wales,30/10/2023
CUST10181,Oliver,Smith,Male,1966-11-24,England,09/11/2023
CUST10182,John,Jones,Male,1986-09-18,England,23/07/2022
CUST10183,Susan,Walker,Female,1991-11-10,England,05/08/2023
CUST10184,John,White,Female,1976-10-24,Northern Ireland,17/01/2025
CUST10185,Isla,Walker,Female,1981-03-06,England,16/04/2022
CUST10186,Robert,Smith,Male,1991-04-16,England,10/10/2022
CUST10187,Barbara,Taylor,Female,2001-07-19,England,26/11/2021
CUST10188,Thomas,Davies,Female,1976-06-25,England,09/03/2022
CUST10189,James,Walker,Female,1996-09-04,England,10/08/2024
CUST10190,Olivia,Williams,Female,1966-09-08,Wales,06/12/2021
CUST10191,Richard,Smith,Female,1996-12-23,England,15/07/2022
CUST10192,David,Williams,Female,2001-10-14,England,07/03/2023
CUST10193,John,White,Male,1971-01-21,Northern Ireland,27/02/2023
CUST10194,Barbara,Robinson,Female,2001-05-21,England,20/09/2022
CUST10195,Olivia,Wilson,Male,2001-04-09,England,23/02/2025
CUST10196,Sarah,Walker,Male,1981-08-09,England,15/08/2024
CUST10197,Amelia,White,Female,1971-05-14,England,14/04/2024
CUST10198,Barbara,Robinson,Male,1996-12-01,England,12/03/2023
CUST10199,Patricia,Evans,Male,1991-04-22,England,24/11/2023
CUST10200,Linda,Wilson,Male,1976-06-04,England,05/10/2022
CUST10201,John,Wilson,Male,1961-10-26,England,26/10/2024
CUST10202,George,Brown,Male,1986-05-22,England,24/04/2024
CUST10203,David,Jones,Female,2001-01-10,England,16/08/2022
CUST10204,Robert,Walker,Male,2006-04-02,England,17/10/2022
CUST10205,Karen,Walker,Female,1996-05-22,England,12/09/2023
CUST10206,Patricia,Smith,Female,2001-08-13,England,28/07/2023
CUST10207,Linda,Wilson,Female,1981-09-06,England,13/08/2021
CUST10208,John,Davies,Female,2001-07-12,England,05/11/2023
CUST10209,Jack,White,Male,1986-05-25,England,13/04/2024
CUST10210,Harry,Roberts,Female,1976-07-19,England,10/11/2022
CUST10211,Sarah,Robinson,Male,1981-02-19,Scotland,23/11/2023
CUST10212,Harry,Johnson,Female,1996-03-14,England,14/07/2023
CUST10213,Karen,Evans,Female,1971-08-05,England,29/06/2022
CUST10214,Barbara,Brown,Male,1976-11-26,England,13/09/2024
CUST10215,Jessica,Evans,Male,1976-07-20,England,14/07/2022
CUST10216,George,Jones,Male,2001-01-14,England,29/10/2024
CUST10217,William,Williams,Male,2001-12-20,England,24/10/2023
CUST10218,John,Davies,Female,1966-04-10,England,04/11/2021
CUST10219,Jessica,Roberts,Female,1991-09-21,England,07/02/2024
CUST10220,Michael,Jones,Male,1991-11-27,England,17/05/2022
CUST10221,Barbara,Williams,Male,1986-12-10,England,26/12/2023
CUST10222,Patricia,Jones,Male,1981-02-01,England,14/06/2022
CUST10223,Emily,Brown,Male,1961-03-20,England,28/02/2022
CUST10224,Emily,Evans,Female,1996-08-24,Northern Ireland,08/02/2022
CUST10225,Sarah,Williams,Male,1966-10-23,England,20/10/2023
CUST10226,Jennifer,Wilson,Male,2006-11-27,England,26/11/2022
CUST10227,Elizabeth,Roberts,Male,1986-07-10,England,26/04/2024
CUST10228,Jennifer,Evans,Female,1981-02-25,England,06/11/2022
CUST10229,Sarah,Taylor,Male,2001-09-06,England,05/12/2021
CUST10230,William,Jones,Female,2001-09-16,England,27/07/2022
CUST10231,Emily,Jones,Female,1991-06-24,England,26/03/2024
CUST10232,Olivia,Roberts,Male,1961-08-25,England,31/12/2022
CUST10233,Harry,Brown,Male,1981-03-17,England,03/12/2021
CUST10234,Karen,Brown,Female,1966-10-15,England,12/03/2024
CUST10235,Noah,Evans,Female,1971-01-13,England,09/09/2021
CUST10236,Karen,Davies,Male,1986-11-24,England,16/08/2023
CUST10237,Susan,Wilson,Female,1976-11-24,Scotland,15/02/2025
CUST10238,Thomas,Walker,Male,2006-09-07,England,06/01/2025
CUST10239,Linda,Evans,Male,2001-10-04,England,28/06/2024
CUST10240,James,Taylor,Female,1971-11-22,Scotland,13/12/2022
CUST10241,Olivia,Johnson,Male,1976-02-22,England,17/01/2023
CUST10242,Richard,Williams,Male,1996-07-03,England,21/08/2023
CUST10243,Isla,White,Male,1986-08-14,England,19/05/2023
CUST10244,David,Robinson,Female,1981-12-14,England,25/12/2023
CUST10245,William,Davies,Male,1971-09-02,England,22/08/2021
CUST10246,John,Johnson,Female,1981-08-18,England,01/11/2024
CUST10247,Jack,Wright,Female,1991-07-27,England,01/08/2024
CUST10248,George,Robinson,Male,1991-02-06,England,03/07/2024
CUST10249,Robert,Davies,Female,1991-04-22,England,16/01/2024
CUST10250,Richard,Smith,Female,1981-06-03,England,02/11/2023
CUST10251,Harry,Jones,Male,1971-11-06,England,13/11/2022
CUST10252,Richard,Wright,Female,1986-11-16,Scotland,05/10/2024
CUST10253,William,Brown,Female,1996-08-25,Wales,01/12/2021
CUST10254,Emily,White,Male,1996-02-24,England,23/01/2024
CUST10255,John,Thompson,Male,1976-09-26,England,04/06/2024
CUST10256,Sarah,Walker,Female,1971-06-27,England,02/07/2024
CUST10257,Robert,Taylor,Female,2001-08-22,England,23/08/2022
CUST10258,Thomas,Roberts,Female,2006-06-10,England,25/11/2024
CUST10259,George,Brown,Male,1981-09-04,England,16/06/2024
CUST10260,Susan,Taylor,Male,2001-03-23,England,25/05/2023
CUST10261,Patricia,Walker,Male,1971-02-06,England,19/08/2024
CUST10262,Richard,Evans,Female,1991-03-15,England,28/11/2022
CUST10263,Michael,Evans,Female,2001-12-21,England,19/01/2023
CUST10264,Richard,Thompson,Male,1966-01-01,England,06/11/2021
CUST10265,Oliver,Williams,Male,2001-04-25,England,08/09/2022
CUST10266,William,Wright,Male,1996-05-09,Northern Ireland,14/09/2024
CUST10267,James,Evans,Male,2001-11-06,England,04/10/2023
CUST10268,Michael,Evans,Male,2001-05-11,England,21/08/2023
CUST10269,Isla,Smith,Female,2006-11-13,England,29/12/2021
CUST10270,Harry,Smith,Male,2006-12-13,England,28/01/2023
CUST10271,Amelia,Wilson,Female,2001-08-05,England,16/11/2021
CUST10272,Jack,Smith,Male,2006-05-06,England,14/01/2024
CUST10273,James,Williams,Male,1981-08-13,England,17/12/2023
CUST10274,Susan,Taylor,Female,1981-09-07,England,09/06/2022
CUST10275,Mary,Roberts,Female,1991-02-18,England,08/07/2022
CUST10276,George,Brown,Female,1991-10-25,England,21/02/2024
CUST10277,Michael,Evans,Male,1986-06-01,Northern Ireland,11/03/2024
CUST10278,Olivia,Jones,Female,1971-11-01,England,26/10/2023
CUST10279,Jack,Wright,Male,1971-08-18,England,17/11/2021
CUST10280,George,Smith,Male,2006-11-01,England,07/01/2023
CUST10281,Patricia,Williams,Female,1996-01-18,England,20/05/2023
CUST10282,Oliver,Wilson,Male,1996-01-14,England,17/01/2023
CUST10283,Noah,Brown,Female,1996-02-13,England,22/11/2023
CUST10284,William,Walker,Male,1981-11-17,England,09/01/2024
CUST10285,Jack,Roberts,Male,1991-12-25,England,19/10/2024
CUST10286,Jennifer,Smith,Male,2006-12-04,England,10/11/2023
CUST10287,Emily,Johnson,Female,1991-04-04,England,14/10/2023
CUST10288,Karen,Wright,Female,1986-04-19,England,18/04/2022
CUST10289,Robert,Roberts,Female,2001-05-02,England,27/12/2021
CUST10290,Jessica,Wilson,Female,1971-10-12,England,08/10/2022
CUST10291,David,White,Male,2006-04-14,England,23/07/2023
CUST10292,Emily,Taylor,Male,1966-07-11,England,21/01/2023
CUST10293,Emily,Jones,Female,2001-08-15,England,29/07/2024
CUST10294,Harry,Evans,Male,1971-05-04,Northern Ireland,06/02/2025
CUST10295,Michael,White,Male,1966-06-08,England,24/01/2023
CUST10296,Olivia,Thompson,Female,1961-08-01,Wales,21/08/2021
CUST10297,Olivia,Thompson,Female,1971-10-26,Northern Ireland,04/07/2023
CUST10298,Sarah,Brown,Female,1976-03-23,England,16/06/2024
CUST10299,Barbara,Smith,Male,1981-07-07,England,18/08/2022
CUST10300,Isla,Williams,Male,1976-02-01,England,21/08/2021
CUST10301,Richard,Jones,Male,2001-01-08,England,07/11/2021
CUST10302,Jack,Evans,Male,1986-08-26,England,14/08/2022
CUST10303,Charles,White,Male,1986-06-22,England,04/06/2023
CUST10304,Mary,Wilson,Female,1971-04-18,England,22/09/2021
CUST10305,Michael,Jones,Female,1986-01-25,England,27/02/2022
CUST10306,Patricia,Davies,Female,1991-12-05,Wales,22/10/2023
CUST10307,Emily,Robinson,Male,1981-10-15,Northern Ireland,17/06/2022
CUST10308,Robert,Robinson,Male,1996-12-22,England,14/09/2022
CUST10309,Richard,Wilson,Male,2001-02-01,England,28/01/2025
CUST10310,Sarah,Johnson,Male,1986-01-12,England,26/06/2023
CUST10311,Elizabeth,Williams,Female,1991-03-10,England,15/12/2021
CUST10312,Harry,Johnson,Female,1996-02-05,England,25/06/2023
CUST10313,Noah,Smith,Female,1991-06-07,England,01/03/2022
CUST10314,Barbara,Roberts,Male,1991-08-27,England,05/01/2023
CUST10315,Thomas,Davies,Male,1991-03-14,England,27/08/2021
CUST10316,Jack,Smith,Female,1991-05-03,England,05/07/2023
CUST10317,Oliver,Taylor,Male,1981-07-19,Wales,06/10/2023
CUST10318,Linda,Williams,Female,1996-04-16,England,24/01/2022
CUST10319,Olivia,Brown,Male,1961-06-11,England,11/06/2024
CUST10320,Amelia,Davies,Male,1966-08-11,England,23/06/2023
CUST10321,Amelia,Williams,Male,1986-12-15,England,18/05/2023
CUST10322,Emily,Johnson,Male,1991-04-26,Northern Ireland,27/04/2023
CUST10323,Linda,Evans,Male,1986-02-21,Northern Ireland,17/10/2024
CUST10324,Sarah,Brown,Female,1971-11-11,England,21/05/2023
CUST10325,Olivia,Robinson,Male,1981-07-07,England,19/06/2022
CUST10326,Olivia,White,Female,1971-06-03,England,20/06/2022
CUST10327,John,Robinson,Male,1986-09-06,England,13/11/2021
CUST10328,Mary,Williams,Male,1981-12-04,Scotland,16/09/2022
CUST10329,Patricia,Taylor,Male,1996-02-22,England,24/10/2024
CUST10330,Jessica,Johnson,Male,1976-11-16,England,29/10/2021
CUST10331,Thomas,Williams,Female,1996-08-01,England,24/08/2023
CUST10332,Olivia,Walker,Male,1976-08-26,England,21/09/2022
CUST10333,George,Brown,Female,1971-11-05,England,10/07/2023
CUST10334,Joseph,Davies,Male,2001-04-18,Wales,24/07/2022
CUST10335,Jennifer,Robinson,Male,1981-10-01,Northern Ireland,03/06/2023
CUST10336,Noah,Brown,Female,2001-07-16,England,18/11/2023
CUST10337,James,Davies,Male,1976-12-15,England,28/03/2024
CUST10338,Linda,Thompson,Female,2001-06-25,Scotland,01/01/2022
CUST10339,Isla,White,Female,1966-09-17,England,06/05/2023
CUST10340,Michael,Williams,Male,2001-06-14,England,03/04/2022
CUST10341,Jessica,Smith,Female,1961-05-15,England,04/09/2024
CUST10342,Sarah,Taylor,Female,1971-05-18,England,30/08/2024
CUST10343,Richard,Evans,Female,1981-12-12,England,15/08/2024
CUST10344,Oliver,Johnson,Female,1976-11-20,England,02/08/2023
CUST10345,Charles,Thompson,Male,1976-03-15,England,03/02/2023
CUST10346,Emily,Taylor,Male,1961-11-27,England,03/06/2022
CUST10347,Mary,White,Female,1996-08-06,England,21/03/2024
CUST10348,George,Wright,Male,1981-02-20,England,01/12/2022
CUST10349,Jessica,Williams,Female,2001-10-23,Scotland,08/01/2023
CUST10350,Oliver,Walker,Male,1981-02-20,England,22/07/2023
CUST10351,Elizabeth,Walker,Male,2001-11-27,England,13/06/2022
CUST10352,Jessica,Robinson,Male,1986-06-12,England,29/10/2022
CUST10353,Michael,White,Female,1981-11-15,England,10/01/2024
CUST10354,Mary,Smith,Male,1986-06-05,England,12/07/2022
CUST10355,Karen,Jones,Female,1986-02-11,England,10/01/2022
CUST10356,Richard,Evans,Male,1976-10-05,England,04/02/2024
CUST10357,Jessica,Jones,Female,1976-09-22,England,15/06/2022
CUST10358,Emily,Smith,Female,1986-04-22,England,24/05/2024
CUST10359,Patricia,Brown,Female,1981-03-06,England,08/04/2022
CUST10360,John,Taylor,Male,1966-11-22,Scotland,02/03/2024
CUST10361,Karen,Thompson,Female,2001-10-09,England,13/12/2023
CUST10362,Richard,Brown,Male,2001-04-20,Scotland,18/10/2021
CUST10363,Olivia,Taylor,Male,2001-09-26,England,30/07/2023
CUST10364,Patricia,Brown,Female,1981-03-23,England,11/11/2022
CUST10365,Joseph,Thompson,Male,1991-03-06,England,05/12/2023
CUST10366,Robert,Jones,Female,1976-08-05,England,29/10/2023
CUST10367,Elizabeth,Wright,Male,1981-10-04,England,08/08/2024
CUST10368,Harry,Thompson,Female,1991-12-23,England,19/12/2024
CUST10369,Thomas,Smith,Male,1966-06-15,England,24/07/2022
CUST10370,John,Walker,Male,1976-02-05,England,01/05/2024
CUST10371,Linda,Taylor,Male,1996-07-16,England,17/01/2022
CUST10372,Linda,Taylor,Male,1991-09-15,Northern Ireland,25/01/2023
CUST10373,Richard,Williams,Male,1991-12-17,England,23/12/2024
CUST10374,Patricia,Thompson,Female,2001-02-18,England,07/11/2023
CUST10375,Joseph,Brown,Female,2001-08-05,Scotland,01/10/2024
CUST10376,Olivia,Evans,Male,1966-07-11,England,04/10/2021
CUST10377,Oliver,Thompson,Female,1986-08-20,England,27/06/2022
CUST10378,Jack,Taylor,Female,1991-02-25,England,03/10/2023
CUST10379,Michael,Walker,Male,1976-01-07,England,10/12/2023
CUST10380,Noah,White,Male,1986-08-16,Wales,14/04/2023
CUST10381,Karen,Wright,Female,1966-03-26,England,01/04/2023
CUST10382,Emily,Roberts,Female,1976-08-17,England,02/09/2023
CUST10383,James,Brown,Female,1986-01-07,England,19/05/2023
CUST10384,Sarah,Roberts,Female,1991-10-16,Scotland,16/08/2021
CUST10385,Emily,Brown,Female,1956-04-01,England,30/08/2022
CUST10386,Isla,Jones,Female,1976-06-14,Wales,04/08/2022
CUST10387,John,Wright,Female,1961-05-16,England,25/08/2024
CUST10388,Jack,Jones,Male,2001-06-02,England,23/02/2023
CUST10389,Susan,Smith,Male,1971-07-06,England,02/03/2023
CUST10390,Richard,Johnson,Male,1981-08-27,England,07/05/2023
CUST10391,Emily,Jones,Male,2001-09-17,England,08/04/2022
CUST10392,Isla,Thompson,Female,1981-12-13,England,29/10/2022
CUST10393,Olivia,Thompson,Male,1981-03-07,England,14/05/2022
CUST10394,Patricia,Wilson,Female,2006-11-04,England,02/12/2021
CUST10395,Sarah,Smith,Female,1986-08-12,England,24/06/2023
CUST10396,Jennifer,Walker,Female,1971-04-15,England,21/01/2024
CUST10397,Karen,Walker,Male,1996-12-05,England,02/02/2025
CUST10398,Oliver,Walker,Male,1986-09-22,England,11/09/2023
CUST10399,Robert,Evans,Female,1986-03-12,England,04/09/2023
CUST10400,Jennifer,Roberts,Female,1991-03-02,England,17/09/2022
CUST10401,Isla,Jones,Female,1966-08-04,Scotland,19/07/2022
CUST10402,Linda,Walker,Female,1976-09-24,England,18/08/2021
CUST10403,Robert,Evans,Male,2001-01-10,England,04/03/2022
CUST10404,Olivia,Thompson,Male,1956-08-11,England,10/08/2023
CUST10405,William,Wright,Female,1971-07-06,Scotland,24/01/2024
CUST10406,Thomas,Taylor,Female,1996-12-22,England,03/09/2023
CUST10407,Michael,Wright,Male,1971-09-23,England,03/01/2023
CUST10408,Jessica,Evans,Male,2001-11-07,Scotland,03/09/2024
CUST10409,Patricia,Williams,Female,1956-01-20,England,01/01/2025
CUST10410,Linda,Robinson,Male,1981-10-13,England,28/06/2022
CUST10411,Noah,Taylor,Male,1981-05-05,England,24/03/2022
CUST10412,Michael,Davies,Male,2001-07-22,Wales,04/01/2022
CUST10413,Charles,Brown,Female,1966-11-03,Northern Ireland,21/06/2022
CUST10414,Olivia,Evans,Female,2006-11-24,England,29/02/2024
CUST10415,Sarah,Wright,Female,1996-03-01,England,23/10/2023
CUST10416,Olivia,Brown,Female,2001-03-09,England,11/04/2023
CUST10417,James,Jones,Female,1976-09-07,England,31/12/2023
CUST10418,Olivia,Walker,Male,1996-11-07,Wales,07/12/2023
CUST10419,Charles,White,Female,1966-08-13,England,24/09/2023
CUST10420,Oliver,Evans,Female,1981-01-21,England,29/05/2024
CUST10421,Olivia,Davies,Male,2006-02-11,Northern Ireland,27/05/2024
CUST10422,Susan,Wilson,Female,2006-09-14,England,17/06/2023
CUST10423,John,Jones,Male,2006-09-27,England,19/10/2023
CUST10424,Oliver,Johnson,Male,1981-11-14,Wales,25/03/2022
CUST10425,Charles,Brown,Female,1971-07-22,England,08/09/2024
CUST10426,John,Johnson,Male,1996-06-11,England,13/03/2024
CUST10427,Isla,Walker,Female,1971-02-03,Scotland,29/08/2023
CUST10428,Karen,Walker,Male,2006-10-07,England,10/03/2023
CUST10429,Isla,Brown,Male,1971-12-05,England,03/11/2024
CUST10430,Karen,Walker,Female,1966-01-25,England,27/10/2021
CUST10431,John,Davies,Female,1976-06-01,England,24/11/2022
CUST10432,Jennifer,Evans,Female,1976-05-23,England,04/04/2024
CUST10433,Elizabeth,Williams,Male,1971-09-04,England,08/06/2023
CUST10434,Joseph,Robinson,Male,2006-10-05,England,08/11/2023
CUST10435,Noah,Taylor,Female,1996-03-15,England,20/08/2024
CUST10436,Isla,Davies,Female,2001-12-03,England,12/11/2023
CUST10437,Michael,Johnson,Male,1986-02-03,England,23/11/2022
CUST10438,Olivia,Wilson,Female,1976-10-21,England,12/02/2022
CUST10439,Robert,Taylor,Male,1981-09-02,Wales,05/02/2023
CUST10440,Harry,Johnson,Male,1971-02-17,England,03/08/2024
CUST10441,Oliver,Roberts,Male,2001-09-04,Northern Ireland,06/05/2023
CUST10442,Oliver,Johnson,Male,1976-04-03,England,16/06/2024
CUST10443,Amelia,Wright,Male,1996-04-19,England,25/09/2024
CUST10444,William,Wilson,Male,1996-02-11,England,25/10/2023
CUST10445,John,Davies,Male,1976-09-01,England,15/01/2024
CUST10446,Harry,White,Male,1956-10-19,England,24/07/2023
CUST10447,Michael,Williams,Male,1981-07-27,England,08/11/2024
CUST10448,Mary,Smith,Male,2006-10-16,England,22/02/2024
CUST10449,Michael,Taylor,Male,1981-05-11,England,28/01/2023
CUST10450,Oliver,Walker,Male,2006-07-23,England,16/08/2024
CUST10451,David,Davies,Male,1966-10-10,Wales,18/09/2022
CUST10452,Sarah,Brown,Female,1976-06-17,England,18/04/2024
CUST10453,Susan,White,Female,2001-08-13,Wales,10/11/2021
CUST10454,Joseph,Evans,Female,2001-02-20,England,08/10/2024
CUST10455,Mary,Williams,Male,1996-07-14,Scotland,05/04/2022
CUST10456,Thomas,Taylor,Male,1956-11-14,England,01/12/2023
CUST10457,Elizabeth,Wilson,Male,1986-10-12,England,27/01/2023
CUST10458,Sarah,Jones,Male,1976-04-08,England,07/08/2024
CUST10459,David,Wright,Female,1981-07-14,England,16/10/2021
CUST10460,Robert,Wright,Female,1981-08-02,England,03/02/2025
CUST10461,Richard,Johnson,Female,2001-12-10,Wales,20/01/2022
CUST10462,Robert,Roberts,Female,1961-10-03,England,14/12/2024
CUST10463,Barbara,Robinson,Female,1991-10-09,England,11/07/2023
CUST10464,Charles,Williams,Male,1981-10-10,England,02/09/2021
CUST10465,Patricia,White,Female,1976-05-01,England,01/05/2022
CUST10466,Michael,Taylor,Female,1981-05-08,England,12/08/2022
CUST10467,Barbara,Smith,Male,1961-06-19,England,01/01/2022
CUST10468,Olivia,Roberts,Male,2001-06-27,England,19/10/2022
CUST10469,Sarah,Robinson,Female,1986-12-17,England,30/01/2023
CUST10470,Linda,Roberts,Female,1991-11-20,England,27/07/2022
CUST10471,Amelia,Walker,Male,1986-11-19,England,24/03/2024
CUST10472,Richard,Wright,Female,2001-08-26,England,17/07/2023
CUST10473,Jennifer,Wright,Female,2001-03-26,England,06/04/2023
CUST10474,Mary,Robinson,Female,1996-02-04,England,22/12/2022
CUST10475,Elizabeth,Robinson,Male,1991-04-13,England,28/02/2024
CUST10476,Barbara,Wright,Male,1991-08-25,England,25/11/2024
CUST10477,Noah,Wilson,Male,1981-05-24,England,14/06/2024
CUST10478,Oliver,Wilson,Male,1981-08-15,England,06/08/2022
CUST10479,Mary,Wilson,Male,1991-11-12,England,04/02/2025
CUST10480,Jennifer,Walker,Female,1991-05-02,England,13/08/2024
CUST10481,Amelia,Davies,Female,1996-12-13,England,04/01/2025
CUST10482,Isla,Johnson,Female,1981-07-14,Scotland,12/11/2021
CUST10483,Susan,Smith,Male,1991-10-18,England,05/05/2023
CUST10484,Elizabeth,Wright,Male,2006-01-15,England,23/11/2022
CUST10485,Thomas,Walker,Male,1991-04-06,England,24/03/2022
CUST10486,Joseph,Williams,Female,1986-12-27,England,29/01/2023
CUST10487,James,White,Male,1996-11-06,Scotland,02/11/2024
CUST10488,Thomas,Wright,Male,1981-07-11,England,01/01/2022
CUST10489,Noah,White,Male,1986-01-14,England,13/07/2022
CUST10490,Jennifer,Wright,Female,1976-01-08,England,29/01/2023
CUST10491,Isla,Roberts,Female,1981-06-02,England,06/05/2024
CUST10492,Charles,Smith,Female,1981-11-17,England,15/09/2023
CUST10493,Amelia,Walker,Female,1991-05-07,Scotland,15/12/2021
CUST10494,Jack,Robinson,Female,1976-11-24,England,28/12/2023
CUST10495,Jennifer,Wilson,Male,1986-07-22,England,24/12/2023
CUST10496,Amelia,Williams,Female,1986-02-12,England,15/08/2023
CUST10497,Joseph,Wilson,Female,1981-07-13,England,24/02/2023
CUST10498,Mary,Walker,Female,1991-05-26,England,19/07/2024
CUST10499,Isla,Taylor,Female,1986-03-01,England,20/07/2022
CUST10500,Oliver,Evans,Male,1976-09-11,England,15/09/2021
CUST10501,Mary,Robinson,Female,1966-03-02,England,21/03/2022
CUST10502,Joseph,Robinson,Female,1966-11-04,England,29/10/2023
CUST10503,Jack,Walker,Male,1986-10-25,England,15/08/2022
CUST10504,Richard,Roberts,Female,1986-10-03,England,02/08/2022
CUST10505,Harry,Walker,Male,1976-01-26,England,29/03/2022
CUST10506,Patricia,White,Female,1991-12-22,Scotland,13/07/2023
CUST10507,Patricia,Evans,Female,1971-06-18,England,07/02/2024
CUST10508,Sarah,Roberts,Female,1986-09-21,Wales,12/04/2023
CUST10509,Elizabeth,Wright,Female,2001-03-05,England,26/06/2022
CUST10510,Susan,Johnson,Female,2006-10-04,England,17/09/2024
CUST10511,James,Williams,Female,1971-04-10,England,20/11/2022
CUST10512,John,Wilson,Male,2006-09-21,England,28/11/2023
CUST10513,David,Jones,Female,1996-04-09,England,09/04/2023
CUST10514,Olivia,Thompson,Male,1991-12-05,England,26/02/2024
CUST10515,Noah,Roberts,Male,2001-09-22,England,15/10/2023
CUST10516,George,Roberts,Female,1991-06-18,England,03/11/2024
CUST10517,Linda,Johnson,Female,1976-06-15,England,03/01/2022
CUST10518,Sarah,Brown,Female,2006-01-12,England,02/08/2023
CUST10519,Michael,Taylor,Male,1971-04-22,Wales,29/10/2021
CUST10520,Robert,Williams,Male,1971-10-20,England,24/04/2022
CUST10521,Oliver,Walker,Female,1991-10-10,England,22/02/2022
CUST10522,William,Johnson,Male,2001-12-04,England,22/08/2022
CUST10523,Richard,Brown,Male,1981-02-24,England,28/07/2022
CUST10524,George,White,Male,2001-04-04,England,26/03/2022
CUST10525,Joseph,Wilson,Male,1991-10-12,Wales,03/02/2022
CUST10526,Patricia,Williams,Male,1961-05-25,England,03/10/2022
CUST10527,David,Brown,Female,1956-03-12,England,14/12/2023
CUST10528,Emily,Thompson,Female,1976-04-23,England,23/09/2024
CUST10529,Jessica,Roberts,Female,1991-12-14,England,23/11/2022
CUST10530,Noah,Williams,Female,1981-11-21,England,13/08/2021
CUST10531,Karen,White,Male,1976-01-16,England,24/01/2023
CUST10532,David,Davies,Male,1991-11-08,England,22/07/2023
CUST10533,Joseph,Johnson,Female,1981-07-25,England,17/01/2025
CUST10534,Michael,Walker,Male,2006-11-13,England,27/09/2021
CUST10535,Barbara,Roberts,Male,1996-08-13,England,14/02/2025
CUST10536,Emily,Williams,Female,1986-09-18,England,16/01/2022
CUST10537,Richard,Smith,Male,2001-07-26,England,11/11/2024
CUST10538,John,Robinson,Male,2001-09-24,England,11/11/2024
CUST10539,Noah,Johnson,Female,1971-10-11,England,02/10/2021
CUST10540,John,Walker,Male,1956-07-07,England,09/12/2023
CUST10541,Robert,Jones,Male,1986-02-09,England,18/11/2022
CUST10542,Isla,Smith,Female,1971-02-08,England,31/05/2024
CUST10543,Linda,Evans,Female,1956-05-08,Wales,29/10/2021
CUST10544,Olivia,Williams,Female,2001-06-12,Scotland,08/03/2023
CUST10545,Harry,Wilson,Male,1986-11-01,England,03/09/2022
CUST10546,Oliver,Evans,Male,1991-01-15,Scotland,01/01/2022
CUST10547,George,Williams,Female,2001-11-23,England,28/05/2023
CUST10548,Mary,Brown,Male,1976-01-12,England,29/08/2022
CUST10549,Joseph,Wright,Female,1986-06-03,Wales,16/04/2024
CUST10550,Oliver,Walker,Male,1986-06-11,England,06/05/2022
CUST10551,Olivia,Smith,Male,2001-07-10,Northern Ireland,03/02/2022
CUST10552,Oliver,Williams,Female,1996-01-17,England,05/10/2024
CUST10553,Karen,Evans,Male,1966-10-07,England,23/04/2024
CUST10554,Olivia,Smith,Male,2006-02-09,England,08/10/2024
CUST10555,Emily,Robinson,Male,1996-10-21,England,10/11/2024
CUST10556,Emily,Taylor,Female,1996-07-05,England,29/12/2023
CUST10557,Barbara,Wilson,Male,1986-11-26,England,17/09/2021
CUST10558,Robert,Thompson,Male,1981-12-09,Wales,12/12/2021
CUST10559,Jack,Jones,Female,1986-11-23,Wales,02/10/2021
CUST10560,Linda,Wright,Female,2001-06-03,England,28/03/2023
CUST10561,Amelia,Evans,Female,1996-05-09,Scotland,27/06/2023
CUST10562,Jessica,Davies,Male,1971-08-11,England,24/02/2024
CUST10563,Jack,Roberts,Female,1981-08-13,Wales,31/08/2021
CUST10564,David,Wright,Male,1981-10-03,England,26/09/2024
CUST10565,Karen,Thompson,Male,1981-06-07,England,16/09/2024
CUST10566,Patricia,Brown,Female,1976-06-24,Scotland,19/10/2024
CUST10567,John,White,Male,2006-02-25,England,07/12/2023
CUST10568,Linda,Wilson,Male,1991-03-12,England,13/04/2022
CUST10569,Thomas,Wright,Male,1986-10-04,England,12/11/2023
CUST10570,Patricia,Williams,Male,1991-12-08,Scotland,08/09/2021
CUST10571,Linda,Smith,Female,1971-08-26,England,13/09/2021
CUST10572,William,Davies,Male,1986-05-25,Northern Ireland,04/02/2023
CUST10573,Jessica,Evans,Male,1976-01-22,England,11/03/2023
CUST10574,Olivia,Walker,Female,1971-01-24,Northern Ireland,23/04/2023
CUST10575,Michael,Robinson,Male,1986-09-20,England,06/02/2024
CUST10576,Noah,Wright,Male,1966-08-17,Scotland,25/06/2023
CUST10577,Joseph,White,Male,1981-04-21,England,12/09/2024
CUST10578,George,Walker,Female,1971-03-18,England,12/05/2023
CUST10579,Amelia,Walker,Male,1991-01-10,England,19/06/2022
CUST10580,Richard,Robinson,Female,1986-09-18,England,02/02/2023
CUST10581,Patricia,Robinson,Male,1986-08-08,Scotland,06/02/2025
CUST10582,Olivia,Evans,Male,2001-04-17,England,21/12/2023
CUST10583,Joseph,Walker,Female,1991-09-11,Wales,22/11/2022
CUST10584,Elizabeth,Roberts,Male,1966-11-14,England,30/10/2021
CUST10585,Charles,Evans,Female,1981-07-05,Scotland,26/12/2022
CUST10586,Olivia,Robinson,Female,2001-04-26,England,20/02/2024
CUST10587,Harry,Robinson,Male,1991-01-21,England,23/10/2021
CUST10588,Susan,Evans,Female,1996-10-03,England,20/10/2023
CUST10589,Harry,Johnson,Female,2006-07-13,England,28/06/2023
CUST10590,Charles,Brown,Male,1966-05-13,England,07/12/2022
CUST10591,Michael,Roberts,Female,1986-01-24,England,29/11/2023
CUST10592,James,Brown,Female,1991-10-21,England,11/12/2024
CUST10593,Mary,Jones,Male,1981-12-24,England,23/10/2024
CUST10594,Noah,Brown,Female,2006-06-13,Scotland,02/09/2021
CUST10595,Thomas,Wright,Male,1996-04-05,England,28/05/2023
CUST10596,George,Taylor,Male,1976-08-20,England,17/01/2024
CUST10597,Susan,Johnson,Female,1981-11-06,England,08/12/2022
CUST10598,Amelia,Thompson,Female,1956-08-18,Scotland,18/07/2022
CUST10599,Olivia,Roberts,Male,1981-01-12,England,25/05/2023
CUST10600,Oliver,Thompson,Female,1986-03-10,England,31/07/2023
CUST10601,Jack,Walker,Male,1976-02-04,England,20/06/2022
CUST10602,Charles,Brown,Male,1966-05-22,England,22/01/2024
CUST10603,Richard,Walker,Male,1976-06-19,England,22/11/2023
CUST10604,Elizabeth,Thompson,Male,1961-07-10,England,16/07/2024
CUST10605,Elizabeth,Wilson,Male,1976-10-20,England,18/11/2022
CUST10606,Michael,Wilson,Male,1971-02-27,Scotland,24/07/2023
CUST10607,Olivia,Robinson,Male,2001-12-20,England,24/08/2022
CUST10608,Amelia,Williams,Female,1976-04-26,England,18/05/2023
CUST10609,Richard,Brown,Female,1986-07-13,England,31/10/2021
CUST10610,Olivia,Williams,Male,1986-03-11,England,15/04/2024
CUST10611,Emily,Johnson,Female,1981-05-23,England,21/03/2024
CUST10612,Karen,Roberts,Male,1961-10-18,England,16/08/2023
CUST10613,Charles,Johnson,Female,1956-01-17,England,18/11/2021
CUST10614,Jennifer,Evans,Male,1996-06-18,England,11/05/2023
CUST10615,David,White,Female,1976-08-27,England,09/12/2023
CUST10616,Mary,Walker,Male,1976-07-19,England,13/09/2021
CUST10617,Linda,Jones,Female,1991-05-23,England,24/02/2022
CUST10618,Thomas,Wright,Male,2001-05-01,England,28/07/2023
CUST10619,Jack,Brown,Female,2006-11-20,England,26/10/2021
CUST10620,Jack,Williams,Female,1976-03-09,England,23/04/2023
CUST10621,Olivia,Wilson,Female,1986-06-04,Scotland,28/05/2023
CUST10622,Linda,Davies,Female,1956-05-08,England,07/05/2024
CUST10623,Harry,Thompson,Female,1986-10-23,England,18/03/2023
CUST10624,Mary,Walker,Male,1961-10-23,England,16/04/2023
CUST10625,Jack,Jones,Male,1991-11-09,England,03/08/2024
CUST10626,James,Williams,Female,1976-02-06,England,19/08/2024
CUST10627,Jessica,Walker,Female,2001-02-12,Scotland,11/11/2022
CUST10628,Thomas,Davies,Male,1986-05-09,England,09/08/2023
CUST10629,Harry,Wilson,Male,1971-06-13,Northern Ireland,29/12/2024
CUST10630,James,Smith,Male,1966-01-22,England,21/08/2024
CUST10631,Oliver,Evans,Male,1971-11-09,England,27/06/2024
CUST10632,Barbara,Thompson,Female,2006-11-05,England,04/01/2025
CUST10633,Isla,Wilson,Female,1991-06-03,England,09/06/2023
CUST10634,Oliver,Walker,Female,2006-10-19,England,18/12/2023
CUST10635,Olivia,Johnson,Female,2001-07-06,England,26/12/2023
CUST10636,David,White,Female,1981-08-06,England,18/09/2021
CUST10637,Linda,Wilson,Female,1976-11-22,England,15/05/2023
CUST10638,William,Williams,Male,1976-02-03,England,30/10/2024
CUST10639,Michael,Wilson,Female,1971-03-18,Wales,05/10/2021
CUST10640,Patricia,Evans,Male,1976-06-01,Wales,14/10/2022
CUST10641,Emily,Taylor,Male,1971-11-26,Northern Ireland,04/02/2022
CUST10642,Emily,Davies,Male,2006-08-20,England,30/07/2023
CUST10643,Charles,Wilson,Female,1996-05-23,England,23/05/2022
CUST10644,Charles,Robinson,Male,1981-01-18,England,24/04/2023
CUST10645,William,Evans,Male,1971-08-11,England,21/08/2021
CUST10646,Emily,Jones,Male,2006-04-27,England,09/05/2024
CUST10647,Amelia,Thompson,Male,1986-04-22,England,16/09/2023
CUST10648,Amelia,Thompson,Female,1981-12-03,England,30/03/2022
CUST10649,Emily,White,Female,2006-07-16,England,07/02/2022
CUST10650,Richard,Walker,Female,1991-02-15,England,01/02/2024
CUST10651,Jessica,Davies,Female,1966-01-08,England,23/01/2025
CUST10652,Jack,Wilson,Male,1981-05-13,England,28/11/2021
CUST10653,Elizabeth,Roberts,Female,1996-01-27,England,11/06/2024
CUST10654,John,Evans,Male,1971-06-03,England,13/02/2024
CUST10655,Oliver,Jones,Female,1991-05-26,England,13/04/2022
CUST10656,William,Johnson,Female,1971-11-19,Wales,20/07/2024
CUST10657,James,Robinson,Male,1996-05-04,England,16/03/2022
CUST10658,Karen,Thompson,Female,1981-04-09,England,09/01/2023
CUST10659,Noah,Taylor,Female,1991-08-23,England,02/03/2022
CUST10660,Richard,Wright,Male,1996-08-19,England,23/12/2021
CUST10661,Isla,Taylor,Female,1966-01-03,England,04/04/2024
CUST10662,David,Jones,Male,1996-02-04,Scotland,04/06/2024
CUST10663,Emily,Davies,Female,2001-03-26,England,03/08/2022
CUST10664,Richard,Thompson,Male,1991-10-05,England,09/05/2023
CUST10665,Olivia,Robinson,Male,1976-03-17,England,08/07/2024
CUST10666,Olivia,Smith,Male,1971-12-27,England,05/09/2022
CUST10667,Jessica,Johnson,Female,1956-06-05,England,29/10/2022
CUST10668,Patricia,Wright,Male,1996-12-02,England,28/06/2022
CUST10669,Thomas,Johnson,Female,1991-03-23,Scotland,24/04/2022
CUST10670,Olivia,Davies,Female,2001-06-26,England,06/08/2021
CUST10671,Richard,Evans,Male,1981-02-14,England,17/06/2024
CUST10672,William,Wright,Male,1956-11-07,England,12/05/2022
CUST10673,Mary,Evans,Female,1976-08-02,England,26/07/2024
CUST10674,Jessica,Williams,Male,1981-01-25,England,01/08/2022
CUST10675,Emily,Walker,Male,1991-09-22,England,21/06/2023
CUST10676,Isla,Evans,Male,1966-11-25,England,24/12/2021
CUST10677,Linda,Thompson,Male,1986-09-22,England,11/09/2023
CUST10678,Isla,Walker,Female,2001-10-12,England,28/01/2025
CUST10679,Sarah,Wright,Female,1991-04-14,England,07/09/2022
CUST10680,George,Jones,Male,2006-06-11,England,02/10/2024
CUST10681,Linda,Walker,Female,1996-11-20,England,24/12/2023
CUST10682,Emily,Thompson,Female,2006-08-03,Scotland,05/03/2023
CUST10683,Barbara,Taylor,Female,1986-08-02,England,07/10/2022
CUST10684,John,Robinson,Female,1981-10-26,England,06/10/2022
CUST10685,Richard,Roberts,Female,1991-08-09,England,06/07/2023
CUST10686,Thomas,Roberts,Male,1991-02-01,England,11/10/2021
CUST10687,Robert,Robinson,Female,1961-03-19,England,13/06/2023
CUST10688,Isla,Brown,Female,1976-10-11,England,20/12/2024
CUST10689,George,Robinson,Male,1986-03-07,England,25/11/2021
CUST10690,Olivia,Williams,Male,1996-08-12,England,08/12/2021
CUST10691,Charles,Taylor,Female,1966-06-13,England,08/02/2023
CUST10692,Harry,Jones,Male,1996-08-17,England,30/03/2023
CUST10693,Oliver,Wilson,Male,1991-03-26,England,15/09/2022
CUST10694,Joseph,Robinson,Male,1966-04-24,England,31/05/2024
CUST10695,David,Brown,Male,1986-09-23,England,08/07/2024
CUST10696,Patricia,Evans,Male,1976-03-14,England,01/05/2022
CUST10697,Patricia,Brown,Male,1981-04-16,Scotland,02/01/2022
CUST10698,James,White,Female,1981-12-04,England,10/09/2022
CUST10699,Harry,White,Male,1996-02-16,England,21/11/2022
CUST10700,Linda,Wilson,Male,1996-07-19,England,20/10/2021
CUST10701,Linda,Taylor,Male,1991-02-24,England,24/02/2025
CUST10702,David,Johnson,Male,2001-09-02,England,07/04/2023
CUST10703,William,Robinson,Female,1971-02-24,England,22/02/2025
CUST10704,Emily,Taylor,Female,1996-07-14,England,02/02/2022
CUST10705,Jessica,Brown,Female,1986-06-03,England,18/02/2022
CUST10706,Olivia,Jones,Male,1976-09-27,England,17/06/2022
CUST10707,Emily,White,Male,1976-01-13,England,14/09/2021
CUST10708,Isla,Jones,Female,1986-07-12,England,22/01/2023
CUST10709,George,Davies,Female,1986-07-06,England,03/02/2022
CUST10710,William,Walker,Male,1956-03-02,England,11/06/2023
CUST10711,Charles,Johnson,Male,1981-04-03,Wales,13/07/2023
CUST10712,William,Williams,Male,1971-09-08,England,19/03/2023
CUST10713,Patricia,Robinson,Male,1966-07-08,England,21/09/2024
CUST10714,George,Smith,Male,1976-07-13,England,28/12/2024
CUST10715,Olivia,Wright,Female,1996-12-17,England,16/12/2022
CUST10716,Charles,Davies,Female,1986-05-27,England,04/11/2024
CUST10717,Richard,Walker,Female,2001-11-22,Scotland,25/01/2023
CUST10718,Linda,Taylor,Female,1981-12-14,England,13/11/2023
CUST10719,Linda,White,Female,1961-07-25,Scotland,23/09/2023
CUST10720,Jack,Wright,Female,1986-03-16,England,04/03/2022
CUST10721,Mary,Davies,Male,1986-06-12,England,20/07/2022
CUST10722,George,White,Male,2006-01-06,Scotland,28/12/2023
CUST10723,Mary,Roberts,Male,1961-09-12,England,12/11/2023
CUST10724,George,Davies,Male,2001-04-02,England,14/01/2022
CUST10725,Michael,Williams,Male,2006-12-05,England,22/10/2023
CUST10726,David,Davies,Male,1996-08-26,England,08/08/2021
CUST10727,Susan,Johnson,Female,2006-06-06,England,27/05/2022
CUST10728,George,Johnson,Female,1986-03-16,England,29/10/2023
CUST10729,Barbara,Robinson,Male,1986-02-03,England,29/07/2024
CUST10730,Harry,Smith,Female,1991-09-17,Wales,29/01/2025
CUST10731,Noah,Brown,Male,2006-10-27,Scotland,29/12/2021
CUST10732,Mary,Johnson,Male,2001-04-13,England,08/12/2024
CUST10733,Isla,Jones,Female,1991-01-04,Wales,24/01/2025
CUST10734,Amelia,Johnson,Male,2006-04-01,England,25/01/2022
CUST10735,Karen,Jones,Male,1976-10-21,England,29/10/2021
CUST10736,Jennifer,Evans,Male,1996-07-03,England,17/05/2024
CUST10737,George,Thompson,Female,1991-02-09,England,12/02/2025
CUST10738,Richard,Evans,Female,1991-02-23,England,07/09/2023
CUST10739,Amelia,Williams,Female,1991-02-15,England,27/06/2023
CUST10740,William,Robinson,Male,2006-10-24,England,12/11/2022
CUST10741,Elizabeth,Jones,Male,2001-10-24,England,02/04/2023
CUST10742,Charles,Walker,Female,1971-05-18,England,15/02/2022
CUST10743,George,Smith,Male,2006-09-26,England,16/08/2023
CUST10744,Sarah,Walker,Female,1986-01-01,England,06/09/2023
CUST10745,Charles,White,Male,1986-07-07,England,08/12/2022
CUST10746,Olivia,Smith,Male,1991-04-08,England,08/08/2023
CUST10747,Jessica,Brown,Male,1986-10-25,Wales,28/08/2022
CUST10748,David,White,Female,1976-06-17,England,11/12/2023
CUST10749,Susan,Evans,Female,1971-11-07,England,07/12/2022
CUST10750,George,Johnson,Female,1996-07-06,England,19/12/2024
CUST10751,Amelia,Jones,Male,1991-06-22,England,06/01/2023
CUST10752,Emily,Jones,Female,1996-12-24,England,30/11/2024
CUST10753,Richard,Smith,Male,1986-12-01,England,17/08/2023
CUST10754,Olivia,Davies,Male,1981-06-10,Scotland,02/07/2024
CUST10755,Michael,Wilson,Male,1996-05-15,England,18/03/2022
CUST10756,Robert,Wilson,Male,1991-08-07,Scotland,10/12/2023
CUST10757,Olivia,Taylor,Female,1966-03-20,England,24/11/2024
CUST10758,Charles,Williams,Female,2006-05-21,England,16/09/2022
CUST10759,George,Johnson,Female,1986-11-23,Wales,20/11/2021
CUST10760,Mary,Smith,Male,1976-11-22,England,02/08/2022
CUST10761,Charles,Williams,Male,2001-05-23,Wales,16/02/2022
CUST10762,Barbara,Davies,Male,2006-05-10,England,07/11/2022
CUST10763,Charles,Thompson,Female,2001-11-09,England,30/04/2022
CUST10764,Karen,Evans,Male,1966-03-09,England,04/07/2024
CUST10765,Richard,Brown,Male,2006-01-24,England,04/09/2021
CUST10766,Barbara,Evans,Female,1996-01-18,Wales,28/06/2024
CUST10767,Robert,Wright,Male,2006-02-09,Northern Ireland,17/01/2025
CUST10768,Amelia,Jones,Female,2001-11-20,England,18/05/2024
CUST10769,Thomas,Brown,Male,1981-01-07,England,18/02/2023
CUST10770,Joseph,White,Male,1996-04-08,England,07/10/2021
CUST10771,Noah,Smith,Female,1986-08-01,England,20/01/2024
CUST10772,Joseph,Davies,Female,1981-08-27,Scotland,01/09/2024
CUST10773,Karen,Wright,Male,1971-10-07,England,27/03/2022
CUST10774,Elizabeth,White,Male,2006-12-21,England,26/12/2022
CUST10775,Thomas,Davies,Female,1971-05-04,England,22/08/2021
CUST10776,Amelia,Wright,Male,1981-03-01,England,12/07/2023
CUST10777,David,Evans,Male,2001-02-19,England,16/10/2021
CUST10778,Joseph,White,Female,1976-11-03,Scotland,03/11/2022
CUST10779,George,Jones,Female,1971-05-04,England,06/01/2024
CUST10780,Noah,Brown,Male,1996-11-09,England,14/07/2022
CUST10781,Harry,Williams,Male,1966-05-16,England,01/06/2023
CUST10782,Harry,Roberts,Male,1986-10-01,England,05/03/2024
CUST10783,James,Evans,Male,1981-08-04,England,18/11/2024
CUST10784,George,Jones,Female,1956-09-10,England,22/02/2022
CUST10785,Linda,Williams,Male,1991-08-20,England,24/04/2024
CUST10786,Thomas,Roberts,Male,1971-04-03,England,18/05/2022
CUST10787,Jennifer,Davies,Female,1991-02-08,England,02/08/2023
CUST10788,Amelia,Taylor,Male,1976-01-06,England,15/01/2023
CUST10789,Olivia,Walker,Female,1981-06-09,England,22/11/2021
CUST10790,Mary,Thompson,Male,1996-11-07,Scotland,07/02/2022
CUST10791,Barbara,Johnson,Male,1991-08-18,England,25/07/2024
CUST10792,Joseph,Davies,Male,1991-09-02,England,15/08/2023
CUST10793,John,Johnson,Male,2006-04-26,England,29/08/2022
CUST10794,George,Evans,Female,2006-06-07,England,02/02/2023
CUST10795,Mary,Evans,Male,1991-05-27,England,04/09/2021
CUST10796,Olivia,Johnson,Female,2006-02-20,England,29/03/2024
CUST10797,Isla,Jones,Male,2001-08-10,England,01/05/2022
CUST10798,William,Brown,Male,1976-05-09,England,09/07/2024
CUST10799,Karen,Wright,Male,1976-05-26,England,27/10/2021
CUST10800,Susan,White,Female,1976-08-27,England,04/11/2023
CUST10801,Joseph,Wilson,Female,1991-01-17,England,27/06/2023
CUST10802,Amelia,Smith,Male,1966-12-02,England,12/09/2022
CUST10803,Amelia,Williams,Male,1981-03-25,England,28/10/2023
CUST10804,Jack,Williams,Male,2001-09-13,England,27/10/2021
CUST10805,Karen,Williams,Female,2001-10-01,England,03/06/2022
CUST10806,Michael,Brown,Male,1976-02-22,England,18/02/2024
CUST10807,Susan,Robinson,Female,2001-03-01,England,10/01/2022
CUST10808,Charles,Thompson,Male,1986-05-11,England,01/08/2023
CUST10809,Mary,Williams,Male,1956-10-03,England,24/12/2023
CUST10810,Thomas,Williams,Female,2006-08-12,England,24/04/2024
CUST10811,William,Jones,Female,2006-06-22,England,31/07/2024
CUST10812,Olivia,Robinson,Female,1956-11-04,England,23/12/2022
CUST10813,Jack,Brown,Male,1981-06-04,England,12/02/2024
CUST10814,George,Johnson,Male,2001-11-26,England,14/09/2023
CUST10815,Mary,Walker,Female,1966-10-05,England,31/03/2022
CUST10816,Thomas,Thompson,Male,1966-03-04,Wales,20/09/2024
CUST10817,Linda,Robinson,Female,1986-05-16,England,02/12/2022
CUST10818,Barbara,Johnson,Male,1981-01-08,England,08/10/2024
CUST10819,Olivia,Jones,Male,1996-03-26,Northern Ireland,11/06/2022
CUST10820,Mary,Brown,Male,2006-01-05,England,11/10/2023
CUST10821,Patricia,Wilson,Female,1981-02-16,England,19/08/2023
CUST10822,Barbara,Jones,Male,1996-01-25,England,13/12/2024
CUST10823,Harry,Evans,Male,1981-09-20,England,19/09/2021
CUST10824,Linda,Wilson,Male,1971-05-01,England,24/05/2024
CUST10825,Michael,Davies,Male,2006-06-06,England,09/04/2023
CUST10826,Noah,Davies,Female,1981-10-04,England,30/04/2023
CUST10827,Linda,Davies,Male,1996-10-25,England,21/12/2024
CUST10828,Oliver,Thompson,Male,1971-07-06,England,11/12/2023
CUST10829,William,Brown,Male,1996-06-02,England,08/01/2022
CUST10830,Thomas,Davies,Male,1981-08-11,England,27/09/2023
CUST10831,Emily,Johnson,Female,1986-05-08,England,01/09/2023
CUST10832,Richard,Walker,Male,1991-06-05,Wales,18/02/2023
CUST10833,Thomas,Evans,Female,1981-04-13,Wales,06/02/2022
CUST10834,Barbara,Jones,Male,1976-03-25,England,07/01/2025
CUST10835,Barbara,Jones,Female,1986-03-07,England,04/11/2023
CUST10836,Noah,Wright,Male,1976-08-27,England,26/11/2022
CUST10837,Patricia,Evans,Female,1956-10-18,England,05/02/2022
CUST10838,Isla,Brown,Female,1991-06-11,England,20/10/2024
CUST10839,Noah,Williams,Male,1986-02-19,England,16/07/2024
CUST10840,Olivia,Taylor,Female,2006-08-10,Wales,30/03/2022
CUST10841,Robert,Davies,Male,1976-11-06,England,17/10/2021
CUST10842,Elizabeth,Johnson,Male,1986-07-07,Northern Ireland,24/03/2024
CUST10843,Olivia,Taylor,Male,1991-01-01,England,10/07/2023
CUST10844,Robert,Jones,Male,2001-01-18,England,10/01/2023
CUST10845,Jack,Wilson,Male,1966-07-03,Wales,02/12/2024
CUST10846,David,Smith,Female,1991-11-06,England,27/05/2022
CUST10847,Olivia,Evans,Female,1981-01-01,England,24/08/2021
CUST10848,Robert,Brown,Male,2001-10-02,Northern Ireland,15/12/2023
CUST10849,Karen,Wright,Male,1961-10-25,England,07/06/2023
CUST10850,Barbara,Williams,Male,2001-01-01,Scotland,30/12/2022
CUST10851,Emily,Roberts,Female,1996-03-17,England,12/10/2023
CUST10852,Michael,Walker,Female,1971-01-09,England,31/10/2022
CUST10853,Barbara,Roberts,Male,1966-07-04,England,24/07/2024
CUST10854,Isla,Taylor,Male,1996-03-09,England,21/08/2023
CUST10855,Michael,Robinson,Male,1986-11-03,England,17/08/2022
CUST10856,Karen,Wright,Male,1976-02-09,England,17/04/2024
CUST10857,Patricia,Wright,Female,1971-08-23,England,25/01/2022
CUST10858,Linda,Smith,Female,1991-10-17,England,12/11/2024
CUST10859,George,Johnson,Male,1986-03-22,England,03/11/2022
CUST10860,Noah,Wright,Male,1976-04-19,Northern Ireland,27/06/2024
CUST10861,Noah,Robinson,Female,1976-10-26,England,25/01/2024
CUST10862,Jennifer,Jones,Male,1976-02-03,Scotland,30/03/2022
CUST10863,Susan,Smith,Male,1986-06-05,England,28/11/2023
CUST10864,Michael,Jones,Female,2001-04-12,England,16/01/2022
CUST10865,Linda,Robinson,Male,1966-01-15,England,24/04/2024
CUST10866,Oliver,Walker,Female,1971-06-22,Scotland,05/04/2023
CUST10867,Patricia,Robinson,Female,1976-06-04,England,17/01/2025
CUST10868,Charles,Williams,Female,2001-05-03,England,30/09/2023
CUST10869,Emily,White,Male,1996-10-22,England,01/02/2023
CUST10870,Oliver,Williams,Male,1976-02-15,England,08/10/2023
CUST10871,Karen,Thompson,Male,2006-06-12,England,16/02/2025
CUST10872,Harry,Walker,Female,1961-03-06,England,21/09/2024
CUST10873,Linda,Jones,Female,1991-10-19,England,11/08/2021
CUST10874,Jennifer,White,Male,1976-07-22,England,15/06/2024
CUST10875,Thomas,Robinson,Male,1966-09-01,England,24/09/2023
CUST10876,Olivia,Williams,Female,1991-02-02,Northern Ireland,27/07/2023
CUST10877,Jack,Walker,Male,1991-06-22,England,25/12/2024
CUST10878,Michael,Robinson,Female,1981-01-24,England,09/12/2022
CUST10879,Olivia,Evans,Female,1981-04-07,England,06/12/2022
CUST10880,Jessica,Thompson,Female,1991-12-20,England,23/09/2022
CUST10881,Isla,Taylor,Female,1981-09-23,England,21/08/2024
CUST10882,Karen,Evans,Female,1966-01-04,England,09/05/2023
CUST10883,Joseph,Brown,Male,1986-05-06,England,23/10/2023
CUST10884,Olivia,White,Male,1996-11-04,Scotland,20/05/2024
CUST10885,Amelia,Roberts,Male,1991-03-22,England,30/01/2025
CUST10886,Robert,Jones,Female,1991-10-21,England,11/07/2024
CUST10887,Olivia,Johnson,Female,2001-04-04,England,06/07/2022
CUST10888,Elizabeth,Wilson,Female,2001-06-05,Scotland,07/02/2025
CUST10889,George,Wright,Male,1981-11-18,England,03/02/2023
CUST10890,Mary,Wilson,Male,1991-09-25,England,25/02/2022
CUST10891,Mary,Johnson,Female,1961-04-22,England,13/01/2023
CUST10892,Olivia,Taylor,Female,1996-01-05,England,25/07/2022
CUST10893,Elizabeth,Robinson,Male,2001-03-11,England,19/08/2022
CUST10894,Jennifer,Wright,Female,1976-06-02,England,10/11/2022
CUST10895,James,Taylor,Female,1966-02-07,England,13/11/2022
CUST10896,George,Brown,Male,1996-11-16,Northern Ireland,29/03/2024
CUST10897,Elizabeth,Walker,Female,1996-01-10,England,15/11/2021
CUST10898,Barbara,Roberts,Male,1996-07-17,England,28/10/2021
CUST10899,Jennifer,Jones,Male,1986-12-09,England,25/10/2021
CUST10900,Sarah,Smith,Male,1986-05-16,England,10/12/2021
CUST10901,Elizabeth,Thompson,Female,1996-07-18,England,21/04/2022
CUST10902,Jessica,Wright,Male,2006-01-06,England,29/04/2024
CUST10903,Emily,Williams,Male,1986-09-02,Wales,09/07/2022
CUST10904,Mary,Johnson,Female,1961-12-10,England,29/12/2021
CUST10905,Amelia,Taylor,Male,1981-10-02,England,21/03/2024
CUST10906,Noah,Walker,Male,1986-02-05,England,12/04/2022
CUST10907,Sarah,Taylor,Male,2001-05-08,England,19/08/2022
CUST10908,Robert,Evans,Female,1996-09-10,England,04/02/2024
CUST10909,Linda,Roberts,Male,1996-10-08,England,28/07/2024
CUST10910,Patricia,Brown,Male,1976-05-02,England,14/06/2024
CUST10911,Joseph,Roberts,Male,1971-12-05,England,28/03/2023
CUST10912,John,Roberts,Female,1966-03-24,England,23/06/2022
CUST10913,Richard,Brown,Male,1956-09-20,England,09/11/2023
CUST10914,Susan,Williams,Male,1956-06-12,England,23/08/2024
CUST10915,Linda,White,Female,1961-09-01,England,17/12/2022
CUST10916,Patricia,Robinson,Male,2006-08-10,Wales,05/04/2024
CUST10917,Elizabeth,Jones,Male,2001-06-25,England,20/10/2022
CUST10918,Isla,Walker,Male,1991-10-22,England,14/05/2022
CUST10919,George,Evans,Male,1986-11-21,England,09/12/2022
CUST10920,Amelia,Brown,Male,2001-10-07,England,14/11/2024
CUST10921,James,Williams,Male,1971-02-11,Scotland,07/01/2022
CUST10922,David,Johnson,Male,1981-06-01,England,18/06/2023
CUST10923,George,Davies,Male,1986-09-24,England,12/10/2023
CUST10924,Amelia,Brown,Male,2001-11-04,England,13/07/2024
CUST10925,Elizabeth,Wilson,Female,1996-05-17,England,15/09/2021
CUST10926,Patricia,Johnson,Female,2001-09-08,England,20/04/2023
CUST10927,Patricia,Thompson,Male,1971-07-16,England,30/11/2022
CUST10928,Oliver,Wright,Male,1981-03-23,England,20/12/2021
CUST10929,Susan,White,Female,1976-11-09,England,27/01/2024
CUST10930,Olivia,Taylor,Female,1996-06-01,England,04/02/2025
CUST10931,Olivia,Taylor,Male,1991-08-18,England,30/11/2022
CUST10932,Elizabeth,Brown,Female,1991-04-15,England,03/07/2022
CUST10933,Mary,Thompson,Female,1976-01-04,England,24/06/2023
CUST10934,Patricia,Jones,Male,1976-06-02,England,03/12/2021
CUST10935,George,Smith,Male,1996-09-15,England,29/10/2022
CUST10936,Joseph,Davies,Male,1961-04-17,Northern Ireland,14/04/2022
CUST10937,Jack,Evans,Male,2001-12-04,Wales,10/02/2023
CUST10938,Harry,Wright,Male,1966-10-17,England,18/06/2023
CUST10939,Elizabeth,Davies,Female,2001-08-13,Wales,03/04/2024
CUST10940,Noah,Wright,Male,1996-10-04,England,30/10/2021
CUST10941,Noah,White,Male,1971-11-17,England,16/01/2022
CUST10942,Barbara,Evans,Male,2001-09-18,England,10/09/2021
CUST10943,Joseph,Taylor,Male,1991-10-05,England,23/09/2023
CUST10944,Patricia,Robinson,Female,1986-09-19,England,25/12/2022
CUST10945,Richard,Roberts,Female,1996-11-06,England,17/05/2024
CUST10946,Olivia,White,Male,1976-02-17,Scotland,12/11/2024
CUST10947,John,Evans,Female,1971-05-22,England,28/09/2021
CUST10948,Olivia,Jones,Male,1971-11-26,England,09/12/2023
CUST10949,Barbara,Evans,Male,1991-06-07,England,14/10/2023
CUST10950,Joseph,Williams,Male,1986-01-10,England,15/02/2024
CUST10951,Patricia,Johnson,Male,1996-11-03,Northern Ireland,26/03/2023
CUST10952,Joseph,Jones,Male,1996-08-27,England,22/04/2023
CUST10953,Barbara,Davies,Male,2001-11-09,England,18/02/2022
CUST10954,Mary,Smith,Female,1961-01-22,England,09/12/2023
CUST10955,Harry,Williams,Male,1966-02-26,England,07/01/2022
CUST10956,Michael,Robinson,Female,1976-07-13,England,19/08/2022
CUST10957,Thomas,Thompson,Male,1986-03-19,England,02/06/2022
CUST10958,James,Davies,Female,1986-07-13,England,03/11/2022
CUST10959,Barbara,Thompson,Male,1986-05-16,England,05/11/2022
CUST10960,Karen,Walker,Male,1986-03-07,England,08/08/2023
CUST10961,Emily,Wright,Male,1986-10-23,Wales,17/03/2024
CUST10962,James,Jones,Male,2001-01-04,England,17/07/2024
CUST10963,Mary,Brown,Male,2001-11-18,England,11/08/2021
CUST10964,Harry,Johnson,Female,1961-02-25,England,29/04/2023
CUST10965,Jennifer,Taylor,Female,1986-07-22,England,09/01/2022
CUST10966,Emily,Davies,Female,1961-12-21,England,12/09/2021
CUST10967,Jessica,Johnson,Male,2001-02-18,Scotland,14/01/2022
CUST10968,Mary,Taylor,Male,1986-12-26,England,19/06/2023
CUST10969,Olivia,Evans,Male,1996-04-24,Scotland,09/04/2023
CUST10970,Thomas,Johnson,Female,1996-09-08,England,01/11/2024
CUST10971,David,Davies,Female,2006-11-17,England,21/11/2024
CUST10972,Linda,Wilson,Male,2001-03-12,England,24/07/2023
CUST10973,Elizabeth,Johnson,Male,1966-05-08,Wales,28/10/2021
CUST10974,Michael,Taylor,Female,1991-11-23,England,24/01/2022
CUST10975,Oliver,Wilson,Female,1981-02-02,Scotland,13/04/2024
CUST10976,Jessica,Johnson,Female,1986-02-04,England,15/01/2022
CUST10977,Jack,White,Male,1991-04-03,England,20/01/2022
CUST10978,George,Thompson,Female,1986-08-06,England,09/10/2022
CUST10979,Sarah,White,Male,1996-10-14,Wales,05/08/2024
CUST10980,Robert,Taylor,Female,1956-07-26,England,03/01/2023
CUST10981,Patricia,Brown,Male,1971-06-27,England,21/12/2021
CUST10982,Susan,Smith,Female,1976-11-25,Wales,07/09/2023
CUST10983,Charles,Smith,Female,1986-03-21,England,26/04/2022
CUST10984,Linda,Brown,Male,2001-11-13,Scotland,18/03/2024
CUST10985,Olivia,Jones,Male,1966-04-21,England,17/09/2023
CUST10986,Patricia,Johnson,Male,1991-04-08,England,13/12/2022
CUST10987,Jack,Evans,Female,2006-12-18,England,13/03/2023
CUST10988,Isla,Wright,Male,1991-08-01,Wales,04/10/2022
CUST10989,Robert,Brown,Female,1976-06-25,Northern Ireland,20/12/2022
CUST10990,Sarah,Smith,Female,1981-04-27,England,09/10/2024
CUST10991,Harry,Williams,Female,1976-06-20,England,08/11/2023
CUST10992,Emily,Walker,Male,1976-10-05,Wales,06/12/2021
CUST10993,David,Williams,Female,1996-02-07,England,05/07/2023
CUST10994,Susan,Brown,Male,1966-03-20,England,04/06/2023
CUST10995,Jack,Davies,Female,1986-04-14,England,18/10/2021
CUST10996,Emily,Smith,Female,1981-06-15,England,07/12/2021
CUST10997,Jennifer,Roberts,Female,2006-10-11,England,21/01/2024
CUST10998,William,Robinson,Male,1956-03-23,England,28/02/2024
CUST10999,Linda,Davies,Male,1996-10-05,England,07/02/2023
CUST11000,James,Wilson,Female,2006-11-12,England,05/01/2025
CUST11001,David,Walker,Male,1986-06-07,England,27/08/2023
CUST11002,David,Thompson,Male,2001-12-19,England,18/12/2021
CUST11003,Karen,Davies,Male,2001-11-08,England,28/03/2023
CUST11004,Olivia,Taylor,Female,1981-10-09,England,02/07/2023
CUST11005,Olivia,Robinson,Female,1991-05-05,England,06/07/2023
CUST11006,Michael,Jones,Female,1966-04-24,England,04/03/2022
CUST11007,Mary,Taylor,Female,1991-11-06,England,26/01/2024
CUST11008,Patricia,Smith,Male,1976-06-24,England,01/02/2025
CUST11009,Susan,Walker,Female,1986-01-25,England,31/12/2023
CUST11010,Mary,Thompson,Male,1981-09-27,England,14/01/2025
CUST11011,Oliver,Taylor,Male,1981-05-10,England,18/12/2022
CUST11012,Karen,Taylor,Male,1986-12-18,England,27/04/2023
CUST11013,Richard,Brown,Female,1961-11-23,England,21/07/2023
CUST11014,Robert,Brown,Male,1991-02-03,Scotland,28/09/2024
CUST11015,Charles,Thompson,Female,2001-11-02,England,01/05/2022
CUST11016,James,Taylor,Female,1981-12-06,Scotland,17/08/2024
CUST11017,George,Davies,Male,1971-10-27,England,28/03/2023
CUST11018,Thomas,Wright,Female,2006-04-03,England,22/01/2023
CUST11019,John,Smith,Male,1986-09-21,England,28/01/2024
CUST11020,Barbara,Robinson,Female,1966-11-23,England,22/08/2022
CUST11021,Susan,Johnson,Female,1976-10-25,England,27/11/2021
CUST11022,Isla,Walker,Male,1956-06-15,England,09/09/2024
CUST11023,Karen,White,Female,1986-09-15,England,10/04/2022
CUST11024,Barbara,Evans,Female,1981-05-21,England,29/10/2022
CUST11025,Susan,Jones,Male,1991-04-18,England,21/12/2021
CUST11026,Patricia,Evans,Female,1961-09-22,Scotland,04/03/2022
CUST11027,William,Roberts,Male,1991-06-10,England,31/08/2022
CUST11028,Olivia,Wright,Female,1976-03-26,England,26/11/2023
CUST11029,William,Walker,Female,1991-08-12,England,18/04/2022
CUST11030,Patricia,Williams,Female,1986-04-07,England,05/06/2024
CUST11031,Olivia,Wright,Female,1976-08-21,Northern Ireland,29/12/2021
CUST11032,Charles,Evans,Male,1986-05-17,England,31/07/2022
CUST11033,Emily,Williams,Female,1966-11-02,England,02/05/2024
CUST11034,Elizabeth,Jones,Female,1991-11-05,England,01/10/2022
CUST11035,Charles,Johnson,Male,1981-06-01,England,03/10/2024
CUST11036,Jennifer,Smith,Female,1991-09-16,England,24/01/2022
CUST11037,Susan,Wright,Female,1991-03-24,Scotland,16/04/2023
CUST11038,Noah,Walker,Female,1986-12-09,England,16/04/2023
CUST11039,William,Wilson,Female,2001-03-03,England,17/04/2023
CUST11040,Elizabeth,Robinson,Male,2001-11-23,England,28/07/2022
CUST11041,Barbara,Evans,Male,1981-11-20,Scotland,07/08/2021
CUST11042,Emily,Jones,Male,1981-03-15,Scotland,31/12/2021
CUST11043,Sarah,Roberts,Female,1981-01-06,England,14/09/2021
CUST11044,James,Brown,Male,2006-09-19,England,20/12/2021
CUST11045,Elizabeth,Roberts,Male,1991-11-10,England,09/10/2022
CUST11046,Jack,Thompson,Female,1996-09-07,Scotland,10/02/2024
CUST11047,Jack,Robinson,Male,1976-01-08,England,24/08/2023
CUST11048,Robert,Davies,Male,1971-08-02,England,19/06/2022
CUST11049,Thomas,Smith,Female,1996-05-14,England,27/08/2022
CUST11050,Emily,Walker,Male,1981-11-21,Scotland,26/09/2021
CUST11051,Linda,Taylor,Male,2001-10-23,England,19/05/2022
CUST11052,George,Thompson,Male,1996-10-20,England,29/10/2022
CUST11053,George,Johnson,Female,2001-05-24,Scotland,10/08/2021
CUST11054,George,Wilson,Male,1996-04-27,England,21/02/2023
CUST11055,Michael,Wilson,Female,1981-10-06,England,17/08/2023
CUST11056,Thomas,Johnson,Female,1966-02-12,England,13/11/2021
CUST11057,Isla,Roberts,Female,1996-02-10,England,19/10/2023
CUST11058,Jennifer,Wright,Male,1986-01-19,England,30/06/2022
CUST11059,Susan,Taylor,Male,1976-07-23,England,22/09/2022
CUST11060,Michael,Williams,Male,1961-01-25,England,15/04/2022
CUST11061,Elizabeth,Robinson,Female,1981-07-03,England,29/10/2021
CUST11062,Isla,Davies,Female,1996-03-14,England,05/01/2024
CUST11063,Robert,Robinson,Male,1981-11-04,England,20/01/2024
CUST11064,Mary,Williams,Female,1991-06-09,England,22/10/2024
CUST11065,Olivia,Robinson,Female,1961-02-13,England,20/05/2024
CUST11066,William,Williams,Male,1991-09-17,England,11/02/2025
CUST11067,Karen,Wright,Male,1981-05-22,Wales,31/05/2024
CUST11068,Olivia,Johnson,Female,2006-04-27,England,07/03/2024
CUST11069,Jessica,Evans,Male,1991-08-10,Northern Ireland,07/04/2024
CUST11070,Mary,Smith,Male,1971-12-16,England,09/03/2023
CUST11071,John,Evans,Female,1981-12-02,England,23/04/2022
CUST11072,Oliver,Evans,Male,1986-06-04,England,21/09/2021
CUST11073,Patricia,Roberts,Female,1966-11-27,Scotland,31/07/2022
CUST11074,Susan,Brown,Male,1971-03-26,England,17/06/2024
CUST11075,George,Williams,Male,1991-11-26,England,16/11/2024
CUST11076,Linda,Roberts,Male,1986-12-08,England,08/11/2024
CUST11077,Jack,Wilson,Male,1986-07-18,England,23/05/2022
CUST11078,John,Thompson,Male,1981-07-07,England,03/03/2024
CUST11079,Barbara,Wright,Female,1991-07-19,Scotland,12/08/2021
CUST11080,Jennifer,Smith,Female,1996-01-14,England,01/02/2022
CUST11081,Harry,Williams,Female,1966-11-26,England,20/06/2022
CUST11082,Olivia,White,Female,1966-09-11,England,13/10/2022
CUST11083,John,Evans,Female,1971-11-18,England,19/10/2022
CUST11084,Harry,Walker,Female,1961-02-18,Scotland,09/10/2021
CUST11085,Harry,Evans,Female,1976-10-22,England,27/05/2022
CUST11086,Isla,Brown,Female,1976-05-02,England,08/02/2022
CUST11087,Karen,Davies,Male,1976-10-13,England,08/10/2022
CUST11088,Linda,Robinson,Female,1986-12-13,England,07/08/2023
CUST11089,Susan,Wright,Female,1986-11-07,England,29/07/2024
CUST11090,Charles,Johnson,Male,1996-11-22,Scotland,19/02/2025
CUST11091,Michael,Thompson,Female,1981-02-23,England,22/03/2022
CUST11092,Emily,Walker,Male,1996-04-03,England,29/09/2021
CUST11093,Linda,Smith,Female,1996-04-19,England,24/10/2024
CUST11094,Oliver,Roberts,Female,1981-07-24,England,03/10/2021
CUST11095,Joseph,White,Male,1991-12-08,England,24/11/2021
CUST11096,Oliver,Johnson,Male,1996-09-18,England,09/02/2023
CUST11097,David,Thompson,Male,1971-07-17,England,30/06/2024
CUST11098,Sarah,Thompson,Male,1971-10-01,England,07/08/2023
CUST11099,Elizabeth,Roberts,Male,2001-03-23,England,06/04/2024
CUST11100,John,Johnson,Female,2006-08-21,England,27/12/2024
CUST11101,Mary,Roberts,Female,1991-07-08,England,05/03/2024
CUST11102,George,Robinson,Female,1976-03-09,England,18/12/2024
CUST11103,Barbara,Robinson,Male,1971-08-21,England,15/04/2024
CUST11104,John,Jones,Male,2001-11-22,England,04/11/2022
CUST11105,John,Taylor,Male,1976-10-02,England,10/01/2025
CUST11106,James,Thompson,Male,2001-11-10,England,17/02/2022
CUST11107,Mary,Davies,Male,1991-10-17,Scotland,05/09/2023
CUST11108,Isla,Wright,Male,1956-06-04,England,31/05/2022
CUST11109,Robert,Williams,Female,1996-01-27,England,14/06/2022
CUST11110,Thomas,Roberts,Male,2001-12-06,England,08/02/2025
CUST11111,Emily,Taylor,Female,1991-06-24,England,04/12/2022
CUST11112,Michael,Williams,Male,1981-08-02,England,05/05/2023
CUST11113,Olivia,Davies,Female,1966-01-24,England,17/04/2023
CUST11114,Harry,Robinson,Female,1956-11-02,Scotland,29/05/2023
CUST11115,Sarah,Smith,Male,2006-11-19,England,18/02/2025
CUST11116,Harry,Wilson,Female,2001-12-10,England,28/06/2024
CUST11117,James,White,Male,1976-03-13,England,09/04/2023
CUST11118,Olivia,White,Male,1996-11-03,England,14/10/2024
CUST11119,Sarah,Jones,Male,1966-08-19,England,05/07/2024
CUST11120,Michael,Taylor,Male,1981-02-17,England,20/04/2024
CUST11121,James,Williams,Male,2001-07-09,England,01/05/2024
CUST11122,Joseph,Roberts,Male,1971-06-13,England,21/08/2021
CUST11123,Olivia,Taylor,Male,2001-08-15,England,10/05/2024
CUST11124,Charles,Roberts,Male,1991-02-19,Scotland,28/01/2022
CUST11125,Charles,Wright,Female,1986-07-15,England,02/09/2024
CUST11126,Elizabeth,Robinson,Male,1986-09-02,England,15/01/2025
CUST11127,David,Davies,Male,1981-09-15,Scotland,08/03/2022
CUST11128,George,Smith,Female,1981-10-10,England,04/10/2024
CUST11129,Barbara,Smith,Female,1956-08-12,England,21/12/2022
CUST11130,Noah,Roberts,Male,1956-09-11,England,11/11/2023
CUST11131,Noah,Walker,Female,1986-02-10,England,16/11/2023
CUST11132,Isla,Smith,Female,2001-10-07,England,25/03/2023
CUST11133,Harry,Johnson,Female,1976-05-09,England,31/01/2022
CUST11134,Olivia,Walker,Male,1961-07-20,England,02/06/2023
CUST11135,Linda,Johnson,Male,1991-07-07,Wales,02/09/2021
CUST11136,Richard,Jones,Female,1986-12-21,England,07/11/2022
CUST11137,Robert,Wright,Female,1991-04-12,England,16/09/2022
CUST11138,Mary,Jones,Male,2006-05-17,Scotland,17/04/2022
CUST11139,Noah,Wilson,Female,1981-10-04,Scotland,15/11/2023
CUST11140,Elizabeth,Robinson,Male,1991-08-06,England,24/10/2023
CUST11141,Mary,Evans,Female,1976-04-25,England,24/04/2024
CUST11142,Jessica,Brown,Female,1971-05-23,England,11/01/2024
CUST11143,Barbara,Wright,Female,1971-10-02,England,07/04/2022
CUST11144,Olivia,Thompson,Female,1991-11-25,England,19/04/2022
CUST11145,Jessica,White,Male,1991-02-23,England,08/11/2023
CUST11146,Amelia,Thompson,Male,1976-05-04,England,26/11/2023
CUST11147,Olivia,Robinson,Male,1971-10-07,England,05/08/2024
CUST11148,Richard,Williams,Female,1986-02-05,Northern Ireland,23/12/2021
CUST11149,Thomas,Wright,Female,1966-03-24,England,13/06/2023
CUST11150,Thomas,Johnson,Female,2001-02-24,England,09/02/2023
CUST11151,Thomas,Wilson,Male,1971-07-20,England,10/05/2023
CUST11152,Amelia,Robinson,Male,2001-06-07,England,23/01/2025
CUST11153,Patricia,Davies,Female,2001-04-25,England,16/11/2021
CUST11154,Patricia,White,Male,1986-02-23,England,03/07/2024
CUST11155,Oliver,Wilson,Male,2006-08-24,Northern Ireland,21/09/2021
CUST11156,James,Johnson,Female,2006-10-10,England,11/11/2021
CUST11157,David,Thompson,Female,2006-03-19,England,22/11/2024
CUST11158,Oliver,White,Male,1986-08-19,England,02/09/2023
CUST11159,Thomas,Taylor,Female,1976-10-05,England,29/03/2024
CUST11160,Isla,Roberts,Female,2006-07-16,Northern Ireland,07/01/2024
CUST11161,Elizabeth,Walker,Female,1981-07-15,England,15/09/2024
CUST11162,Jennifer,Walker,Male,1971-03-16,England,01/04/2024
CUST11163,Olivia,Taylor,Male,2001-12-10,England,09/06/2023
CUST11164,Linda,Smith,Male,2001-12-19,Northern Ireland,05/01/2023
CUST11165,Susan,Brown,Female,1971-09-24,England,29/04/2022
CUST11166,George,Johnson,Female,1971-11-17,England,11/04/2022
CUST11167,Patricia,Walker,Male,1986-08-24,Northern Ireland,16/04/2022
CUST11168,Patricia,Davies,Female,1971-08-21,England,10/11/2024
CUST11169,Barbara,Brown,Female,2001-10-09,England,04/07/2023
CUST11170,Jack,Davies,Female,1991-01-20,England,17/07/2024
CUST11171,John,Robinson,Female,1976-03-19,England,10/07/2022
CUST11172,Jack,Robinson,Female,1996-03-26,England,04/09/2024
CUST11173,Harry,Jones,Female,1976-08-10,England,07/12/2022
CUST11174,Sarah,Johnson,Female,1986-03-05,England,28/04/2024
CUST11175,David,Walker,Male,1976-05-19,England,16/11/2023
CUST11176,Emily,Taylor,Female,1986-06-18,England,20/05/2024
CUST11177,Olivia,Davies,Female,1991-09-17,England,11/09/2023
CUST11178,Jennifer,Walker,Male,1996-07-20,England,17/02/2023
CUST11179,David,Johnson,Male,1996-01-14,England,01/02/2025
CUST11180,Charles,Walker,Male,1976-09-01,England,20/12/2022
CUST11181,Amelia,Taylor,Male,2001-06-24,England,15/07/2024
CUST11182,Noah,Williams,Female,2001-02-08,England,14/09/2023
CUST11183,Richard,Johnson,Male,2001-08-07,England,03/06/2024
CUST11184,Thomas,Brown,Female,2001-04-22,England,12/10/2023
CUST11185,Olivia,Roberts,Female,1971-06-22,England,09/02/2024
CUST11186,Emily,Taylor,Male,1991-12-14,England,11/03/2023
CUST11187,Jennifer,Wilson,Male,1956-03-19,England,03/05/2024
CUST11188,Olivia,Evans,Male,2001-11-03,England,03/11/2022
CUST11189,Amelia,Thompson,Male,1981-06-08,England,25/12/2023
CUST11190,Jack,Evans,Male,1986-12-07,England,17/08/2021
CUST11191,Susan,Robinson,Female,1991-11-12,Scotland,23/02/2024
CUST11192,Michael,Robinson,Female,1971-10-10,England,05/02/2022
CUST11193,Isla,Wilson,Female,1961-03-02,England,29/09/2022
CUST11194,Mary,Robinson,Female,1971-10-19,Scotland,26/11/2021
CUST11195,Jennifer,Taylor,Male,1996-05-17,England,06/07/2023
CUST11196,Richard,Johnson,Male,1996-11-11,Scotland,20/05/2023
CUST11197,Thomas,Walker,Male,1981-12-24,England,26/01/2024
CUST11198,Susan,Brown,Male,1996-08-10,Wales,30/01/2023
CUST11199,Mary,Brown,Female,1976-11-04,England,07/09/2022
CUST11200,Robert,Roberts,Male,1986-07-23,Northern Ireland,30/06/2024
CUST11201,Sarah,Robinson,Female,1986-01-04,England,06/09/2024
CUST11202,Susan,Taylor,Male,1971-11-02,England,24/02/2024
CUST11203,Robert,Wilson,Male,1976-07-13,Scotland,14/04/2023
CUST11204,Richard,Brown,Female,2006-01-16,Northern Ireland,01/01/2025
CUST11205,George,Walker,Female,2006-01-08,Wales,11/06/2024
CUST11206,Amelia,Johnson,Female,1981-09-23,England,17/07/2023
CUST11207,Olivia,Williams,Female,1986-12-08,England,11/04/2024
CUST11208,Olivia,Walker,Female,1996-09-27,England,12/03/2023
CUST11209,Patricia,Robinson,Male,1991-06-18,England,16/10/2023
CUST11210,George,Jones,Female,1976-04-05,England,22/05/2024
CUST11211,Michael,Walker,Male,1971-06-12,England,16/02/2023
CUST11212,David,Johnson,Male,1986-04-03,England,14/03/2023
CUST11213,Michael,Wright,Female,1991-04-23,England,26/12/2024
CUST11214,Susan,Wilson,Male,1996-02-18,England,29/09/2021
CUST11215,Elizabeth,White,Male,1986-07-12,England,18/08/2021
CUST11216,Amelia,Jones,Male,1991-03-19,England,29/06/2023
CUST11217,Joseph,Evans,Female,1986-02-17,England,26/04/2022
CUST11218,Olivia,Smith,Female,1981-04-17,England,09/11/2021
CUST11219,Noah,Thompson,Female,2006-10-11,Wales,07/01/2025
CUST11220,Linda,Wright,Male,2006-07-10,England,12/04/2024
CUST11221,Barbara,Wright,Male,1996-06-07,England,15/09/2023
CUST11222,Patricia,Brown,Male,1966-08-22,England,02/02/2022
CUST11223,Linda,Wilson,Female,1981-07-13,England,12/01/2024
CUST11224,Isla,Taylor,Male,2001-06-13,England,28/11/2022
CUST11225,Karen,Evans,Male,1966-11-20,England,13/01/2022
CUST11226,Michael,Jones,Male,1986-09-15,England,26/12/2023
CUST11227,George,Wilson,Male,1986-03-26,England,13/01/2024
CUST11228,Susan,Williams,Female,1966-10-07,England,09/06/2022
CUST11229,Oliver,Wright,Male,2006-03-02,England,07/12/2023
CUST11230,David,Williams,Male,1996-01-12,Wales,30/05/2022
CUST11231,Harry,Taylor,Male,1981-06-15,Wales,02/11/2021
CUST11232,Thomas,Thompson,Male,1996-05-23,England,06/04/2023
CUST11233,Charles,Jones,Male,1981-10-18,England,06/02/2025
CUST11234,Noah,Smith,Male,1996-09-26,England,13/03/2024
CUST11235,Michael,Evans,Female,2001-01-03,England,18/07/2022
CUST11236,Joseph,Smith,Female,1996-06-15,England,21/06/2024
CUST11237,Harry,Williams,Female,1991-10-23,England,28/08/2021
CUST11238,Jack,Wright,Female,2001-09-14,Scotland,03/02/2023
CUST11239,Joseph,Davies,Female,2001-07-08,England,07/09/2022
CUST11240,James,Jones,Female,1971-08-21,England,12/04/2024
CUST11241,Richard,Wright,Male,1991-07-24,Wales,04/03/2023
CUST11242,Robert,Wright,Female,1991-03-07,England,29/08/2023
CUST11243,Robert,Roberts,Female,2006-07-15,England,01/12/2024
CUST11244,Michael,Roberts,Female,1991-09-22,England,15/10/2022
CUST11245,Amelia,White,Male,1996-01-05,England,05/11/2021
CUST11246,Harry,White,Female,1981-09-01,England,15/12/2022
CUST11247,Olivia,Evans,Male,1996-03-20,England,05/12/2021
CUST11248,James,Davies,Male,1966-01-21,England,15/05/2023
CUST11249,Jack,Taylor,Male,1966-10-05,England,17/09/2021
CUST11250,Barbara,Wright,Male,2001-05-17,England,09/04/2023
CUST11251,Joseph,Roberts,Female,2001-05-20,England,16/08/2021
CUST11252,Robert,Johnson,Male,2001-08-26,England,25/01/2023
CUST11253,Olivia,Roberts,Male,1981-07-22,Wales,28/02/2022
CUST11254,Olivia,Evans,Male,2001-08-06,Wales,11/10/2024
CUST11255,Barbara,Roberts,Female,1971-12-16,England,07/01/2024
CUST11256,Susan,Wright,Male,1976-08-20,England,20/04/2024
CUST11257,Charles,Evans,Male,1971-01-08,England,15/12/2024
CUST11258,Elizabeth,White,Female,1986-03-05,England,01/08/2023
CUST11259,William,White,Female,1956-06-12,England,22/07/2023
CUST11260,James,Jones,Female,2006-06-20,England,25/02/2023
CUST11261,Charles,Williams,Female,1991-05-15,England,09/11/2022
CUST11262,William,White,Female,1991-03-17,England,31/12/2021
CUST11263,Oliver,Robinson,Male,1961-02-18,England,23/07/2022
CUST11264,William,Williams,Female,1981-02-26,England,24/01/2024
CUST11265,Robert,Smith,Male,1971-12-18,England,20/09/2024
CUST11266,Oliver,Thompson,Male,2001-05-04,England,24/03/2022
CUST11267,Susan,Evans,Female,1961-12-11,England,28/10/2021
CUST11268,Jack,Taylor,Female,1986-05-05,England,16/02/2023
CUST11269,Oliver,Brown,Female,1986-04-21,England,15/12/2023
CUST11270,Isla,Walker,Female,1961-06-27,England,10/08/2023
CUST11271,Jack,Wilson,Male,1991-12-21,Northern Ireland,04/07/2023
CUST11272,Jack,Davies,Female,1991-07-07,England,28/06/2023
CUST11273,Barbara,Thompson,Female,1981-01-19,England,01/08/2024
CUST11274,Noah,Wilson,Female,2001-04-01,England,04/09/2023
CUST11275,Robert,Brown,Female,1991-12-08,England,18/08/2023
CUST11276,Sarah,Wright,Female,1996-02-09,England,02/09/2024
CUST11277,John,Johnson,Male,2001-11-13,England,13/12/2023
CUST11278,Thomas,Wright,Male,1971-12-09,Wales,23/08/2023
CUST11279,Richard,White,Male,1981-03-12,England,31/10/2022
CUST11280,Susan,Smith,Female,1991-07-01,England,08/07/2024
CUST11281,Emily,Wright,Female,1991-08-23,England,10/12/2024
CUST11282,Joseph,Roberts,Male,1986-10-11,England,25/10/2023
CUST11283,Jack,Brown,Female,1981-10-22,England,09/02/2024
CUST11284,Michael,Jones,Male,1966-01-02,England,11/06/2024
CUST11285,Noah,Roberts,Male,1966-04-24,Wales,15/08/2022
CUST11286,Jack,Wilson,Male,1991-12-17,Wales,19/11/2021
CUST11287,Jack,Walker,Male,1991-05-07,England,22/11/2023
CUST11288,George,Johnson,Female,1986-03-21,England,30/04/2022
CUST11289,Michael,Williams,Male,1986-08-21,England,26/07/2022
CUST11290,William,Robinson,Female,1986-03-20,England,29/08/2023
CUST11291,Jessica,Brown,Female,1981-02-24,Scotland,25/06/2022
CUST11292,Emily,Johnson,Male,1986-10-26,England,09/02/2024
CUST11293,Noah,White,Male,1991-02-05,England,29/01/2025
CUST11294,Thomas,Williams,Female,1991-11-08,Scotland,04/10/2022
CUST11295,William,Wright,Male,1991-03-02,England,11/06/2022
CUST11296,John,White,Male,2001-02-02,Northern Ireland,16/06/2023
CUST11297,Michael,Evans,Female,2001-09-03,England,24/12/2024
CUST11298,John,Robinson,Female,1976-03-19,England,22/08/2021
CUST11299,Jessica,Roberts,Male,1991-05-17,England,04/03/2022
CUST11300,Karen,Williams,Male,1996-05-01,England,03/10/2021
CUST11301,Noah,Thompson,Male,1986-07-12,England,07/07/2023
CUST11302,Mary,Jones,Male,1976-06-03,Northern Ireland,11/04/2023
CUST11303,James,Evans,Male,1996-03-06,England,09/07/2024
CUST11304,David,Roberts,Male,1971-03-02,England,15/12/2022
CUST11305,Jennifer,Taylor,Male,1966-03-15,England,26/09/2021
CUST11306,Harry,Robinson,Male,1981-01-03,England,15/05/2023
CUST11307,Olivia,Taylor,Female,1981-08-22,England,17/06/2024
CUST11308,Michael,Johnson,Female,2006-06-26,England,26/05/2024
CUST11309,Michael,Taylor,Female,1961-02-24,Wales,10/02/2022
CUST11310,George,Taylor,Female,1991-04-23,England,24/12/2021
CUST11311,Noah,Wright,Female,1966-09-21,England,12/08/2021
CUST11312,Amelia,Roberts,Male,1981-04-25,England,16/11/2024
CUST11313,Mary,Evans,Male,2006-05-24,England,07/02/2022
CUST11314,Olivia,Davies,Female,2006-09-06,England,08/05/2022
CUST11315,Mary,Wilson,Female,1981-09-17,England,22/02/2023
CUST11316,William,Jones,Female,1986-09-09,England,05/10/2022
CUST11317,Susan,Smith,Male,2006-05-23,England,30/10/2022
CUST11318,Patricia,Roberts,Female,1976-06-01,England,27/10/2024
CUST11319,Jessica,Davies,Male,1971-11-12,England,05/12/2023
CUST11320,Thomas,Johnson,Male,1986-11-11,England,03/03/2023
CUST11321,Robert,Johnson,Male,1986-01-24,England,09/10/2023
CUST11322,Robert,Williams,Female,2006-11-08,England,12/10/2023
CUST11323,Olivia,Thompson,Female,1976-11-25,England,19/06/2022
CUST11324,Olivia,White,Male,1991-12-14,England,15/09/2021
CUST11325,Mary,Williams,Female,1971-04-19,England,27/10/2023
CUST11326,Barbara,Evans,Female,1991-07-15,Wales,21/07/2023
CUST11327,George,Evans,Female,1986-01-12,England,03/09/2023
CUST11328,Jessica,Johnson,Male,1996-02-09,England,23/08/2024
CUST11329,Mary,Wilson,Male,2001-07-08,England,10/10/2021
CUST11330,Harry,Walker,Male,1976-03-18,England,17/02/2024
CUST11331,Jessica,Brown,Female,1986-03-09,England,21/10/2021
CUST11332,Oliver,White,Female,1986-04-24,England,18/02/2025
CUST11333,Jennifer,Johnson,Female,1961-06-04,England,15/03/2022
CUST11334,Oliver,Walker,Male,1961-02-06,England,29/01/2025
CUST11335,John,Roberts,Female,1971-10-02,England,25/06/2024
CUST11336,Michael,Walker,Female,1996-09-24,England,13/09/2023
CUST11337,Emily,Robinson,Female,1981-10-12,England,06/11/2021
CUST11338,Joseph,Evans,Male,1971-12-01,Northern Ireland,11/02/2023
CUST11339,Oliver,Wright,Female,1991-08-02,Scotland,18/09/2023
CUST11340,Jessica,Taylor,Male,2001-05-25,England,10/04/2023
CUST11341,Richard,Thompson,Female,1971-12-24,England,10/06/2022
CUST11342,James,Walker,Male,1986-07-08,Wales,19/08/2023
CUST11343,Barbara,Wilson,Female,1986-06-18,England,04/01/2024
CUST11344,Joseph,Evans,Male,1956-05-07,England,24/04/2023
CUST11345,Richard,Evans,Female,1981-01-23,England,20/02/2024
CUST11346,Emily,White,Male,1991-12-20,England,23/08/2021
CUST11347,Joseph,White,Male,1991-10-12,England,03/11/2023
CUST11348,Isla,Taylor,Female,1991-09-26,England,09/08/2021
CUST11349,Amelia,Smith,Female,2001-03-07,England,23/10/2023
CUST11350,Michael,Johnson,Female,1976-12-27,England,16/01/2025
CUST11351,Joseph,Davies,Male,1971-03-08,England,31/10/2023
CUST11352,Richard,Davies,Male,1996-03-24,England,03/12/2024
CUST11353,George,Walker,Male,1991-01-24,England,24/09/2021
CUST11354,Elizabeth,Jones,Male,1971-04-16,Scotland,19/10/2021
CUST11355,Elizabeth,Robinson,Female,2006-04-04,England,28/09/2024
CUST11356,James,Brown,Female,1986-10-21,England,22/10/2023
CUST11357,David,Walker,Male,1986-04-19,England,15/02/2024
CUST11358,Amelia,Roberts,Male,1976-12-24,England,08/08/2021
CUST11359,Harry,Taylor,Male,2001-04-07,England,04/11/2022
CUST11360,Isla,Smith,Female,1981-07-07,England,23/11/2023
CUST11361,Sarah,Roberts,Male,1991-08-10,England,28/02/2022
CUST11362,Barbara,Davies,Male,1981-10-10,England,29/03/2023
CUST11363,Emily,White,Female,2006-10-01,England,10/07/2023
CUST11364,Oliver,Robinson,Male,1986-11-05,England,17/03/2023
CUST11365,Charles,Wright,Female,1986-12-13,England,24/06/2024
CUST11366,Isla,Evans,Male,1996-02-27,Northern Ireland,07/08/2021
CUST11367,Jack,Robinson,Female,2001-02-04,England,06/06/2024
CUST11368,Susan,Thompson,Female,1996-06-07,England,09/10/2022
CUST11369,Emily,Johnson,Male,1991-02-24,Scotland,09/02/2025
CUST11370,David,Jones,Female,2001-06-02,England,11/05/2024
CUST11371,Harry,Williams,Female,1961-08-03,England,27/09/2024
CUST11372,James,Robinson,Female,1991-04-25,England,22/11/2022
CUST11373,Sarah,Walker,Female,1971-02-07,Northern Ireland,27/05/2023
CUST11374,William,Wilson,Female,1961-12-09,England,12/03/2022
CUST11375,Richard,Wilson,Male,2001-05-01,England,30/09/2023
CUST11376,Isla,Smith,Female,1981-11-11,England,04/02/2022
CUST11377,Olivia,Taylor,Male,1971-08-27,England,19/01/2024
CUST11378,Susan,Evans,Female,1981-08-27,Scotland,18/09/2024
CUST11379,Harry,Thompson,Female,1991-10-18,England,21/04/2022
CUST11380,Olivia,Johnson,Male,1986-04-19,England,05/12/2021
CUST11381,Harry,Thompson,Male,2006-03-18,England,21/02/2024
CUST11382,David,Taylor,Male,1986-12-19,England,14/11/2022
CUST11383,Karen,Evans,Male,1956-09-15,England,16/08/2023
CUST11384,Mary,Evans,Female,1961-04-06,Scotland,29/03/2022
CUST11385,Robert,Walker,Female,2006-08-24,England,04/09/2023
CUST11386,Mary,Williams,Male,1976-05-24,England,12/10/2024
CUST11387,Robert,Smith,Male,1991-11-04,England,04/04/2022
CUST11388,Joseph,Taylor,Female,1966-07-03,England,09/01/2025
CUST11389,Noah,Brown,Male,2006-04-22,England,17/12/2023
CUST11390,George,Smith,Female,1966-09-02,Wales,10/03/2023
CUST11391,Elizabeth,White,Female,1971-10-22,England,22/09/2023
CUST11392,Isla,Taylor,Female,2001-05-27,England,10/09/2024
CUST11393,Olivia,White,Female,2006-10-01,England,29/05/2022
CUST11394,Olivia,Thompson,Male,1971-03-22,England,05/05/2022
CUST11395,Susan,Taylor,Male,2001-03-04,England,30/04/2023
CUST11396,Patricia,Walker,Male,1986-10-08,England,09/05/2023
CUST11397,Harry,White,Male,1966-08-15,England,22/05/2024
CUST11398,Jack,Walker,Female,1986-01-19,England,02/03/2024
CUST11399,Richard,Walker,Female,1991-09-03,England,27/08/2022
CUST11400,Oliver,Williams,Female,1986-04-03,England,18/12/2024
CUST11401,Susan,White,Female,2006-04-08,England,28/05/2024
CUST11402,David,Walker,Female,1961-06-19,England,07/07/2024
CUST11403,Emily,Brown,Male,1991-06-11,England,25/01/2024
CUST11404,Patricia,Smith,Female,1996-11-08,England,05/04/2024
CUST11405,Olivia,Brown,Female,1996-06-05,England,22/07/2023
CUST11406,George,Wright,Male,1961-04-27,England,07/05/2024
CUST11407,Mary,Robinson,Male,2001-10-20,England,30/04/2022
CUST11408,Amelia,Brown,Female,1971-07-27,England,10/01/2022
CUST11409,Barbara,Taylor,Male,1976-01-14,England,28/04/2024
CUST11410,Amelia,Thompson,Female,1971-08-23,England,27/02/2022
CUST11411,George,Thompson,Female,1961-07-18,England,22/07/2024
CUST11412,Oliver,Brown,Female,1971-07-15,England,22/07/2024
CUST11413,Richard,Smith,Male,1961-03-13,England,03/10/2022
CUST11414,Charles,Smith,Female,2001-06-14,England,23/01/2023
CUST11415,John,Roberts,Female,1976-08-12,England,10/09/2024
CUST11416,Jessica,Walker,Male,1986-09-18,England,10/10/2021
CUST11417,Noah,Smith,Female,1986-09-14,England,15/06/2022
CUST11418,Richard,Davies,Male,1966-12-27,England,31/03/2023
CUST11419,Barbara,Johnson,Female,1961-07-25,England,02/09/2024
CUST11420,Robert,Thompson,Male,1976-06-13,England,13/11/2023
CUST11421,James,Williams,Male,1986-07-11,England,18/04/2022
CUST11422,Karen,Johnson,Male,1986-04-21,England,05/12/2022
CUST11423,Joseph,Johnson,Male,1991-04-18,England,15/04/2024
CUST11424,Jack,Wright,Female,1991-09-07,England,12/03/2022
CUST11425,Barbara,Smith,Female,1991-04-23,England,02/12/2022
CUST11426,David,Jones,Male,2001-09-19,England,28/04/2024
CUST11427,Karen,Jones,Male,2006-09-17,England,09/02/2025
CUST11428,Jack,Walker,Female,1976-12-22,England,16/10/2023
CUST11429,Elizabeth,Brown,Female,1986-02-07,England,26/01/2025
CUST11430,Linda,Williams,Male,1966-05-22,England,15/07/2022
CUST11431,Elizabeth,Johnson,Female,1981-10-04,England,08/07/2022
CUST11432,Charles,Robinson,Male,2006-06-22,England,09/02/2025
CUST11433,Linda,Roberts,Male,2001-08-16,England,11/12/2022
CUST11434,Oliver,Johnson,Male,1996-09-16,England,04/02/2023
CUST11435,Patricia,Williams,Male,1961-11-20,England,22/06/2023
CUST11436,Olivia,Roberts,Female,1996-03-09,England,31/07/2024
CUST11437,Michael,Wright,Female,1986-04-21,England,06/01/2023
CUST11438,Susan,Thompson,Male,1966-06-01,England,22/09/2024
CUST11439,Thomas,Robinson,Male,1961-07-19,England,03/04/2022
CUST11440,James,Taylor,Female,1996-11-22,England,27/07/2023
CUST11441,Michael,Johnson,Male,2006-01-01,England,11/02/2022
CUST11442,Jack,Davies,Female,2001-03-19,Wales,03/03/2022
CUST11443,James,Wright,Male,2006-11-21,England,15/07/2023
CUST11444,Mary,Roberts,Male,1996-08-15,England,12/01/2024
CUST11445,Jessica,Smith,Male,1986-09-17,England,22/12/2024
CUST11446,David,Wilson,Female,1966-03-02,England,23/08/2024
CUST11447,Barbara,Taylor,Male,1986-08-27,England,29/01/2025
CUST11448,David,Davies,Female,1981-05-27,England,01/01/2023
CUST11449,Harry,Johnson,Female,1996-09-21,Scotland,17/06/2023
CUST11450,Thomas,Brown,Female,1971-02-01,England,01/11/2022
CUST11451,Jennifer,Brown,Female,1981-04-12,England,22/12/2022
CUST11452,Oliver,Smith,Female,1971-08-23,Scotland,03/06/2023
CUST11453,Olivia,Williams,Male,1961-08-19,England,10/09/2022
CUST11454,Jennifer,White,Male,1991-11-25,Scotland,23/12/2024
CUST11455,Olivia,Jones,Male,2001-10-17,England,22/06/2022
CUST11456,Jennifer,Davies,Male,1996-01-20,England,26/10/2021
CUST11457,Jessica,Taylor,Female,1986-02-10,Northern Ireland,11/12/2024
CUST11458,Charles,Roberts,Male,1961-05-22,Wales,06/05/2024
CUST11459,Patricia,Wilson,Female,1991-12-15,England,17/10/2023
CUST11460,Isla,Evans,Female,1976-06-22,England,29/11/2023
CUST11461,Isla,Thompson,Male,1986-11-06,England,16/06/2023
CUST11462,Richard,Brown,Male,1996-01-08,England,30/08/2022
CUST11463,Isla,Taylor,Female,1991-12-03,England,29/06/2024
CUST11464,Robert,Walker,Female,1981-01-19,England,09/02/2023
CUST11465,Noah,Smith,Female,1981-10-20,England,11/05/2022
CUST11466,Emily,Evans,Male,1986-11-08,England,18/05/2023
CUST11467,Jessica,Wright,Male,1996-04-11,England,04/04/2024
CUST11468,Oliver,Evans,Male,1976-04-16,England,13/02/2024
CUST11469,Joseph,Robinson,Female,2001-07-21,England,22/02/2025
CUST11470,Emily,Williams,Male,1966-09-09,England,02/04/2024
CUST11471,George,Roberts,Male,1996-02-14,England,16/11/2022
CUST11472,Olivia,Roberts,Male,2001-03-06,Wales,25/05/2023
CUST11473,Olivia,Taylor,Male,1986-10-22,England,09/08/2021
CUST11474,Elizabeth,Robinson,Male,1986-10-24,England,31/03/2024
CUST11475,Richard,Wilson,Male,1986-02-20,England,11/05/2024
CUST11476,Oliver,Davies,Male,1986-11-23,England,11/10/2022
CUST11477,Jack,Robinson,Female,1956-11-21,England,23/01/2022
CUST11478,Oliver,Davies,Male,1986-11-23,England,16/08/2021
CUST11479,Barbara,Evans,Male,1986-03-12,Wales,19/10/2021
CUST11480,Michael,Jones,Male,1991-09-06,England,16/09/2021
CUST11481,Patricia,Thompson,Female,2006-02-26,England,27/05/2023
CUST11482,Susan,Johnson,Female,1981-03-01,England,28/06/2023
CUST11483,Elizabeth,White,Male,1996-01-11,Northern Ireland,17/11/2021
CUST11484,James,Jones,Female,1981-06-20,England,24/06/2023
CUST11485,James,Johnson,Male,2006-09-22,England,04/09/2024
CUST11486,William,Roberts,Female,1956-03-19,England,31/03/2023
CUST11487,Susan,Robinson,Male,1986-03-14,England,29/09/2024
CUST11488,Joseph,Roberts,Female,1966-04-25,England,08/05/2022
CUST11489,Linda,Wright,Female,1986-03-07,England,25/01/2024
CUST11490,Jack,Wright,Male,2006-10-04,England,25/07/2024
CUST11491,Charles,Thompson,Female,1971-03-17,England,06/04/2024
CUST11492,Robert,Walker,Male,1981-04-09,England,27/04/2024
CUST11493,Emily,Davies,Female,1976-04-13,England,20/02/2022
CUST11494,Sarah,Wright,Male,1991-03-13,England,25/06/2024
CUST11495,Barbara,Taylor,Male,1981-12-08,Scotland,09/06/2022
CUST11496,James,Wilson,Female,1971-03-27,England,10/09/2023
CUST11497,Olivia,Thompson,Male,1981-06-11,England,28/08/2021
CUST11498,Amelia,Taylor,Female,1991-07-19,England,13/08/2022
CUST11499,James,Smith,Male,1981-04-05,England,20/11/2023
CUST11500,Sarah,Walker,Male,1981-06-27,Scotland,12/01/2022
CUST11501,Michael,Roberts,Male,1961-03-27,England,05/02/2024
CUST11502,Emily,Wright,Female,1991-06-02,England,07/08/2024
CUST11503,Elizabeth,Robinson,Male,1991-01-18,Northern Ireland,03/03/2022
CUST11504,Jack,Evans,Male,1971-06-17,England,10/06/2023
CUST11505,Oliver,Thompson,Female,1986-05-05,England,21/01/2025
CUST11506,David,Roberts,Female,1976-05-21,England,14/03/2024
CUST11507,James,Taylor,Male,1986-02-21,England,11/07/2022
CUST11508,Sarah,Taylor,Female,1996-12-23,England,11/02/2025
CUST11509,Patricia,Robinson,Female,1976-01-17,England,01/04/2022
CUST11510,Amelia,Thompson,Male,2001-02-20,Scotland,16/04/2022
CUST11511,Jessica,White,Male,1996-02-20,England,04/02/2025
CUST11512,Karen,Wright,Male,1981-12-21,Wales,03/10/2023
CUST11513,Isla,Johnson,Male,1976-04-16,England,03/02/2023
CUST11514,John,Walker,Female,1966-06-21,Wales,17/02/2025
CUST11515,Mary,Evans,Male,1996-10-02,England,09/08/2024
CUST11516,Richard,Evans,Male,2001-01-17,Northern Ireland,22/05/2023
CUST11517,Michael,Davies,Male,1961-01-06,England,10/08/2022
CUST11518,Elizabeth,Robinson,Female,2001-03-11,England,09/03/2023
CUST11519,David,Brown,Male,1996-09-21,England,24/11/2021
CUST11520,David,White,Female,1996-12-04,Northern Ireland,23/12/2022
CUST11521,Olivia,Smith,Female,1986-08-21,England,30/05/2024
CUST11522,Barbara,White,Male,1966-11-08,England,18/11/2023
CUST11523,Susan,Brown,Male,1976-11-21,England,31/01/2022
CUST11524,Noah,Smith,Female,1976-04-21,England,30/01/2022
CUST11525,Susan,Robinson,Male,2001-03-01,England,23/01/2022
CUST11526,Patricia,Smith,Female,1991-02-07,England,18/09/2022
CUST11527,Patricia,Johnson,Female,1986-10-22,England,11/04/2022
CUST11528,Mary,Johnson,Female,2001-09-10,England,26/10/2021
CUST11529,Barbara,Robinson,Male,1996-11-12,England,15/01/2025
CUST11530,Michael,Robinson,Female,1991-07-01,England,15/06/2022
CUST11531,Joseph,Johnson,Male,2001-12-19,England,07/04/2023
CUST11532,Sarah,Brown,Male,1986-11-03,England,15/12/2024
CUST11533,Olivia,Wilson,Female,1976-10-08,England,15/08/2023
CUST11534,Jessica,Roberts,Male,2006-10-13,England,06/10/2021
CUST11535,Robert,Robinson,Female,1986-02-21,England,07/04/2023
CUST11536,Amelia,Davies,Male,1976-09-14,England,27/02/2024
CUST11537,David,Davies,Female,1976-12-27,England,22/11/2024
CUST11538,Harry,Jones,Female,1971-04-15,England,02/12/2022
CUST11539,Michael,Williams,Male,1986-10-07,England,29/01/2022
CUST11540,Robert,Wright,Male,1971-05-06,Wales,11/09/2021
CUST11541,William,Brown,Female,1996-03-22,Scotland,18/07/2024
CUST11542,Susan,Walker,Female,1991-09-13,England,11/11/2024
CUST11543,Jessica,Walker,Female,2001-02-17,England,25/07/2022
CUST11544,Jack,Brown,Male,1986-06-10,England,13/07/2024
CUST11545,Isla,Evans,Male,1991-12-08,England,25/12/2023
CUST11546,Noah,Evans,Male,1996-02-17,England,18/10/2021
CUST11547,Isla,Robinson,Male,1976-02-08,Wales,05/02/2024
CUST11548,George,Wilson,Male,1991-12-27,England,09/02/2025
CUST11549,Mary,Thompson,Male,1996-10-20,Wales,26/01/2024
CUST11550,Jack,Thompson,Male,2001-06-23,Northern Ireland,24/12/2022
CUST11551,Mary,Wright,Male,1986-05-08,England,02/04/2023
CUST11552,Linda,Robinson,Female,1991-12-01,England,21/04/2024
CUST11553,Noah,Wilson,Female,1991-09-02,England,03/09/2021
CUST11554,Olivia,Evans,Female,1996-11-24,England,08/07/2022
CUST11555,Charles,Jones,Male,1976-02-24,England,16/02/2025
CUST11556,Mary,Williams,Female,1966-07-19,England,26/08/2021
CUST11557,Isla,Wilson,Male,1986-09-16,England,06/01/2022
CUST11558,Amelia,Wright,Female,1981-01-06,England,05/11/2023
CUST11559,Isla,Davies,Male,1971-07-21,England,06/01/2025
CUST11560,Jack,Brown,Male,1956-01-14,Scotland,06/08/2023
CUST11561,Mary,Jones,Male,1981-11-17,England,29/09/2022
CUST11562,Susan,Brown,Female,1966-09-01,England,11/11/2022
CUST11563,Karen,Davies,Female,1966-03-14,England,26/10/2023
CUST11564,George,Wilson,Male,1976-07-19,England,23/08/2022
CUST11565,James,Wilson,Male,1986-02-21,England,18/11/2024
CUST11566,Harry,Brown,Male,2001-10-04,England,06/10/2021
CUST11567,Elizabeth,Roberts,Male,2006-03-01,England,20/02/2025
CUST11568,Elizabeth,Jones,Male,1986-08-24,England,09/09/2024
CUST11569,Joseph,Davies,Female,1986-01-09,England,10/10/2023
CUST11570,James,Jones,Male,1991-02-13,England,17/11/2023
CUST11571,Thomas,Roberts,Male,1986-12-17,England,21/05/2024
CUST11572,Harry,Jones,Female,1986-05-14,England,25/08/2023
CUST11573,Charles,White,Male,1971-02-26,England,26/03/2022
CUST11574,Linda,Williams,Female,2001-09-23,Scotland,27/11/2021
CUST11575,Jessica,Davies,Male,1996-03-11,England,02/06/2023
CUST11576,Barbara,Jones,Male,1976-08-06,England,23/12/2023
CUST11577,Thomas,Wilson,Male,1971-10-27,Wales,07/06/2022
CUST11578,David,Walker,Female,1956-09-20,England,06/10/2024
CUST11579,Joseph,Johnson,Male,1971-03-21,England,24/04/2023
CUST11580,Robert,Jones,Female,1966-03-13,England,04/10/2023
CUST11581,Amelia,Wright,Male,1991-03-14,England,26/01/2023
CUST11582,Robert,Johnson,Female,1991-08-05,England,23/08/2024
CUST11583,Olivia,Wright,Female,1996-09-12,England,05/03/2024
CUST11584,Amelia,Roberts,Female,1981-07-15,England,07/12/2023
CUST11585,Robert,Wilson,Female,1966-05-04,England,26/05/2022
CUST11586,Olivia,Davies,Female,1991-01-18,England,24/02/2022
CUST11587,Mary,Smith,Male,1986-11-17,England,24/12/2022
CUST11588,Olivia,Wilson,Female,1996-08-23,Scotland,17/11/2023
CUST11589,Emily,Evans,Male,2001-08-02,England,26/08/2022
CUST11590,David,Evans,Male,1996-02-07,England,01/01/2024
CUST11591,Olivia,Thompson,Male,2006-04-12,England,16/01/2023
CUST11592,Elizabeth,Johnson,Female,1961-04-24,England,25/08/2022
CUST11593,Amelia,Thompson,Male,1991-08-07,England,17/12/2022
CUST11594,John,Brown,Male,1971-10-27,Wales,24/12/2023
CUST11595,Elizabeth,Robinson,Female,1981-11-26,England,09/11/2023
CUST11596,Barbara,Jones,Female,1996-07-03,England,10/01/2025
CUST11597,Barbara,Brown,Male,2001-05-10,England,27/08/2022
CUST11598,Elizabeth,Wright,Male,1971-05-07,England,08/06/2024
CUST11599,Elizabeth,Taylor,Female,1996-09-14,England,15/05/2024
CUST11600,Patricia,Wright,Male,1966-04-25,England,23/03/2023
CUST11601,Olivia,Jones,Female,2001-05-11,England,28/07/2022
CUST11602,Amelia,Robinson,Male,1981-10-18,England,10/04/2022
CUST11603,Patricia,Robinson,Male,1971-07-04,England,12/10/2021
CUST11604,Richard,Wright,Male,1996-06-16,England,06/03/2023
CUST11605,Olivia,Roberts,Male,1996-09-10,England,01/09/2021
CUST11606,Oliver,Roberts,Male,1961-04-25,England,04/10/2024
CUST11607,Barbara,Jones,Male,1996-01-22,Scotland,11/11/2022
CUST11608,Richard,Thompson,Female,1991-10-06,Scotland,05/04/2023
CUST11609,Noah,Wright,Female,1986-06-17,England,08/02/2025
CUST11610,Patricia,Walker,Male,1996-04-10,England,16/02/2025
CUST11611,Richard,Robinson,Male,1976-02-12,England,12/01/2023
CUST11612,Noah,Brown,Male,1976-12-13,England,10/03/2022
CUST11613,Joseph,Wilson,Male,1991-09-23,England,11/06/2023
CUST11614,Jessica,Evans,Female,1971-04-08,England,21/06/2023
CUST11615,Jessica,Evans,Male,1996-08-01,England,09/11/2023
CUST11616,Robert,Smith,Male,2006-06-06,Northern Ireland,25/02/2024
CUST11617,Mary,Davies,Male,1981-04-23,England,31/08/2024
CUST11618,Jessica,White,Female,1956-04-09,England,05/12/2024
CUST11619,Mary,Wright,Male,2006-01-02,Northern Ireland,08/12/2023
CUST11620,Joseph,Smith,Male,1996-12-11,Northern Ireland,22/10/2022
CUST11621,Isla,Davies,Male,1986-12-24,England,14/06/2022
CUST11622,Karen,Davies,Male,1971-11-24,England,03/03/2024
CUST11623,William,Robinson,Female,2001-04-26,England,19/11/2023
CUST11624,George,Wright,Female,1991-12-19,England,07/10/2022
CUST11625,Sarah,Davies,Female,1976-04-23,England,23/03/2023
CUST11626,David,Wright,Female,1991-10-21,England,16/10/2021
CUST11627,Barbara,Roberts,Male,1996-02-01,England,10/01/2025
CUST11628,Isla,Taylor,Female,1996-04-12,England,24/02/2022
CUST11629,William,Wright,Male,1991-07-15,England,17/04/2023
CUST11630,William,Wright,Female,1986-12-13,England,16/01/2024
CUST11631,David,Thompson,Male,1971-04-23,Northern Ireland,13/11/2022
CUST11632,Elizabeth,Thompson,Male,1981-06-27,England,13/03/2023
CUST11633,Olivia,Walker,Male,1976-11-15,England,24/04/2024
CUST11634,Karen,Robinson,Male,1956-06-03,England,30/04/2024
CUST11635,Elizabeth,Taylor,Female,1991-09-10,England,29/07/2022
CUST11636,Sarah,Roberts,Female,1991-06-06,England,02/03/2024
CUST11637,Charles,Smith,Male,1966-01-13,England,13/10/2024
CUST11638,Patricia,Roberts,Female,1996-04-07,England,12/02/2023
CUST11639,Harry,Thompson,Female,1976-07-03,England,23/04/2023
CUST11640,Jack,Robinson,Female,1976-01-05,England,24/12/2023
CUST11641,Jessica,Jones,Female,2001-03-14,England,07/06/2022
CUST11642,Elizabeth,Taylor,Female,1986-12-04,England,21/10/2023
CUST11643,Harry,Taylor,Female,1996-01-01,England,13/09/2023
CUST11644,Mary,Jones,Female,1996-03-08,England,27/04/2023
CUST11645,Jessica,Evans,Male,1986-08-18,England,26/02/2022
CUST11646,Joseph,Roberts,Female,1996-07-18,England,03/05/2022
CUST11647,Richard,Davies,Male,1976-03-11,England,01/11/2021
CUST11648,Noah,White,Female,1966-01-18,England,19/03/2022
CUST11649,Olivia,Jones,Female,1971-11-06,England,01/09/2024
CUST11650,Richard,Wright,Male,1996-07-20,England,01/01/2025
CUST11651,Joseph,Thompson,Female,1996-07-01,England,22/01/2022
CUST11652,Isla,Wright,Male,1996-01-04,England,08/04/2023
CUST11653,Amelia,Jones,Male,2001-03-25,Wales,14/03/2024
CUST11654,Thomas,Brown,Male,1961-01-13,Scotland,01/07/2022
CUST11655,John,Brown,Male,1991-12-16,England,28/05/2023
CUST11656,Emily,Wright,Female,1996-10-11,England,30/10/2022
CUST11657,Jennifer,Smith,Female,1971-07-18,Wales,18/09/2022
CUST11658,Olivia,White,Male,1991-09-21,England,20/06/2024
CUST11659,Joseph,Davies,Male,2006-02-22,England,10/11/2022
CUST11660,Amelia,Davies,Male,2001-12-07,England,25/05/2022
CUST11661,Elizabeth,Taylor,Female,1981-07-17,England,28/05/2023
CUST11662,Oliver,Roberts,Female,1976-07-22,Scotland,17/06/2023
CUST11663,Isla,Wilson,Female,1996-12-12,England,27/08/2021
CUST11664,Karen,Walker,Male,1966-02-11,England,18/06/2024
CUST11665,Elizabeth,Jones,Male,1971-06-17,England,01/10/2024
CUST11666,Mary,Johnson,Male,1971-02-16,England,30/09/2021
CUST11667,George,Evans,Female,1996-06-07,England,31/10/2021
CUST11668,Patricia,Johnson,Male,2006-04-26,England,29/11/2021
CUST11669,John,Walker,Male,1971-06-16,England,21/04/2023
CUST11670,Joseph,Williams,Female,1991-09-16,England,23/10/2024
CUST11671,Elizabeth,Roberts,Male,1981-04-06,England,21/07/2024
CUST11672,Elizabeth,Brown,Male,1976-01-19,England,02/01/2024
CUST11673,Susan,White,Male,2001-02-25,England,11/04/2023
CUST11674,Isla,Johnson,Female,1976-09-20,England,16/08/2022
CUST11675,Mary,Walker,Female,1966-07-14,England,04/01/2023
CUST11676,Michael,White,Male,1976-12-18,Northern Ireland,26/09/2023
CUST11677,Noah,Wilson,Female,1986-11-07,England,18/09/2022
CUST11678,Michael,Taylor,Male,1971-02-02,England,22/01/2024
CUST11679,Elizabeth,Davies,Female,1986-09-18,Wales,18/12/2023
CUST11680,George,Williams,Male,1976-02-05,England,07/08/2023
CUST11681,Karen,White,Male,1971-02-03,England,27/11/2024
CUST11682,Karen,Johnson,Female,1976-10-21,England,14/03/2022
CUST11683,Patricia,Robinson,Male,1996-05-12,England,09/08/2021
CUST11684,Olivia,Roberts,Male,2001-12-24,England,15/08/2022
CUST11685,Michael,Smith,Female,1996-01-24,England,10/09/2024
CUST11686,George,Roberts,Male,1986-07-04,England,30/05/2024
CUST11687,Susan,Johnson,Female,1986-04-21,England,03/06/2024
CUST11688,Emily,Robinson,Male,1981-12-10,England,24/06/2024
CUST11689,Joseph,Davies,Female,1991-09-19,England,07/12/2023
CUST11690,Michael,Williams,Male,1976-10-02,England,17/10/2021
CUST11691,Jessica,Roberts,Male,1966-04-13,England,11/02/2022
CUST11692,William,Roberts,Female,1996-11-17,England,16/09/2023
CUST11693,Jack,Brown,Male,1976-11-13,England,17/08/2022
CUST11694,William,Jones,Male,1981-10-15,England,04/07/2023
CUST11695,Olivia,Davies,Female,1986-06-01,England,21/12/2022
CUST11696,Karen,Thompson,Female,1996-12-01,England,05/02/2023
CUST11697,Oliver,Wilson,Female,1976-09-17,England,02/10/2023
CUST11698,Oliver,Walker,Female,1961-01-12,England,10/01/2025
CUST11699,Mary,Thompson,Female,1976-11-16,Northern Ireland,20/09/2024
CUST11700,Sarah,Thompson,Male,1966-01-10,England,26/05/2024
CUST11701,Susan,White,Male,1956-09-01,England,17/01/2025
CUST11702,Charles,Evans,Female,1991-03-19,England,16/02/2024
CUST11703,Jack,Taylor,Male,1981-11-04,England,01/02/2022
CUST11704,Joseph,Wright,Female,1986-09-22,Wales,25/10/2022
CUST11705,William,Williams,Male,1956-10-01,England,22/12/2021
CUST11706,Thomas,Wilson,Male,2001-09-26,England,07/09/2021
CUST11707,Michael,Robinson,Female,1991-07-07,Wales,07/07/2023
CUST11708,Noah,Williams,Female,1971-11-25,England,03/04/2022
CUST11709,Olivia,Roberts,Male,1996-04-01,England,25/01/2025
CUST11710,William,Robinson,Male,1976-07-13,England,19/02/2022
CUST11711,David,Taylor,Male,1991-04-12,England,14/12/2021
CUST11712,Karen,Davies,Female,1961-02-05,England,09/01/2023
CUST11713,David,Evans,Male,1966-11-13,England,08/04/2022
CUST11714,Isla,Wilson,Female,1991-06-06,England,26/11/2024
CUST11715,Olivia,Johnson,Male,1976-01-12,Wales,06/07/2024
CUST11716,Noah,Thompson,Male,1991-10-11,England,11/01/2022
CUST11717,Joseph,Jones,Male,1981-12-06,England,15/11/2023
CUST11718,George,Taylor,Male,1981-08-22,England,16/07/2022
CUST11719,Patricia,Wilson,Male,1971-04-15,England,21/01/2023
CUST11720,John,Taylor,Male,2006-11-23,England,28/09/2024
CUST11721,Susan,Roberts,Female,1996-09-22,England,06/05/2024
CUST11722,John,Robinson,Female,1976-04-08,England,09/07/2024
CUST11723,Susan,Robinson,Male,1986-04-08,England,16/08/2024
CUST11724,Joseph,Thompson,Male,1986-12-26,England,02/12/2024
CUST11725,George,Thompson,Male,2006-12-09,England,30/08/2021
CUST11726,William,White,Male,1991-09-03,England,04/09/2021
CUST11727,Olivia,Jones,Male,1971-01-15,Scotland,21/05/2022
CUST11728,Richard,Taylor,Male,2006-03-27,England,05/07/2023
CUST11729,Olivia,Walker,Female,1991-05-07,England,06/09/2021
CUST11730,Michael,Brown,Male,1961-07-18,England,31/08/2023
CUST11731,Charles,Roberts,Male,2006-11-10,England,21/05/2023
CUST11732,Karen,Brown,Male,1976-11-11,England,08/12/2022
CUST11733,Harry,Smith,Female,1996-04-13,England,14/12/2022
CUST11734,George,Williams,Male,1971-02-04,England,18/07/2024
CUST11735,Isla,Wright,Female,1976-04-11,England,14/04/2023
CUST11736,Olivia,White,Male,1966-03-08,England,12/09/2022
CUST11737,Elizabeth,Evans,Female,1996-11-23,England,15/11/2021
CUST11738,Karen,Robinson,Female,1986-01-07,England,21/05/2022
CUST11739,George,Evans,Female,1976-10-23,England,04/11/2024
CUST11740,Richard,Walker,Female,1996-08-01,England,07/12/2023
CUST11741,Joseph,Davies,Male,1996-02-11,England,04/04/2022
CUST11742,Robert,Wilson,Female,2006-09-08,England,01/01/2025
CUST11743,Linda,Johnson,Male,1961-07-13,England,01/08/2024
CUST11744,Michael,Wilson,Male,1976-01-21,Wales,26/06/2024
CUST11745,Susan,Robinson,Male,1981-03-26,England,10/03/2024
CUST11746,Sarah,Robinson,Male,1976-05-20,England,02/05/2024
CUST11747,Robert,Smith,Female,1986-03-14,Scotland,31/07/2024
CUST11748,Richard,Evans,Female,1986-07-14,Scotland,04/01/2025
CUST11749,Robert,Evans,Female,1986-08-27,England,26/11/2021
CUST11750,Olivia,Brown,Female,1981-03-27,England,27/11/2022
CUST11751,Jessica,Roberts,Male,1996-02-21,England,09/09/2021
CUST11752,Barbara,Johnson,Male,1966-08-05,England,18/05/2024
CUST11753,Oliver,Robinson,Female,1971-06-08,Wales,01/02/2024
CUST11754,Karen,Williams,Female,1991-04-08,England,30/10/2024
CUST11755,John,Roberts,Male,1981-04-07,England,28/06/2022
CUST11756,John,Smith,Female,2001-01-27,England,28/01/2023
CUST11757,David,Smith,Female,1961-11-05,England,17/07/2022
CUST11758,Joseph,Wilson,Male,1966-11-24,England,13/06/2023
CUST11759,Charles,Brown,Male,1966-07-22,England,02/07/2024
CUST11760,Patricia,Walker,Male,1991-05-15,England,20/11/2022
CUST11761,Elizabeth,Evans,Male,2001-03-09,Scotland,22/06/2023
CUST11762,Linda,Smith,Male,1996-04-08,England,25/02/2023
CUST11763,James,Jones,Female,2001-12-19,England,13/10/2022
CUST11764,Harry,Jones,Female,2001-02-19,England,12/06/2022
CUST11765,Barbara,Wright,Male,2006-10-15,England,26/08/2023
CUST11766,Olivia,Davies,Female,1956-04-16,England,11/12/2021
CUST11767,Oliver,White,Male,2006-04-23,England,26/08/2021
CUST11768,Emily,Jones,Female,2001-10-21,Wales,30/01/2022
CUST11769,Robert,Smith,Female,1971-12-21,England,08/08/2023
CUST11770,William,Walker,Female,1981-12-08,England,10/07/2023
CUST11771,Patricia,Williams,Male,1976-04-02,England,26/05/2023
CUST11772,John,Johnson,Female,1981-08-13,England,17/11/2023
CUST11773,Sarah,Davies,Female,1966-04-10,England,06/08/2022
CUST11774,James,Davies,Male,1981-03-10,England,06/01/2024
CUST11775,Olivia,Walker,Male,1986-05-15,England,31/10/2022
CUST11776,Olivia,Roberts,Female,1976-01-25,Wales,28/02/2024
CUST11777,Jennifer,Davies,Female,1986-02-22,England,06/10/2023
CUST11778,William,Roberts,Male,1991-08-19,England,17/05/2023
CUST11779,Michael,Williams,Female,1986-09-20,England,05/08/2021
CUST11780,Olivia,Robinson,Male,2001-04-12,Scotland,11/04/2024
CUST11781,Thomas,Walker,Male,1976-07-15,England,25/10/2021
CUST11782,Noah,Thompson,Male,1996-10-12,England,12/11/2023
CUST11783,Isla,Brown,Male,2001-11-22,England,30/10/2023
CUST11784,Barbara,Thompson,Female,1996-07-27,England,11/03/2023
CUST11785,Elizabeth,Roberts,Female,1971-03-12,England,08/11/2023
CUST11786,Richard,Johnson,Male,1991-09-20,England,10/09/2023
CUST11787,Charles,White,Female,1981-03-02,England,09/11/2022
CUST11788,Mary,White,Female,1971-02-11,England,27/03/2024
CUST11789,Olivia,Davies,Female,2006-05-24,England,04/11/2023
CUST11790,Noah,Walker,Female,1976-04-19,England,27/02/2022
CUST11791,Thomas,Walker,Female,1991-02-15,England,24/01/2025
CUST11792,Olivia,Brown,Male,1996-01-06,England,30/09/2024
CUST11793,James,Williams,Male,1981-12-22,England,23/01/2024
CUST11794,John,Smith,Male,1966-09-27,England,07/10/2023
CUST11795,Mary,Smith,Female,1996-09-11,England,24/03/2023
CUST11796,Thomas,Smith,Male,1986-01-22,England,18/08/2021
CUST11797,Joseph,Thompson,Male,1996-10-16,England,06/08/2021
CUST11798,Barbara,Roberts,Female,1986-05-11,England,12/12/2024
CUST11799,George,Wright,Male,1981-09-09,Northern Ireland,02/06/2024
CUST11800,George,Walker,Male,1981-06-14,England,11/06/2022
CUST11801,Olivia,Smith,Male,1981-03-12,England,07/03/2023
CUST11802,Jessica,Johnson,Female,2001-04-17,England,27/03/2022
CUST11803,Karen,White,Female,1976-02-04,England,13/10/2023
CUST11804,Linda,Johnson,Male,1981-10-13,England,13/11/2023
CUST11805,Emily,Thompson,Female,1981-06-21,Scotland,23/04/2024
CUST11806,Olivia,Jones,Male,2006-10-23,Wales,19/12/2024
CUST11807,Elizabeth,Davies,Female,1986-10-08,England,14/08/2023
CUST11808,John,Roberts,Male,1991-03-17,England,09/07/2022
CUST11809,William,Brown,Male,2001-04-09,England,17/07/2024
CUST11810,Jessica,Wilson,Female,1996-02-22,England,02/07/2022
CUST11811,Linda,Johnson,Male,1986-01-10,England,10/09/2021
CUST11812,David,Davies,Male,1976-12-19,England,27/10/2022
CUST11813,William,Smith,Female,1996-08-12,England,06/09/2021
CUST11814,Robert,Walker,Female,1971-06-08,Wales,08/01/2025
CUST11815,Oliver,Robinson,Male,1986-03-16,England,07/05/2024
CUST11816,John,Roberts,Female,1976-08-17,England,03/11/2023
CUST11817,David,Taylor,Male,1986-07-19,England,23/09/2024
CUST11818,Oliver,Evans,Male,1986-03-22,Scotland,24/09/2022
CUST11819,Oliver,Thompson,Female,1981-01-19,England,16/01/2023
CUST11820,Elizabeth,Roberts,Male,1966-06-23,England,23/07/2022
CUST11821,Susan,White,Male,1986-07-12,England,30/11/2023
CUST11822,Robert,Robinson,Male,1986-10-14,England,21/09/2022
CUST11823,Mary,Wilson,Male,1981-05-14,England,10/01/2023
CUST11824,Jack,Brown,Male,1976-02-16,England,27/08/2024
CUST11825,Susan,Smith,Female,2006-11-04,England,25/11/2024
CUST11826,Elizabeth,Williams,Male,1986-05-24,England,06/07/2024
CUST11827,Patricia,Williams,Female,1986-09-15,England,17/07/2024
CUST11828,John,Evans,Male,1966-01-15,Northern Ireland,09/12/2023
CUST11829,George,Smith,Male,1986-01-24,England,17/11/2024
CUST11830,Richard,Wilson,Female,1986-01-13,England,03/09/2022
CUST11831,Amelia,Brown,Male,1961-10-13,England,21/06/2023
CUST11832,Robert,Brown,Male,1986-03-16,England,16/04/2022
CUST11833,Charles,Jones,Male,1996-10-26,England,30/04/2024
CUST11834,Robert,Robinson,Male,1996-12-07,England,28/12/2021
CUST11835,Karen,Smith,Male,2001-08-05,England,24/12/2021
CUST11836,Richard,Wilson,Female,2006-12-03,England,22/03/2022
CUST11837,John,Wright,Male,1986-12-20,England,04/12/2022
CUST11838,Harry,Wilson,Female,1976-09-01,England,19/06/2023
CUST11839,Isla,Evans,Male,1976-10-20,England,08/02/2024
CUST11840,George,Wilson,Female,2006-08-24,England,19/10/2024
CUST11841,Mary,Johnson,Male,1986-03-19,England,21/05/2023
CUST11842,Mary,Walker,Male,2001-02-05,Scotland,07/08/2022
CUST11843,Charles,Thompson,Male,1961-05-18,England,16/02/2022
CUST11844,Harry,Robinson,Male,2001-06-12,Scotland,18/02/2025
CUST11845,Jennifer,Taylor,Male,1981-05-01,Scotland,26/10/2024
CUST11846,Mary,White,Female,1991-02-06,England,05/11/2021
CUST11847,Olivia,Davies,Female,1981-07-21,England,12/06/2022
CUST11848,Michael,Williams,Female,1991-06-16,England,07/05/2024
CUST11849,Patricia,Davies,Female,1976-12-14,England,25/12/2022
CUST11850,Harry,Roberts,Female,1996-12-21,England,08/07/2024
CUST11851,Jennifer,Smith,Female,1966-08-15,England,23/05/2024
CUST11852,George,Brown,Female,1986-11-27,England,20/07/2023
CUST11853,Michael,Brown,Male,1976-04-02,England,23/08/2022
CUST11854,Olivia,Thompson,Male,1971-12-08,Scotland,01/03/2023
CUST11855,Patricia,Roberts,Male,1956-12-06,England,10/06/2024
CUST11856,Barbara,Robinson,Male,1996-02-12,England,02/06/2023
CUST11857,Karen,Wright,Female,1996-09-25,Northern Ireland,30/11/2023
CUST11858,Emily,Roberts,Male,1996-06-12,England,13/02/2022
CUST11859,Michael,Williams,Male,1996-04-09,England,22/10/2024
CUST11860,Olivia,Williams,Male,1981-05-03,England,11/01/2023
CUST11861,Patricia,Wilson,Male,1956-11-11,England,06/02/2025
CUST11862,John,White,Female,1956-12-07,England,13/01/2022
CUST11863,Noah,Davies,Male,1986-05-06,England,11/11/2022
CUST11864,Mary,Smith,Female,1981-06-04,England,05/03/2024
CUST11865,Thomas,Jones,Female,1971-07-18,Scotland,01/09/2023
CUST11866,Robert,Wilson,Female,1966-09-20,England,31/03/2024
CUST11867,Jack,Brown,Female,1996-06-20,England,14/10/2022
CUST11868,Harry,Roberts,Female,1986-05-02,England,27/07/2022
CUST11869,Olivia,Wright,Female,1971-12-25,Scotland,19/10/2023
CUST11870,Charles,Robinson,Male,1991-05-14,England,30/12/2021
CUST11871,Linda,Brown,Male,1986-04-16,England,23/02/2022
CUST11872,Susan,Walker,Female,1956-04-24,England,08/01/2025
CUST11873,Jennifer,Johnson,Male,1956-04-08,England,25/08/2022
CUST11874,William,Taylor,Female,1966-07-14,England,27/08/2023
CUST11875,Jack,Jones,Male,1976-08-02,England,07/01/2025
CUST11876,Isla,Robinson,Male,1996-02-14,England,16/04/2024
CUST11877,Karen,Williams,Female,1991-11-08,England,28/11/2023
CUST11878,Michael,Williams,Female,1986-04-05,England,28/06/2024
CUST11879,William,Jones,Female,1986-02-17,England,09/02/2025
CUST11880,Jack,Smith,Female,1986-09-04,England,02/04/2022
CUST11881,Barbara,Evans,Male,1981-03-27,England,27/06/2023
CUST11882,John,White,Male,1991-10-07,Northern Ireland,13/08/2022
CUST11883,Barbara,Johnson,Male,1976-12-03,England,08/10/2021
CUST11884,George,Thompson,Female,1991-09-13,England,10/07/2022
CUST11885,Noah,Wilson,Female,1991-10-11,England,20/01/2024
CUST11886,Michael,Brown,Male,2001-06-18,England,12/04/2022
CUST11887,William,Jones,Female,1996-05-19,England,08/08/2023
CUST11888,Sarah,Brown,Male,1971-08-16,England,29/05/2022
CUST11889,Jack,Williams,Female,1986-05-16,England,14/07/2022
CUST11890,George,Taylor,Female,1996-11-21,England,28/08/2024
CUST11891,Oliver,White,Female,1976-06-18,Scotland,14/04/2024
CUST11892,Jennifer,Thompson,Male,1986-06-04,Scotland,23/08/2022
CUST11893,Susan,Robinson,Male,2006-09-13,Wales,03/11/2022
CUST11894,Harry,Williams,Female,1991-03-19,England,06/11/2021
CUST11895,Barbara,Wilson,Male,2001-07-08,England,23/10/2021
CUST11896,Jessica,Roberts,Female,1981-10-24,England,27/03/2023
CUST11897,Amelia,Wilson,Male,1996-10-14,England,17/10/2022
CUST11898,Barbara,Walker,Male,2006-03-09,England,06/07/2022
CUST11899,Barbara,White,Female,2006-01-11,England,13/05/2024
CUST11900,Sarah,Thompson,Female,1981-03-17,England,30/08/2024
CUST11901,Sarah,Roberts,Male,2006-10-20,Scotland,12/08/2024
CUST11902,Joseph,Taylor,Male,1971-04-07,England,19/09/2024
CUST11903,Charles,Jones,Female,2001-01-05,England,15/02/2024
CUST11904,Jessica,Taylor,Female,1981-08-03,England,16/02/2025
CUST11905,James,Smith,Male,1986-11-14,Wales,28/12/2021
CUST11906,Joseph,Wilson,Female,1986-03-26,England,02/06/2022
CUST11907,Olivia,Evans,Male,2006-01-26,Scotland,04/09/2021
CUST11908,David,Smith,Female,1971-02-16,England,04/10/2022
CUST11909,Linda,Brown,Male,1966-02-15,England,04/10/2021
CUST11910,Thomas,Robinson,Male,2006-03-14,Northern Ireland,18/09/2023
CUST11911,Noah,Williams,Male,2001-03-07,England,29/11/2021
CUST11912,Richard,Davies,Female,1966-08-12,England,06/04/2023
CUST11913,Olivia,Wright,Female,1986-03-26,England,20/02/2023
CUST11914,Barbara,Brown,Male,2001-07-17,England,07/04/2022
CUST11915,Noah,Wilson,Female,1996-05-07,England,27/01/2023
CUST11916,Elizabeth,Williams,Female,1981-08-03,England,23/01/2024
CUST11917,Noah,Smith,Male,1976-08-21,Scotland,10/08/2021
CUST11918,Robert,Wilson,Female,1981-08-25,Northern Ireland,12/07/2024
CUST11919,Emily,Walker,Male,1961-11-03,England,16/09/2023
CUST11920,Joseph,Smith,Male,1986-03-11,England,29/09/2023
CUST11921,Amelia,Evans,Female,1991-07-24,England,02/08/2024
CUST11922,Karen,Wilson,Male,1986-05-07,England,13/09/2022
CUST11923,Thomas,Walker,Female,1991-07-05,Scotland,21/03/2023
CUST11924,James,Evans,Female,1996-02-11,England,12/08/2022
CUST11925,Sarah,Taylor,Female,2006-04-11,England,09/08/2022
CUST11926,Oliver,Davies,Male,1991-12-13,England,01/10/2022
CUST11927,Joseph,Davies,Male,1976-10-27,England,13/06/2023
CUST11928,Jennifer,Johnson,Female,2006-06-27,England,16/05/2024
CUST11929,Joseph,Smith,Male,1986-02-16,England,26/09/2021
CUST11930,Jessica,Taylor,Male,1981-08-03,Wales,16/12/2024
CUST11931,Jennifer,Walker,Male,1981-04-08,England,29/01/2023
CUST11932,Emily,Johnson,Female,1976-04-05,England,20/03/2023
CUST11933,James,Roberts,Female,1971-02-01,England,31/05/2023
CUST11934,Isla,Smith,Female,1976-04-11,England,25/01/2024
CUST11935,Susan,Brown,Male,2001-03-01,England,23/06/2023
CUST11936,Barbara,Johnson,Male,1986-01-16,Scotland,11/01/2022
CUST11937,John,Johnson,Female,1981-08-08,England,09/06/2024
CUST11938,Elizabeth,Smith,Male,1996-12-20,England,10/05/2023
CUST11939,Jack,Robinson,Female,2006-02-15,England,12/07/2022
CUST11940,Jack,Walker,Female,1996-01-26,England,20/12/2024
CUST11941,George,Jones,Male,1986-02-14,England,04/01/2023
CUST11942,Linda,Roberts,Male,1991-07-05,England,27/11/2022
CUST11943,Jack,White,Male,2001-10-25,England,31/07/2023
CUST11944,David,Roberts,Male,1971-04-09,England,22/08/2022
CUST11945,Isla,Williams,Female,1966-02-21,England,24/05/2024
CUST11946,Elizabeth,Taylor,Male,1996-02-22,England,31/01/2022
CUST11947,Jack,Evans,Female,1966-08-25,England,12/05/2023
CUST11948,Michael,Davies,Male,2006-05-18,Scotland,28/05/2024
CUST11949,Charles,Robinson,Male,1966-05-14,England,20/04/2024
CUST11950,Olivia,Thompson,Female,1961-03-11,England,28/01/2024
CUST11951,Noah,Johnson,Male,2006-11-13,England,02/02/2024
CUST11952,Karen,Robinson,Male,1976-05-22,England,11/12/2024
CUST11953,Charles,Robinson,Male,1961-09-16,England,17/06/2023
CUST11954,Noah,Walker,Male,1966-09-02,England,25/12/2024
CUST11955,Michael,White,Female,1961-01-11,England,28/11/2024
CUST11956,Susan,Roberts,Female,1986-03-25,England,10/03/2022
CUST11957,Olivia,Wright,Male,2006-11-06,England,19/08/2022
CUST11958,Olivia,Evans,Male,1971-11-13,England,01/06/2023
CUST11959,Barbara,Wilson,Male,1981-05-23,England,07/02/2022
CUST11960,James,Wright,Female,1981-02-08,England,13/12/2021
CUST11961,Patricia,Johnson,Female,1991-04-19,England,01/09/2024
CUST11962,Barbara,Walker,Female,1981-12-22,England,26/01/2023
CUST11963,James,White,Female,2001-09-09,England,26/10/2023
CUST11964,Olivia,Wilson,Male,1976-01-25,England,11/02/2025
CUST11965,Emily,White,Male,2006-09-13,Wales,21/08/2021
CUST11966,Amelia,Robinson,Male,1976-02-08,Wales,17/07/2022
CUST11967,Jennifer,Thompson,Male,1971-04-07,England,28/08/2024
CUST11968,Emily,Walker,Female,1986-06-08,Wales,01/12/2024
CUST11969,William,White,Female,1986-05-16,Scotland,16/05/2023
CUST11970,Jack,Jones,Female,1991-09-07,England,19/10/2024
CUST11971,Richard,Smith,Male,1961-02-10,England,02/10/2024
CUST11972,Mary,Brown,Male,1976-11-20,England,08/07/2024
CUST11973,Noah,Smith,Female,1991-08-24,England,12/04/2022
CUST11974,Jessica,Thompson,Male,2001-04-19,England,09/03/2022
CUST11975,Michael,Williams,Female,1996-12-15,England,03/05/2023
CUST11976,Amelia,Williams,Male,1986-06-19,England,12/10/2024
CUST11977,Mary,Davies,Male,1961-05-12,England,22/01/2025
CUST11978,Robert,White,Female,1976-01-08,England,23/01/2024
CUST11979,Harry,Thompson,Female,1996-12-21,England,26/07/2022
CUST11980,George,White,Female,1971-11-04,Scotland,06/05/2022
CUST11981,Joseph,Davies,Female,1991-03-25,England,21/07/2022
CUST11982,Mary,Walker,Male,1971-12-12,England,10/12/2024
CUST11983,George,Walker,Male,1996-10-23,England,12/08/2021
CUST11984,Emily,Brown,Female,1981-06-03,Wales,02/08/2022
CUST11985,Olivia,Robinson,Male,1966-12-14,England,13/12/2021
CUST11986,Jack,Johnson,Female,1996-07-12,England,18/10/2024
CUST11987,James,Wilson,Female,1976-09-10,Wales,15/06/2023
CUST11988,Harry,Smith,Female,1956-03-14,England,15/09/2022
CUST11989,Karen,Robinson,Male,2001-02-18,England,12/11/2022
CUST11990,James,Roberts,Female,2001-07-26,England,22/06/2024
CUST11991,Noah,Brown,Male,1981-04-23,England,22/11/2022
CUST11992,Isla,Roberts,Female,1991-12-07,Scotland,13/12/2021
CUST11993,Amelia,Walker,Male,2006-02-27,England,26/12/2021
CUST11994,Susan,Walker,Male,1986-10-14,England,27/09/2023
CUST11995,Barbara,Smith,Female,1976-08-13,England,17/10/2021
CUST11996,Noah,Evans,Male,1996-11-01,England,18/11/2023
CUST11997,William,Smith,Male,1991-12-19,England,02/10/2021
CUST11998,Robert,Brown,Female,1971-11-24,Scotland,04/07/2023
CUST11999,Thomas,Robinson,Female,1986-05-08,England,09/12/2022
CUST12000,Patricia,Roberts,Female,1971-09-24,England,02/02/2023
CUST12001,Olivia,Davies,Male,1986-02-03,England,25/12/2021
CUST12002,Karen,Jones,Female,1961-06-27,England,14/12/2021
CUST12003,Patricia,Evans,Female,1981-04-07,England,20/08/2021
CUST12004,Barbara,Walker,Female,2001-04-13,England,30/01/2024
CUST12005,Oliver,Roberts,Male,1966-07-01,England,19/07/2022
CUST12006,Thomas,Davies,Male,1986-02-25,England,25/01/2025
CUST12007,Robert,Taylor,Male,2001-07-14,England,12/05/2022
CUST12008,Sarah,Roberts,Male,2001-05-27,England,12/08/2021
CUST12009,Barbara,Thompson,Female,1981-03-11,England,19/02/2022
CUST12010,Jessica,Walker,Male,2006-07-02,England,12/02/2023
CUST12011,Susan,Wright,Male,1996-10-19,England,04/06/2023
CUST12012,William,Wright,Male,2001-08-05,England,16/01/2022
CUST12013,Emily,Brown,Male,1986-02-17,Wales,17/06/2024
CUST12014,Elizabeth,Williams,Male,1991-07-01,England,23/06/2024
CUST12015,John,Robinson,Female,1986-08-05,England,22/09/2021
CUST12016,David,Taylor,Female,1996-09-18,England,30/04/2024
CUST12017,Joseph,Wright,Female,2006-06-19,Scotland,23/10/2021
CUST12018,Thomas,Wilson,Female,1981-02-05,England,12/08/2021
CUST12019,Mary,Brown,Male,1991-02-06,England,23/04/2024
CUST12020,Noah,Robinson,Female,1981-04-24,England,21/11/2024
CUST12021,Charles,Williams,Male,2001-08-01,England,29/03/2024
CUST12022,Barbara,Wright,Female,2006-09-07,England,30/09/2023
CUST12023,John,Smith,Male,1996-09-27,England,22/10/2021
CUST12024,Elizabeth,Smith,Male,1986-04-15,England,21/04/2022
CUST12025,Michael,Evans,Male,1991-06-01,England,07/07/2023
CUST12026,James,Evans,Male,1971-01-25,England,03/09/2022
CUST12027,Noah,Roberts,Male,1991-10-10,England,19/11/2024
CUST12028,Susan,Wilson,Male,1986-05-20,England,25/11/2021
CUST12029,James,Williams,Female,1981-07-18,England,15/06/2022
CUST12030,William,Roberts,Female,2006-06-10,England,04/06/2024
CUST12031,John,Wright,Female,1986-04-11,England,23/08/2022
CUST12032,George,Smith,Male,1991-03-15,England,14/12/2024
CUST12033,John,Wright,Male,1991-12-11,Scotland,27/01/2023
CUST12034,Patricia,White,Male,2001-02-05,England,30/12/2023
CUST12035,Isla,Roberts,Female,1976-12-20,England,29/12/2023
CUST12036,Jennifer,Williams,Male,1961-02-19,England,08/02/2025
CUST12037,Jack,Brown,Female,2006-02-17,England,07/01/2024
CUST12038,Richard,Wright,Female,1981-11-21,England,26/09/2023
CUST12039,George,Davies,Male,1976-12-14,England,13/04/2023
CUST12040,Noah,White,Male,1996-11-26,England,15/02/2023
CUST12041,Sarah,Williams,Male,1976-10-24,England,29/08/2022
CUST12042,Patricia,Davies,Female,1981-06-27,England,14/06/2023
CUST12043,Patricia,White,Male,1966-02-03,England,20/01/2025
CUST12044,Isla,Brown,Male,1956-08-03,England,13/09/2023
CUST12045,Olivia,Brown,Male,2006-07-13,England,30/12/2023
CUST12046,Karen,Brown,Female,1986-09-19,England,16/02/2023
CUST12047,Noah,Wright,Male,1986-01-07,England,17/01/2022
CUST12048,Richard,Jones,Female,2001-01-04,England,13/06/2024
CUST12049,Karen,Thompson,Male,1991-08-01,England,11/09/2022
CUST12050,James,Evans,Female,1956-11-15,England,04/06/2022
CUST12051,Harry,Taylor,Male,2006-12-27,England,21/11/2023
CUST12052,Karen,Evans,Male,1986-07-13,Wales,23/11/2021
CUST12053,Karen,Taylor,Female,1971-05-20,England,30/08/2021
CUST12054,John,Evans,Male,1991-06-02,England,01/11/2023
CUST12055,Emily,Jones,Female,1986-07-06,England,02/02/2025
CUST12056,Jennifer,White,Female,1961-08-19,Wales,10/01/2022
CUST12057,Jennifer,Brown,Male,1986-03-11,Wales,21/06/2024
CUST12058,Jennifer,Roberts,Female,2001-05-01,England,03/12/2023
CUST12059,Oliver,Davies,Male,2006-07-07,England,17/06/2024
CUST12060,Linda,Davies,Male,1961-11-22,England,25/10/2024
CUST12061,Linda,Wilson,Male,1996-10-19,England,04/02/2023
CUST12062,Jessica,Wilson,Female,1986-10-22,England,24/10/2021
CUST12063,Olivia,Wright,Male,2001-03-10,England,01/11/2022
CUST12064,Noah,Thompson,Female,1991-05-26,England,06/02/2025
CUST12065,Emily,Davies,Female,1966-07-25,England,13/11/2021
CUST12066,Linda,Davies,Male,1986-12-10,England,29/05/2022
CUST12067,David,Walker,Male,1961-05-06,England,24/09/2023
CUST12068,Susan,Johnson,Female,1996-12-26,Wales,21/10/2022
CUST12069,Harry,White,Male,1986-09-10,Scotland,06/05/2024
CUST12070,Elizabeth,Jones,Female,1971-08-14,England,22/07/2023
CUST12071,Sarah,Smith,Male,1986-09-26,England,09/02/2024
CUST12072,Noah,Williams,Male,1996-10-08,England,02/09/2022
CUST12073,Susan,Davies,Female,1971-09-24,Scotland,20/09/2024
CUST12074,George,Roberts,Female,1991-09-05,England,19/05/2023
CUST12075,Michael,Jones,Male,1986-05-08,England,15/12/2023
CUST12076,William,White,Female,1961-06-11,Northern Ireland,27/06/2022
CUST12077,Thomas,Walker,Female,1996-08-14,England,17/02/2024
CUST12078,Olivia,Roberts,Female,1991-11-07,Scotland,01/01/2024
CUST12079,Susan,Johnson,Male,2006-08-24,England,22/12/2022
CUST12080,John,Jones,Male,1991-12-18,England,22/11/2024
CUST12081,Olivia,Smith,Female,1996-09-19,England,30/11/2024
CUST12082,Patricia,Smith,Female,1981-05-20,England,05/05/2024
CUST12083,Jack,Johnson,Female,1996-07-18,England,15/05/2023
CUST12084,Oliver,Jones,Female,1981-08-18,England,11/05/2024
CUST12085,Barbara,Wright,Male,1996-11-18,England,17/10/2023
CUST12086,Elizabeth,Thompson,Male,1991-04-20,England,15/11/2023
CUST12087,Jessica,Roberts,Male,1991-03-25,England,03/12/2023
CUST12088,Elizabeth,Robinson,Male,1976-03-06,Wales,25/01/2023
CUST12089,Isla,Williams,Female,1986-01-14,England,03/03/2022
CUST12090,George,Robinson,Male,1991-09-05,England,06/04/2023
CUST12091,Olivia,White,Male,1971-12-05,Wales,03/12/2023
CUST12092,Emily,Taylor,Male,1981-08-26,England,16/02/2022
CUST12093,Mary,Wright,Male,1996-01-13,Wales,07/01/2022
CUST12094,Jack,Taylor,Female,1966-05-20,England,12/06/2023
CUST12095,Sarah,Roberts,Male,1991-11-20,England,07/10/2023
CUST12096,Michael,Smith,Female,2006-01-01,Scotland,26/12/2023
CUST12097,Isla,Davies,Male,1986-08-14,Scotland,14/01/2023
CUST12098,Oliver,Evans,Male,2001-06-05,England,26/05/2023
CUST12099,Olivia,Thompson,Male,1996-12-09,England,06/10/2021
CUST12100,Robert,Evans,Male,1976-07-06,England,03/04/2023
CUST12101,James,Wilson,Male,2001-07-18,England,22/02/2024
CUST12102,Sarah,Brown,Female,1971-09-04,England,26/08/2022
CUST12103,Jack,Walker,Female,1966-10-13,England,08/07/2024
CUST12104,Sarah,Taylor,Male,1981-07-09,England,28/01/2023
CUST12105,James,Taylor,Male,1976-09-26,England,27/07/2024
CUST12106,Olivia,Wilson,Male,1976-10-22,England,09/06/2022
CUST12107,Olivia,Williams,Male,1956-07-10,England,29/05/2024
CUST12108,John,Wilson,Female,1991-09-08,England,08/02/2022
CUST12109,Thomas,Jones,Male,2001-05-20,England,23/10/2021
CUST12110,Isla,Johnson,Female,1986-05-18,England,29/11/2022
CUST12111,James,Williams,Male,1986-01-15,Wales,04/05/2024
CUST12112,Karen,Davies,Female,2001-09-02,England,23/01/2024
CUST12113,Amelia,Williams,Male,1981-04-03,England,07/07/2022
CUST12114,Jennifer,Wright,Female,2006-10-18,England,02/02/2022
CUST12115,Joseph,Williams,Male,1966-12-13,England,14/02/2022
CUST12116,Jessica,White,Male,1996-11-23,England,23/01/2024
CUST12117,Noah,Taylor,Male,2006-04-01,Scotland,13/08/2021
CUST12118,Karen,Thompson,Male,2001-08-06,England,21/11/2023
CUST12119,Richard,Roberts,Male,1996-10-22,England,17/01/2022
CUST12120,Isla,Wilson,Female,1996-07-27,England,23/07/2023
CUST12121,Karen,White,Male,2006-07-20,England,02/08/2023
CUST12122,Emily,Smith,Female,1996-06-01,England,08/09/2024
CUST12123,Thomas,Smith,Male,1996-04-02,England,16/11/2024
CUST12124,Charles,Walker,Female,1991-07-24,England,07/02/2023
CUST12125,James,Johnson,Male,1991-12-14,England,23/01/2025
CUST12126,David,Williams,Female,1991-03-14,England,13/08/2023
CUST12127,Karen,Jones,Male,1991-01-26,England,02/11/2021
CUST12128,Oliver,Robinson,Male,2001-01-07,England,18/10/2024
CUST12129,Jessica,Jones,Male,2006-07-08,England,09/10/2021
CUST12130,Emily,Davies,Male,1996-04-19,England,13/04/2023
CUST12131,Harry,Walker,Female,1976-06-25,England,29/11/2024
CUST12132,Susan,Davies,Female,1956-12-10,England,11/09/2022
CUST12133,Patricia,Brown,Female,1966-01-05,England,02/02/2023
CUST12134,Oliver,Taylor,Female,1986-03-02,England,21/05/2024
CUST12135,Mary,Wilson,Male,1986-03-01,England,07/05/2024
CUST12136,Oliver,Roberts,Male,1991-06-11,England,27/10/2023
CUST12137,Mary,Roberts,Female,1976-09-15,England,03/08/2024
CUST12138,Joseph,Jones,Female,1976-03-14,England,22/09/2021
CUST12139,Linda,Jones,Female,1971-02-07,England,08/03/2023
CUST12140,Elizabeth,Roberts,Female,1966-02-19,England,10/11/2021
CUST12141,Thomas,Johnson,Male,1986-10-24,England,08/03/2024
CUST12142,Jennifer,Smith,Male,1976-01-07,England,16/02/2022
CUST12143,James,Thompson,Female,1971-08-19,Scotland,05/06/2023
CUST12144,Olivia,Johnson,Male,1991-07-15,England,10/12/2024
CUST12145,Elizabeth,Davies,Male,1966-02-19,Northern Ireland,21/12/2021
CUST12146,Susan,Brown,Male,2001-07-01,England,28/06/2023
CUST12147,James,Wright,Male,1956-04-19,England,16/10/2021
CUST12148,George,Smith,Male,1976-07-21,England,08/10/2024
CUST12149,Susan,Roberts,Female,2001-02-19,England,30/05/2023
CUST12150,Emily,Johnson,Female,1981-09-23,Wales,29/07/2022
CUST12151,Barbara,White,Male,2006-10-21,England,25/10/2024
CUST12152,Robert,White,Female,1976-01-27,Scotland,04/11/2024
CUST12153,David,Davies,Female,1976-07-19,England,07/11/2021
CUST12154,Jennifer,Wright,Female,1981-08-13,England,31/01/2024
CUST12155,Jack,Wilson,Male,1971-01-23,England,17/07/2023
CUST12156,Susan,Wright,Female,2001-09-19,England,06/11/2023
CUST12157,Jennifer,Roberts,Male,1996-07-16,England,17/03/2023
CUST12158,Oliver,Wright,Male,1991-04-16,England,18/02/2025
CUST12159,Robert,Smith,Male,2006-06-10,England,09/11/2022
CUST12160,Linda,Johnson,Female,1986-09-17,England,13/01/2022
CUST12161,Thomas,Walker,Male,1996-08-13,England,18/11/2023
CUST12162,Thomas,Evans,Female,1991-10-04,England,30/08/2022
CUST12163,Charles,Smith,Female,1991-01-12,England,02/11/2024
CUST12164,Barbara,Jones,Male,1971-10-26,England,03/07/2022
CUST12165,Susan,Smith,Male,1996-01-09,England,05/11/2023
CUST12166,Susan,Thompson,Female,1966-08-19,England,12/08/2021
CUST12167,George,Williams,Female,1991-05-12,England,10/05/2023
CUST12168,Joseph,Davies,Female,1991-01-08,England,03/06/2023
CUST12169,Jennifer,Wilson,Male,1986-09-11,England,18/01/2024
CUST12170,Olivia,Taylor,Male,1991-07-26,England,14/09/2024
CUST12171,Michael,Roberts,Male,1996-08-04,England,25/04/2024
CUST12172,William,Thompson,Female,1986-05-19,England,26/11/2022
CUST12173,Robert,Roberts,Male,2001-04-23,England,07/08/2022
CUST12174,Jessica,Williams,Female,1991-08-06,England,24/08/2022
CUST12175,Barbara,Smith,Male,1986-03-21,England,14/02/2025
CUST12176,Emily,Robinson,Male,1991-10-18,England,10/08/2024
CUST12177,Isla,Taylor,Male,1971-09-10,Wales,31/10/2021
CUST12178,James,White,Male,1996-12-05,England,30/07/2024
CUST12179,Richard,Evans,Female,1961-01-26,England,14/10/2023
CUST12180,Elizabeth,Williams,Female,1976-08-06,England,21/12/2021
CUST12181,Sarah,White,Female,1961-07-26,England,26/12/2024
CUST12182,Harry,Taylor,Female,1971-11-18,England,30/12/2023
CUST12183,Robert,White,Male,2001-06-24,England,09/02/2023
CUST12184,Sarah,Brown,Female,1986-12-09,Scotland,08/09/2024
CUST12185,William,Taylor,Male,2001-03-01,England,24/01/2025
CUST12186,Mary,Wilson,Female,1971-11-18,Northern Ireland,21/12/2024
CUST12187,Linda,White,Male,1981-07-11,Northern Ireland,02/09/2023
CUST12188,Oliver,Williams,Female,1996-12-15,Scotland,11/07/2023
CUST12189,Charles,Evans,Male,1966-03-13,England,23/02/2025
CUST12190,Noah,Evans,Male,2001-04-09,England,05/04/2023
CUST12191,Elizabeth,Thompson,Male,1986-07-20,England,21/08/2024
CUST12192,Jessica,Jones,Male,1976-07-14,England,30/10/2023
CUST12193,Richard,Jones,Female,2006-02-18,England,17/02/2025
CUST12194,Susan,Johnson,Female,1981-08-19,Wales,27/04/2022
CUST12195,George,Jones,Male,1971-05-19,England,08/06/2023
CUST12196,David,Williams,Female,2006-02-09,Scotland,17/02/2024
CUST12197,Jennifer,Walker,Male,1986-07-21,England,06/09/2022
CUST12198,George,Roberts,Male,1996-09-06,England,26/08/2023
CUST12199,Harry,Williams,Female,1981-01-26,England,21/05/2023
CUST12200,Robert,Williams,Male,2001-12-22,England,24/02/2025
CUST12201,Sarah,Roberts,Female,1966-08-15,England,27/07/2022
CUST12202,Joseph,Robinson,Female,1966-04-05,England,01/03/2024
CUST12203,Joseph,Jones,Male,1996-10-25,Northern Ireland,13/01/2023
CUST12204,Jack,Brown,Male,1991-11-15,England,03/11/2023
CUST12205,Oliver,Jones,Female,1981-12-23,England,08/09/2021
CUST12206,Michael,Smith,Male,1976-10-01,Northern Ireland,03/11/2024
CUST12207,Amelia,Walker,Female,1986-03-10,England,23/08/2022
CUST12208,Joseph,White,Male,2001-02-09,England,23/12/2024
CUST12209,Susan,Wilson,Male,2001-03-22,England,26/05/2022
CUST12210,Olivia,Evans,Female,1956-11-13,England,19/12/2021
CUST12211,George,Walker,Male,1986-04-04,England,14/04/2024
CUST12212,Joseph,White,Male,1971-04-17,England,18/12/2022
CUST12213,Noah,Johnson,Male,1986-11-05,England,17/06/2023
CUST12214,James,Davies,Female,1966-03-13,England,09/08/2024
CUST12215,Susan,Wright,Female,2001-05-27,England,25/05/2022
CUST12216,Richard,Evans,Male,2001-04-12,England,12/04/2024
CUST12217,Joseph,Evans,Male,1966-04-12,England,29/11/2023
CUST12218,Oliver,Smith,Male,1961-08-02,Scotland,18/06/2024
CUST12219,James,Roberts,Female,1991-09-13,Scotland,09/11/2021
CUST12220,Richard,Johnson,Female,1991-04-26,England,06/10/2024
CUST12221,Susan,Thompson,Female,1986-01-26,England,01/10/2022
CUST12222,Richard,Evans,Female,1991-08-27,England,06/03/2024
CUST12223,John,White,Female,1996-07-10,England,15/11/2024
CUST12224,James,Smith,Female,1966-08-02,England,29/11/2023
CUST12225,Harry,Walker,Female,1996-06-07,England,25/03/2024
CUST12226,Patricia,Davies,Female,1976-10-06,England,09/08/2021
CUST12227,Jessica,Walker,Female,2006-08-03,England,05/09/2021
CUST12228,William,Walker,Male,2006-10-20,England,21/11/2024
CUST12229,Patricia,Wilson,Female,1981-09-15,England,21/12/2021
CUST12230,Jack,Thompson,Female,1991-06-20,Wales,10/12/2022
CUST12231,Sarah,White,Female,1981-04-06,England,05/04/2024
CUST12232,Harry,Wright,Female,2001-07-19,England,21/07/2024
CUST12233,William,Taylor,Male,1961-08-02,England,07/11/2024
CUST12234,William,White,Female,1976-07-20,England,23/03/2022
CUST12235,Patricia,Roberts,Female,1971-07-22,England,24/11/2021
CUST12236,Jessica,Davies,Female,2001-05-07,England,19/03/2023
CUST12237,Thomas,Walker,Female,1991-02-09,England,02/05/2024
CUST12238,Mary,Johnson,Female,1991-06-12,England,10/07/2022
CUST12239,Olivia,Jones,Male,1986-11-16,England,01/12/2024
CUST12240,Elizabeth,Wilson,Male,1996-09-15,England,11/09/2024
CUST12241,Jessica,Jones,Male,2006-10-03,England,27/11/2022
CUST12242,Michael,White,Male,1991-09-11,England,21/07/2023
CUST12243,Mary,Jones,Female,1996-12-14,England,24/08/2022
CUST12244,Oliver,Roberts,Female,1991-03-17,England,28/05/2024
CUST12245,Susan,Williams,Female,1996-09-18,Northern Ireland,07/01/2022
CUST12246,Patricia,Williams,Female,1996-01-18,Scotland,16/07/2023
CUST12247,Jack,Roberts,Male,1981-03-13,England,28/04/2022
CUST12248,Olivia,Jones,Female,1991-01-14,England,07/03/2023
CUST12249,Thomas,Evans,Female,1991-06-10,Scotland,03/10/2023
CUST12250,Jack,Davies,Female,1986-02-08,England,29/01/2024
CUST12251,Karen,Roberts,Male,1976-05-09,England,10/01/2023
CUST12252,Jessica,Evans,Female,1991-02-12,England,04/02/2022
CUST12253,Olivia,Evans,Female,1981-01-03,England,10/09/2024
CUST12254,John,Smith,Female,1961-06-06,England,21/10/2022
CUST12255,Susan,Jones,Male,1986-05-04,England,14/04/2024
CUST12256,Olivia,Davies,Male,1966-06-12,Scotland,24/05/2024
CUST12257,Charles,Wilson,Female,1976-05-14,England,06/10/2024
CUST12258,David,Walker,Female,2006-05-05,England,29/04/2023
CUST12259,Richard,Roberts,Female,1991-01-04,England,12/08/2024
CUST12260,Charles,Johnson,Male,1976-06-15,England,17/04/2022
CUST12261,William,Wilson,Female,1956-11-07,England,23/11/2023
CUST12262,Jack,Evans,Male,1986-02-24,England,19/03/2023
CUST12263,Susan,Taylor,Male,2001-02-05,England,06/11/2024
CUST12264,Jessica,White,Female,1986-10-14,England,06/08/2022
CUST12265,George,Johnson,Female,2001-07-22,England,11/12/2024
CUST12266,Oliver,Williams,Male,1976-04-03,England,04/09/2023
CUST12267,George,Smith,Male,1986-10-13,Northern Ireland,18/10/2021
CUST12268,Jessica,Roberts,Male,1976-04-13,England,07/07/2023
CUST12269,Robert,Thompson,Female,1971-08-15,England,13/01/2022
CUST12270,Robert,Wilson,Female,1981-07-24,England,26/07/2022
CUST12271,Susan,Smith,Male,1981-03-16,England,26/06/2023
CUST12272,Barbara,Brown,Female,1976-10-11,England,15/02/2025
CUST12273,Thomas,Williams,Female,1971-08-11,England,26/01/2022
CUST12274,Joseph,Johnson,Male,1971-03-17,Scotland,13/07/2024
CUST12275,Harry,Taylor,Male,2006-10-09,England,16/02/2024
CUST12276,Michael,Taylor,Female,1986-08-19,England,19/12/2024
CUST12277,Robert,Johnson,Male,1996-11-11,England,23/10/2021
CUST12278,John,Davies,Male,1971-10-02,England,11/08/2022
CUST12279,Linda,Evans,Male,1981-04-15,England,17/05/2023
CUST12280,Linda,Jones,Female,1991-12-07,Scotland,25/12/2022
CUST12281,Joseph,Brown,Female,1996-01-10,Wales,05/07/2022
CUST12282,Noah,Davies,Male,1991-05-09,England,15/03/2024
CUST12283,William,Johnson,Female,1976-08-04,England,30/01/2025
CUST12284,Karen,Taylor,Female,1996-07-08,England,23/09/2022
CUST12285,Jennifer,Evans,Male,2001-03-25,England,06/04/2024
CUST12286,Elizabeth,Robinson,Male,1966-03-09,England,29/12/2024
CUST12287,Olivia,Smith,Male,1976-10-20,Wales,29/11/2021
CUST12288,Joseph,White,Male,1996-11-12,Wales,15/03/2022
CUST12289,Oliver,Wright,Male,1996-09-02,England,16/06/2022
CUST12290,Joseph,Davies,Male,1961-07-23,England,09/09/2024
CUST12291,Mary,Walker,Female,1976-10-25,England,16/03/2022
CUST12292,Noah,White,Male,1981-03-07,England,19/01/2024
CUST12293,Michael,Taylor,Female,1991-12-05,England,07/04/2024
CUST12294,Olivia,Johnson,Female,1996-02-26,England,01/07/2024
CUST12295,Jessica,Robinson,Male,2006-08-03,England,03/03/2022
CUST12296,Noah,Walker,Male,1976-05-25,England,24/10/2024
CUST12297,David,Roberts,Male,2006-11-05,England,10/01/2022
CUST12298,David,Brown,Female,2006-03-24,England,28/06/2022
CUST12299,Susan,Williams,Male,1976-08-26,England,08/05/2022
CUST12300,James,Walker,Male,1961-02-07,England,25/01/2025
CUST12301,Charles,Wright,Female,1976-03-06,Scotland,26/02/2022
CUST12302,Jack,Evans,Male,1986-05-03,England,16/02/2024
CUST12303,Richard,Williams,Male,1986-10-22,England,14/01/2025
CUST12304,David,Roberts,Male,1986-04-10,England,17/09/2023
CUST12305,Noah,Williams,Female,1991-09-18,England,29/08/2024
CUST12306,David,Williams,Male,1986-07-17,England,08/03/2024
CUST12307,Amelia,Jones,Female,1986-12-14,England,10/07/2023
CUST12308,Olivia,Robinson,Female,1981-04-07,England,26/05/2024
CUST12309,Michael,Taylor,Male,1966-03-10,Scotland,02/01/2023
CUST12310,Noah,Brown,Male,1956-11-14,England,07/12/2023
CUST12311,Emily,Johnson,Male,2006-04-03,Northern Ireland,28/09/2023
CUST12312,Karen,Roberts,Male,1991-03-11,England,13/06/2023
CUST12313,Thomas,Brown,Male,1996-10-20,Northern Ireland,08/08/2022
CUST12314,Patricia,Wright,Female,1991-10-12,England,17/01/2022
CUST12315,Karen,Smith,Male,1996-01-11,England,22/02/2022
CUST12316,Susan,Smith,Male,2001-11-23,England,29/06/2024
CUST12317,Susan,Wilson,Male,1976-08-15,England,22/07/2022
CUST12318,Sarah,Wilson,Female,1986-04-20,England,03/10/2022
CUST12319,Charles,Wilson,Male,1966-07-02,England,14/11/2024
CUST12320,Charles,Taylor,Male,2006-03-26,England,10/03/2024
CUST12321,David,Smith,Female,2006-03-21,Wales,29/08/2021
CUST12322,Michael,Robinson,Male,1991-02-23,England,22/01/2025
CUST12323,Elizabeth,White,Female,2001-02-19,England,01/11/2022
CUST12324,Sarah,Smith,Male,1996-07-15,England,07/07/2024
CUST12325,Sarah,Roberts,Male,1956-10-15,England,10/02/2024
CUST12326,Joseph,Williams,Female,1996-06-17,England,07/08/2024
CUST12327,Linda,Walker,Male,1996-01-14,England,06/11/2021
CUST12328,John,Thompson,Male,1981-06-20,England,05/10/2024
CUST12329,David,Thompson,Female,1986-09-10,England,30/04/2022
CUST12330,Robert,Johnson,Female,1981-11-21,England,02/10/2024
CUST12331,Mary,Jones,Female,1991-09-10,England,21/02/2022
CUST12332,Michael,Brown,Male,1971-05-13,England,18/06/2022
CUST12333,William,Robinson,Male,2001-08-02,England,17/02/2022
CUST12334,Michael,White,Male,1991-01-25,England,13/03/2024
CUST12335,Linda,Jones,Male,1981-05-19,England,23/09/2022
CUST12336,Richard,Roberts,Female,1971-07-07,Scotland,30/12/2022
CUST12337,James,Davies,Female,1991-01-02,Scotland,26/02/2023
CUST12338,Patricia,Smith,Male,1986-01-24,Scotland,19/08/2023
CUST12339,David,Smith,Male,2006-10-01,England,20/09/2023
CUST12340,Sarah,Jones,Male,2001-03-14,England,28/03/2023
CUST12341,Noah,Davies,Female,2006-02-01,England,04/01/2025
CUST12342,Richard,Walker,Female,1976-08-19,England,30/12/2024
CUST12343,Robert,White,Female,1996-04-06,England,15/04/2022
CUST12344,Thomas,Wilson,Female,1976-12-12,England,04/11/2024
CUST12345,Joseph,Wright,Male,2006-12-16,England,11/02/2023
CUST12346,Robert,Williams,Female,1971-10-11,Scotland,03/11/2024
CUST12347,Jennifer,Evans,Male,1971-04-19,Scotland,05/08/2021
CUST12348,John,Wilson,Female,2001-11-14,England,14/03/2023
CUST12349,Harry,White,Female,2006-04-12,England,05/06/2024
CUST12350,Olivia,Jones,Female,2006-03-09,England,18/10/2021
CUST12351,Jack,Thompson,Female,1971-12-12,Scotland,08/09/2022
CUST12352,John,Williams,Male,1996-09-09,England,13/01/2024
CUST12353,Emily,Walker,Female,1986-02-16,England,27/11/2021
CUST12354,Olivia,Davies,Female,1991-11-21,England,29/11/2023
CUST12355,Charles,Robinson,Male,1976-02-17,England,24/11/2022
CUST12356,Charles,Johnson,Female,1986-09-01,England,20/11/2021
CUST12357,Oliver,Evans,Female,1986-06-23,Scotland,22/02/2023
CUST12358,Jennifer,Wright,Male,1956-01-22,England,19/12/2023
CUST12359,Sarah,Thompson,Female,2001-10-23,England,09/09/2024
CUST12360,Jennifer,Smith,Male,1971-09-02,England,25/07/2022
CUST12361,Jennifer,Williams,Male,2006-11-23,England,13/03/2022
CUST12362,Michael,Robinson,Male,1986-08-13,Northern Ireland,24/02/2023
CUST12363,Jack,Wilson,Female,1966-10-23,England,09/09/2022
CUST12364,Patricia,Roberts,Male,1981-11-22,England,29/07/2024
CUST12365,Thomas,Taylor,Female,1981-12-24,England,29/10/2022
CUST12366,Thomas,Williams,Female,1996-07-04,Northern Ireland,16/11/2021
CUST12367,David,Davies,Female,1991-01-15,England,20/12/2022
CUST12368,James,Wright,Male,1991-05-20,England,30/10/2022
CUST12369,Elizabeth,Davies,Male,1986-08-17,England,07/12/2021
CUST12370,Jennifer,Thompson,Female,1986-02-22,England,19/07/2022
CUST12371,Joseph,Taylor,Female,1991-02-20,England,21/09/2023
CUST12372,Jessica,Jones,Female,1991-05-01,England,26/09/2022
CUST12373,James,Wright,Male,1996-11-06,England,13/09/2023
CUST12374,Oliver,Thompson,Female,1991-04-18,England,29/04/2024
CUST12375,Jessica,Davies,Female,2001-12-10,England,03/02/2022
CUST12376,Thomas,Roberts,Male,1971-10-10,England,03/12/2024
CUST12377,Olivia,White,Female,1981-04-25,England,20/10/2022
CUST12378,John,Roberts,Male,2001-03-03,England,30/07/2022
CUST12379,George,Wright,Female,1976-10-15,Scotland,02/12/2021
CUST12380,Thomas,Brown,Male,1971-10-09,England,06/03/2024
CUST12381,Jessica,Taylor,Female,1996-08-02,England,29/05/2023
CUST12382,David,Smith,Male,2001-12-11,Scotland,27/04/2022
CUST12383,Elizabeth,Williams,Male,2006-02-11,England,28/05/2023
CUST12384,Susan,Robinson,Female,2006-05-13,Scotland,06/01/2025
CUST12385,John,Wright,Female,1976-08-05,England,04/04/2024
CUST12386,Karen,Taylor,Male,1956-01-20,Scotland,30/03/2023
CUST12387,Isla,Taylor,Female,2006-12-10,England,11/12/2021
CUST12388,Karen,Robinson,Female,1976-07-16,England,22/09/2022
CUST12389,Noah,Robinson,Female,2006-04-15,England,07/12/2024
CUST12390,Mary,Smith,Female,1981-03-16,England,10/02/2023
CUST12391,George,Robinson,Male,1976-01-14,England,05/01/2022
CUST12392,Jessica,Brown,Male,1991-08-09,England,15/11/2022
CUST12393,Richard,Williams,Male,2006-12-14,England,03/12/2022
CUST12394,Linda,White,Male,1981-01-15,England,07/07/2024
CUST12395,Emily,Thompson,Male,1956-05-01,England,15/08/2024
CUST12396,Joseph,Roberts,Male,1996-08-20,England,01/05/2024
CUST12397,Thomas,Wright,Female,1996-06-13,Northern Ireland,09/11/2024
CUST12398,Susan,Williams,Male,2001-08-08,England,14/10/2021
CUST12399,Amelia,Wilson,Male,1986-09-01,England,12/10/2024
CUST12400,Harry,Brown,Male,1981-12-09,England,28/04/2023
CUST12401,Harry,Walker,Male,1976-08-11,England,14/11/2024
CUST12402,Jessica,White,Female,1976-09-23,England,27/09/2022
CUST12403,Jack,Davies,Male,1966-04-18,Northern Ireland,28/08/2021
CUST12404,James,Jones,Female,1971-02-12,England,27/10/2022
CUST12405,Michael,Robinson,Female,1996-02-04,England,06/09/2022
CUST12406,Michael,Smith,Female,1986-02-08,Scotland,09/10/2022
CUST12407,Isla,Williams,Female,1996-10-25,England,21/07/2024
CUST12408,Oliver,Evans,Female,1991-01-04,Scotland,15/02/2022
CUST12409,Michael,Robinson,Male,1966-06-18,England,31/10/2023
CUST12410,John,Wilson,Male,1981-08-14,England,01/10/2022
CUST12411,Harry,Roberts,Female,1961-09-06,England,12/01/2024
CUST12412,Patricia,Brown,Female,1991-01-24,England,10/08/2022
CUST12413,William,Evans,Female,1986-11-11,England,04/02/2023
CUST12414,Patricia,Brown,Female,1986-06-18,Wales,03/04/2024
CUST12415,Michael,Wilson,Male,2001-01-03,England,08/04/2023
CUST12416,Isla,Walker,Male,1996-02-27,England,13/01/2023
CUST12417,Jennifer,Robinson,Male,1986-11-01,England,27/12/2023
CUST12418,Robert,Smith,Male,2006-12-09,Scotland,08/04/2024
CUST12419,Noah,Jones,Male,1966-10-25,England,07/01/2024
CUST12420,David,Wright,Male,2001-05-18,Scotland,16/02/2024
CUST12421,George,Smith,Female,1996-12-19,England,20/02/2022
CUST12422,Susan,Jones,Female,1976-04-09,England,02/03/2022
CUST12423,Barbara,Johnson,Female,2001-03-22,England,16/12/2022
CUST12424,Richard,Davies,Female,1966-10-26,England,24/07/2023
CUST12425,Richard,Jones,Female,1976-04-17,Scotland,28/11/2024
CUST12426,Noah,Thompson,Female,2006-07-06,England,30/08/2022
CUST12427,Sarah,Jones,Female,1976-08-25,England,20/11/2022
CUST12428,Charles,Jones,Male,1981-02-01,England,12/04/2022
CUST12429,Harry,Robinson,Male,1976-12-25,England,03/04/2023
CUST12430,Noah,Taylor,Male,1971-02-01,England,15/02/2024
CUST12431,Oliver,Williams,Male,1976-12-02,England,23/01/2025
CUST12432,William,Williams,Male,1981-04-02,Scotland,22/03/2022
CUST12433,Jessica,Wilson,Female,1991-06-06,England,23/12/2022
CUST12434,Michael,Taylor,Male,1976-04-20,England,27/01/2025
CUST12435,Emily,Davies,Male,1961-07-11,England,14/12/2022
CUST12436,Jennifer,Brown,Female,1981-01-03,Northern Ireland,30/01/2023
CUST12437,Thomas,Evans,Female,1981-03-10,England,05/11/2021
CUST12438,Jessica,Brown,Male,1986-07-27,England,14/01/2024
CUST12439,Amelia,White,Female,1976-09-15,England,17/06/2022
CUST12440,Robert,Walker,Female,1956-12-20,England,30/01/2024
CUST12441,Charles,White,Male,2001-11-08,England,07/11/2021
CUST12442,Patricia,Evans,Female,1996-12-15,England,07/08/2023
CUST12443,Linda,Brown,Female,1986-10-22,England,26/10/2021
CUST12444,David,Wright,Male,1986-10-19,England,30/03/2023
CUST12445,Olivia,Wilson,Male,1981-05-01,England,13/02/2025
CUST12446,Linda,Wright,Male,2006-11-17,England,07/06/2023
CUST12447,Joseph,Wright,Female,1991-12-22,England,20/10/2022
CUST12448,Linda,Jones,Female,1981-07-04,England,29/07/2022
CUST12449,Isla,Johnson,Male,1981-02-11,England,10/12/2022
CUST12450,Jennifer,Taylor,Male,1981-01-18,England,05/07/2024
CUST12451,Jack,Wright,Female,1976-06-01,England,25/10/2023
CUST12452,Elizabeth,Davies,Male,1981-08-20,England,18/02/2023
CUST12453,Charles,Evans,Female,1976-07-23,England,15/11/2023
CUST12454,Linda,Evans,Male,1981-11-15,England,26/09/2022
CUST12455,Olivia,Robinson,Male,1986-07-13,England,23/04/2022
CUST12456,Isla,Walker,Male,1981-08-03,England,12/07/2023
CUST12457,David,Johnson,Female,2001-10-20,England,30/08/2024
CUST12458,Noah,Brown,Male,1996-11-26,England,08/04/2022
CUST12459,Jennifer,Davies,Male,1986-08-24,England,31/01/2025
CUST12460,Olivia,Wilson,Female,1971-07-15,England,21/11/2023
CUST12461,Jessica,Roberts,Male,1981-01-01,England,23/09/2022
CUST12462,John,Thompson,Female,2001-08-08,England,06/11/2024
CUST12463,Olivia,Evans,Female,1981-03-08,England,10/11/2024
CUST12464,Susan,Taylor,Male,1996-05-01,England,01/05/2024
CUST12465,Susan,Wilson,Female,1976-07-04,England,05/10/2021
CUST12466,Emily,Taylor,Male,1971-01-16,England,12/04/2022
CUST12467,Patricia,Roberts,Male,1981-09-03,Wales,02/04/2024
CUST12468,Emily,Johnson,Female,1981-04-02,England,16/01/2024
CUST12469,Oliver,Robinson,Male,1991-07-26,England,22/08/2022
CUST12470,John,Williams,Male,1986-05-17,England,28/02/2023
CUST12471,Emily,Jones,Female,1971-05-22,England,29/07/2023
CUST12472,David,Walker,Male,1976-05-07,Wales,27/12/2023
CUST12473,Patricia,Roberts,Male,1986-01-10,England,10/01/2025
CUST12474,Elizabeth,Smith,Female,1991-03-17,England,08/11/2022
CUST12475,James,White,Female,2006-10-19,England,22/07/2022
CUST12476,Patricia,Walker,Female,2001-02-10,England,04/08/2023
CUST12477,Linda,Jones,Female,1996-06-25,England,23/04/2022
CUST12478,David,Williams,Female,1991-02-19,England,24/06/2023
CUST12479,David,White,Female,1961-07-06,England,21/05/2022
CUST12480,John,Wilson,Female,1986-08-03,England,30/03/2023
CUST12481,Amelia,Walker,Male,1996-06-01,England,18/09/2024
CUST12482,Noah,Roberts,Female,2001-10-23,England,24/06/2023
CUST12483,Jennifer,Smith,Male,1991-04-23,England,01/11/2022
CUST12484,Isla,Evans,Female,1971-07-13,England,09/05/2022
CUST12485,Richard,Brown,Female,1991-04-20,Scotland,23/01/2024
CUST12486,Barbara,Brown,Male,1976-07-24,England,30/05/2024
CUST12487,Elizabeth,Roberts,Male,1971-01-05,England,08/04/2024
CUST12488,William,Taylor,Male,2001-04-27,England,10/08/2021
CUST12489,Olivia,White,Female,1981-09-14,England,26/07/2023
CUST12490,Mary,Wilson,Male,1961-10-12,England,23/07/2022
CUST12491,Charles,Wright,Male,1991-04-05,England,25/09/2022
CUST12492,William,Davies,Male,2006-04-19,England,27/01/2025
CUST12493,Elizabeth,Robinson,Male,1966-04-17,England,12/12/2024
CUST12494,Elizabeth,White,Male,1966-04-01,Scotland,15/11/2022
CUST12495,Richard,Evans,Female,1986-12-18,England,23/09/2021
CUST12496,Olivia,Roberts,Male,1986-08-04,England,09/07/2023
CUST12497,Michael,Johnson,Female,1996-05-08,Wales,24/04/2022
CUST12498,Oliver,Wright,Male,1971-06-17,England,04/06/2024
CUST12499,Charles,White,Male,1986-07-22,Northern Ireland,28/05/2022
CUST12500,Richard,Wright,Male,2006-07-04,England,15/10/2022
CUST12501,Karen,Johnson,Male,1981-05-13,England,25/02/2023
CUST12502,William,Johnson,Male,1961-12-08,England,21/09/2023
CUST12503,Barbara,Jones,Male,1971-04-20,Scotland,19/04/2023
CUST12504,John,Davies,Female,1996-06-23,England,24/05/2022
CUST12505,George,Wright,Female,2006-01-18,England,04/06/2022
CUST12506,Sarah,White,Female,1961-06-22,England,29/11/2023
CUST12507,Patricia,Thompson,Male,1966-11-13,England,30/10/2022
CUST12508,Olivia,Walker,Male,1986-12-17,England,05/11/2021
CUST12509,Robert,Walker,Female,1981-06-08,England,28/09/2024
CUST12510,Karen,Thompson,Male,1986-02-27,England,21/05/2024
CUST12511,James,Smith,Female,1991-09-06,England,07/12/2024
CUST12512,Thomas,Wright,Male,2001-08-25,Wales,20/02/2024
CUST12513,Robert,Davies,Female,2001-12-21,England,02/01/2024
CUST12514,Thomas,Jones,Male,1996-07-27,England,14/12/2022
CUST12515,Mary,Jones,Female,1971-01-18,England,13/10/2023
CUST12516,Thomas,Smith,Female,2001-11-10,Northern Ireland,16/09/2022
CUST12517,Richard,Walker,Male,1996-09-08,England,10/02/2023
CUST12518,Thomas,Brown,Male,1986-10-05,England,25/01/2023
CUST12519,Jennifer,White,Male,1996-02-27,England,08/12/2021
CUST12520,Jack,Thompson,Female,2001-06-03,England,02/02/2025
CUST12521,Patricia,Jones,Male,1986-06-22,England,27/05/2024
CUST12522,Harry,Roberts,Female,1991-04-19,England,24/03/2023
CUST12523,Patricia,Evans,Female,1981-11-04,England,07/12/2021
CUST12524,Barbara,Smith,Male,1966-03-25,England,15/12/2023
CUST12525,Karen,Wilson,Female,2001-01-05,England,15/08/2023
CUST12526,Patricia,Brown,Female,1966-03-05,Wales,25/06/2022
CUST12527,Linda,Jones,Female,1966-12-15,England,20/02/2025
CUST12528,Emily,Robinson,Female,1971-02-03,England,13/04/2023
CUST12529,Oliver,Wilson,Male,1981-07-03,England,24/10/2022
CUST12530,Amelia,Brown,Female,1981-03-17,England,25/04/2022
CUST12531,Elizabeth,Walker,Male,1981-05-27,England,23/06/2023
CUST12532,Harry,Taylor,Male,1976-07-02,England,19/03/2023
CUST12533,Susan,Robinson,Male,2006-01-18,England,13/08/2024
CUST12534,Sarah,Wright,Female,1961-03-17,Northern Ireland,29/08/2024
CUST12535,Sarah,Thompson,Male,1981-08-02,England,18/06/2024
CUST12536,David,Roberts,Female,1976-01-05,England,06/03/2022
CUST12537,Isla,Davies,Female,1991-06-12,England,14/03/2022
CUST12538,Thomas,Wilson,Male,2006-08-19,England,15/04/2024
CUST12539,Olivia,Evans,Female,1986-03-06,Wales,08/06/2023
CUST12540,Barbara,Walker,Female,1986-02-12,England,16/01/2022
CUST12541,Jennifer,White,Male,1986-06-14,England,22/10/2024
CUST12542,Olivia,Williams,Female,1991-09-20,England,23/05/2023
CUST12543,Olivia,Brown,Female,1996-01-07,England,25/11/2022
CUST12544,Noah,Evans,Male,1986-05-19,Scotland,28/02/2022
CUST12545,Noah,White,Female,1991-12-23,England,04/10/2023
CUST12546,Mary,Taylor,Male,1961-05-16,England,24/04/2022
CUST12547,Jennifer,Smith,Female,2001-04-20,England,01/12/2021
CUST12548,Joseph,Roberts,Male,1991-09-05,England,27/10/2023
CUST12549,Olivia,Roberts,Female,1996-06-25,Scotland,31/03/2023
CUST12550,James,Roberts,Male,1986-05-09,England,12/06/2023
CUST12551,John,Johnson,Female,1986-10-06,Scotland,09/01/2025
CUST12552,Karen,Roberts,Male,1981-01-15,England,08/03/2024
CUST12553,David,Williams,Female,1961-09-11,England,12/04/2023
CUST12554,Thomas,Smith,Female,1996-05-13,England,16/05/2022
CUST12555,Jack,Brown,Male,1976-11-22,Wales,22/02/2022
CUST12556,Richard,Williams,Female,2006-09-15,England,10/09/2021
CUST12557,Patricia,Evans,Female,1996-12-11,England,28/12/2021
CUST12558,Robert,Smith,Female,1986-02-22,England,21/07/2023
CUST12559,Oliver,Jones,Male,2006-03-11,England,11/02/2025
CUST12560,Jack,Wright,Female,1981-11-26,England,17/09/2021
CUST12561,Susan,Roberts,Male,1981-05-27,England,14/09/2021
CUST12562,Barbara,White,Male,1976-10-13,Scotland,21/06/2023
CUST12563,Charles,Johnson,Female,1986-09-21,England,06/04/2022
CUST12564,Jennifer,Williams,Female,1981-06-20,England,15/03/2023
CUST12565,Richard,White,Female,1991-01-24,England,31/05/2023
CUST12566,Sarah,White,Female,2006-01-13,England,19/11/2024
CUST12567,Isla,Johnson,Male,2001-09-11,England,10/03/2024
CUST12568,Joseph,Wright,Female,1981-02-08,England,08/06/2024
CUST12569,Emily,Johnson,Male,1956-01-16,England,23/04/2024
CUST12570,Emily,Taylor,Male,2006-03-17,England,23/11/2021
CUST12571,Joseph,Johnson,Male,1986-11-13,England,27/02/2022
CUST12572,Jessica,Jones,Female,1976-08-09,England,02/06/2023
CUST12573,Emily,Robinson,Female,1971-09-13,Scotland,27/05/2024
CUST12574,Barbara,Thompson,Female,1986-08-14,England,29/01/2023
CUST12575,Robert,Walker,Female,1981-07-04,Scotland,26/01/2025
CUST12576,Thomas,Brown,Male,1976-04-18,England,16/09/2021
CUST12577,Emily,Walker,Female,1971-06-23,England,18/10/2021
CUST12578,Olivia,Evans,Female,2001-07-09,Wales,07/02/2023
CUST12579,Michael,Johnson,Male,1966-12-11,England,26/12/2021
CUST12580,Jennifer,Brown,Female,2006-11-03,Scotland,08/03/2022
CUST12581,Emily,Brown,Male,1971-09-16,England,29/10/2023
CUST12582,Jennifer,Williams,Male,2006-10-12,Wales,29/03/2022
CUST12583,Isla,Taylor,Female,1996-10-24,England,08/11/2024
CUST12584,Amelia,Brown,Male,2006-09-25,England,18/09/2023
CUST12585,Charles,Taylor,Female,1986-10-21,England,14/04/2024
CUST12586,Noah,Wright,Male,1991-01-06,England,14/10/2024
CUST12587,Elizabeth,Davies,Female,2001-01-06,England,07/05/2023
CUST12588,Olivia,Williams,Male,1986-06-14,England,08/06/2022
CUST12589,Barbara,Robinson,Female,1991-01-17,England,09/08/2022
CUST12590,Jack,Wilson,Male,1976-05-01,England,04/03/2024
CUST12591,George,Wilson,Male,1966-03-14,England,18/04/2023
CUST12592,Harry,Wilson,Female,1981-12-03,England,22/07/2024
CUST12593,Charles,Taylor,Female,2001-08-08,Scotland,26/11/2021
CUST12594,Susan,Johnson,Male,1996-01-10,Wales,23/08/2021
CUST12595,Harry,Taylor,Male,1966-08-02,England,24/07/2023
CUST12596,David,Roberts,Female,2001-09-08,England,08/04/2023
CUST12597,Joseph,Williams,Female,1991-04-18,England,16/07/2023
CUST12598,Patricia,Robinson,Male,1961-11-27,Scotland,03/07/2024
CUST12599,Robert,Wilson,Male,1961-12-22,Scotland,11/04/2023
CUST12600,Jack,Roberts,Female,1991-12-09,England,01/09/2023
CUST12601,Karen,Taylor,Male,1981-02-26,England,02/09/2023
CUST12602,Emily,Williams,Female,1986-06-12,England,28/02/2024
CUST12603,Isla,Thompson,Female,1976-10-10,England,26/03/2022
CUST12604,Karen,Smith,Female,2006-06-23,England,10/09/2022
CUST12605,Susan,Roberts,Female,2001-06-11,England,26/09/2021
CUST12606,Jennifer,Robinson,Male,1981-04-20,England,09/09/2022
CUST12607,Karen,Thompson,Male,1996-06-05,England,01/11/2024
CUST12608,Mary,Davies,Male,1981-09-09,England,29/01/2025
CUST12609,Richard,Walker,Male,1991-01-27,England,18/07/2023
CUST12610,Michael,White,Male,1966-10-07,England,04/08/2022
CUST12611,Joseph,Jones,Male,1971-09-23,England,06/07/2022
CUST12612,Elizabeth,Brown,Male,1986-02-13,England,07/03/2023
CUST12613,Charles,Evans,Female,1976-10-26,England,24/11/2023
CUST12614,Barbara,Williams,Male,1996-07-12,England,07/03/2022
CUST12615,Patricia,Evans,Male,1986-04-14,England,05/07/2024
CUST12616,John,Davies,Male,1996-06-11,Wales,14/01/2022
CUST12617,Olivia,Brown,Female,1971-07-06,England,02/05/2022
CUST12618,Elizabeth,Smith,Female,1971-03-23,England,11/11/2022
CUST12619,John,Evans,Male,1966-08-16,England,27/10/2021
CUST12620,Karen,White,Male,1971-08-14,England,13/07/2023
CUST12621,David,Wright,Male,1961-05-11,England,19/02/2025
CUST12622,Mary,White,Female,1996-06-21,England,08/12/2022
CUST12623,Charles,Smith,Male,1966-08-10,England,11/05/2024
CUST12624,David,Walker,Male,1981-07-07,England,23/07/2024
CUST12625,Susan,Williams,Male,1991-06-03,England,08/04/2023
CUST12626,Thomas,Thompson,Male,1986-12-24,England,29/09/2022
CUST12627,John,Smith,Male,1991-11-02,England,12/11/2023
CUST12628,John,Taylor,Male,1996-05-23,England,05/07/2023
CUST12629,Charles,Evans,Female,1996-09-11,England,09/09/2024
CUST12630,Robert,Williams,Male,2001-10-01,England,20/07/2023
CUST12631,Jack,Taylor,Male,1986-02-26,England,28/08/2021
CUST12632,John,Taylor,Female,1966-08-21,England,01/10/2021
CUST12633,Michael,Wilson,Male,1981-10-20,England,24/10/2022
CUST12634,John,Brown,Male,1986-01-15,England,03/12/2024
CUST12635,Jessica,Wright,Male,1991-05-21,England,20/11/2022
CUST12636,Isla,Robinson,Male,1986-10-04,England,05/02/2023
CUST12637,Noah,Wilson,Female,1996-12-07,England,02/07/2023
CUST12638,William,White,Female,1971-12-15,England,23/01/2024
CUST12639,Patricia,Jones,Female,1996-08-20,Northern Ireland,16/08/2021
CUST12640,David,Brown,Female,1976-01-16,England,23/04/2022
CUST12641,Olivia,Smith,Female,1976-01-11,England,08/02/2025
CUST12642,Charles,White,Male,1981-10-19,England,26/04/2022
CUST12643,Thomas,Jones,Male,1971-09-02,Scotland,31/01/2023
CUST12644,Patricia,Jones,Male,1996-03-14,England,11/08/2021
CUST12645,Karen,Jones,Male,1966-02-11,England,13/10/2022
CUST12646,Olivia,Jones,Female,1976-02-14,England,29/06/2024
CUST12647,Linda,Robinson,Male,1976-11-04,England,28/03/2022
CUST12648,Jack,Walker,Female,1981-10-25,England,24/12/2022
CUST12649,Elizabeth,Walker,Male,1971-12-24,England,11/03/2024
CUST12650,Noah,Walker,Male,1956-02-26,England,30/08/2024
CUST12651,Sarah,Wright,Female,1991-09-23,Wales,04/10/2021
CUST12652,Sarah,Taylor,Female,1971-12-18,England,29/01/2024
CUST12653,Linda,Taylor,Male,1976-07-08,England,26/09/2024
CUST12654,Olivia,Davies,Female,1986-10-04,England,26/03/2023
CUST12655,Barbara,Brown,Male,1966-08-17,Scotland,09/06/2024
CUST12656,Linda,Evans,Male,1991-01-26,England,20/07/2022
CUST12657,Joseph,Smith,Female,1986-06-10,England,31/01/2022
CUST12658,Jack,Thompson,Male,2001-04-27,England,22/10/2022
CUST12659,James,Roberts,Male,1996-02-05,England,07/02/2024
CUST12660,David,Wright,Male,1971-08-08,Northern Ireland,09/11/2024
CUST12661,Susan,Brown,Female,1991-12-18,England,13/09/2024
CUST12662,Patricia,Taylor,Male,1991-01-14,England,13/09/2023
CUST12663,Oliver,Roberts,Male,1996-04-21,England,14/02/2022
CUST12664,Amelia,White,Male,1986-09-10,England,20/04/2022
CUST12665,Charles,Robinson,Female,1971-04-21,Scotland,15/12/2022
CUST12666,Barbara,Johnson,Female,1966-02-09,England,18/07/2022
CUST12667,Thomas,Brown,Female,2006-03-05,England,18/10/2023
CUST12668,Emily,Thompson,Female,1981-01-16,England,12/12/2024
CUST12669,John,Roberts,Male,1986-12-14,Wales,17/06/2024
CUST12670,Harry,Wright,Female,1981-06-16,England,05/12/2021
CUST12671,David,Thompson,Male,1986-12-01,England,26/01/2023
CUST12672,David,Johnson,Male,1991-09-12,England,13/10/2021
CUST12673,Noah,Robinson,Female,1986-05-03,England,20/12/2024
CUST12674,Olivia,Thompson,Male,1981-12-22,England,17/05/2023
CUST12675,William,Roberts,Male,1986-04-03,Wales,22/02/2022
CUST12676,Mary,Williams,Female,1986-03-26,England,03/04/2023
CUST12677,Barbara,Brown,Male,1971-10-02,England,23/10/2023
CUST12678,Jack,Wilson,Male,1976-07-17,England,08/02/2023
CUST12679,William,Williams,Male,1991-06-10,England,16/08/2021
CUST12680,Harry,Robinson,Male,1971-08-03,England,02/06/2024
CUST12681,Olivia,Davies,Female,1971-12-10,England,23/12/2022
CUST12682,William,Robinson,Female,2001-04-02,England,25/11/2022
CUST12683,Barbara,Robinson,Male,1981-11-19,England,14/05/2022
CUST12684,Linda,Wilson,Female,1996-11-24,England,07/06/2024
CUST12685,Michael,Wilson,Male,1976-10-09,Scotland,04/04/2023
CUST12686,Amelia,Wright,Male,1996-02-12,England,22/03/2023
CUST12687,Jessica,Wright,Female,1981-02-04,England,22/10/2024
CUST12688,Joseph,White,Male,1996-02-14,England,03/08/2023
CUST12689,Sarah,White,Female,1986-09-26,England,25/07/2024
CUST12690,James,Taylor,Female,1961-05-15,Scotland,02/12/2022
CUST12691,Oliver,Evans,Male,1991-12-24,England,26/03/2024
CUST12692,David,Robinson,Male,1971-01-22,England,05/02/2024
CUST12693,Robert,Walker,Female,1956-05-04,England,06/07/2023
CUST12694,Mary,Roberts,Female,1971-04-02,England,01/02/2025
CUST12695,George,White,Female,2001-11-10,England,26/02/2023
CUST12696,Harry,Evans,Male,1971-02-26,England,12/02/2022
CUST12697,Elizabeth,Evans,Male,2006-05-05,England,06/12/2022
CUST12698,Jennifer,White,Female,1991-11-02,England,08/07/2024
CUST12699,Joseph,Wilson,Female,1971-12-26,Wales,11/08/2024
CUST12700,Amelia,Wright,Female,1981-11-06,England,24/07/2024
CUST12701,Patricia,Smith,Male,1986-08-10,England,09/11/2021
CUST12702,Jennifer,Wilson,Male,1991-02-22,England,06/05/2023
CUST12703,Barbara,Robinson,Female,1971-02-03,England,12/08/2021
CUST12704,Susan,Williams,Male,1976-05-05,England,28/06/2023
CUST12705,Jessica,Roberts,Female,1986-06-20,Scotland,25/10/2023
CUST12706,Susan,Jones,Male,1966-07-01,England,10/02/2024
CUST12707,Jennifer,White,Female,1996-01-20,England,18/07/2024
CUST12708,Mary,Walker,Female,2001-09-15,England,12/09/2021
CUST12709,James,Walker,Female,1981-05-07,England,05/06/2022
CUST12710,Michael,Robinson,Female,1961-02-17,England,07/07/2023
CUST12711,Noah,Johnson,Male,1996-11-09,England,02/02/2025
CUST12712,Karen,Evans,Male,1996-05-26,England,18/05/2022
CUST12713,Jennifer,Williams,Male,2001-03-12,England,01/09/2021
CUST12714,Joseph,Davies,Male,1971-06-21,England,21/02/2023
CUST12715,Thomas,Thompson,Male,1996-12-08,Scotland,17/01/2022
CUST12716,Jennifer,Thompson,Female,1986-10-23,England,13/03/2024
CUST12717,Olivia,Jones,Female,1956-02-08,England,30/08/2023
CUST12718,Harry,Williams,Female,2006-09-14,England,04/10/2023
CUST12719,Elizabeth,Brown,Male,1986-08-22,Scotland,27/08/2024
CUST12720,Sarah,Thompson,Female,1986-11-26,England,13/09/2023
CUST12721,Elizabeth,Wright,Female,1971-12-21,Scotland,23/01/2023
CUST12722,John,Robinson,Female,1991-09-19,England,09/09/2022
CUST12723,Emily,Wright,Male,1991-08-19,England,07/02/2024
CUST12724,Amelia,Davies,Male,2001-05-11,England,17/05/2022
CUST12725,Charles,White,Female,1976-11-19,England,02/12/2023
CUST12726,Harry,Johnson,Male,1976-12-16,England,25/07/2022
CUST12727,Sarah,Evans,Male,2001-12-15,England,27/10/2021
CUST12728,Olivia,Brown,Male,1991-12-09,Scotland,03/12/2023
CUST12729,James,Smith,Female,1966-08-10,England,04/01/2022
CUST12730,Jennifer,Davies,Female,2006-12-04,England,24/11/2021
CUST12731,Sarah,Davies,Female,1996-10-20,Northern Ireland,14/01/2024
CUST12732,Thomas,Walker,Male,1986-03-01,England,20/11/2022
CUST12733,Elizabeth,Jones,Female,1991-01-04,England,16/04/2024
CUST12734,Robert,White,Male,1996-12-08,England,29/11/2023
CUST12735,Olivia,Robinson,Female,1986-06-04,Scotland,20/09/2021
CUST12736,Michael,Robinson,Female,1996-11-21,Northern Ireland,08/07/2024
CUST12737,Jennifer,Roberts,Male,1986-04-04,England,07/04/2023
CUST12738,Joseph,Davies,Female,1976-05-13,Scotland,12/02/2022
CUST12739,Isla,Walker,Male,1981-10-20,England,15/04/2022
CUST12740,David,Roberts,Female,2001-07-16,England,25/04/2022
CUST12741,Barbara,Williams,Male,1971-09-16,England,20/11/2024
CUST12742,Isla,Brown,Male,2001-04-10,England,24/02/2024
CUST12743,Joseph,White,Male,1976-08-13,England,15/11/2021
CUST12744,James,Jones,Female,1991-06-21,England,17/01/2022
CUST12745,Elizabeth,Smith,Male,1976-12-13,England,04/11/2023
CUST12746,Charles,Smith,Male,1996-06-19,England,28/11/2024
CUST12747,Robert,Evans,Female,1996-02-23,England,16/11/2024
CUST12748,Thomas,Taylor,Female,1986-09-07,England,19/03/2022
CUST12749,Patricia,White,Female,2006-12-04,England,04/04/2024
CUST12750,David,Thompson,Female,1996-11-13,England,17/07/2023
CUST12751,Susan,Robinson,Female,1976-02-11,England,30/10/2023
CUST12752,Susan,Smith,Male,1971-12-05,England,27/11/2021
CUST12753,Harry,Robinson,Male,2001-05-21,England,02/10/2024
CUST12754,Richard,Evans,Male,1966-11-17,England,11/09/2022
CUST12755,Patricia,Wilson,Female,1976-08-18,England,10/08/2024
CUST12756,Sarah,Robinson,Male,1971-12-20,Wales,08/11/2022
CUST12757,Olivia,Wright,Male,1976-05-12,England,24/06/2024
CUST12758,Oliver,Taylor,Male,1981-08-14,England,28/04/2022
CUST12759,Mary,Wilson,Female,1986-09-07,England,24/06/2023
CUST12760,Noah,Walker,Male,1981-02-20,England,25/08/2021
CUST12761,Joseph,Williams,Female,1966-10-26,England,08/05/2023
CUST12762,Patricia,Wilson,Male,2001-02-24,England,19/08/2022
CUST12763,Karen,Wright,Female,1991-10-12,England,21/04/2022
CUST12764,John,Davies,Male,2006-02-02,Wales,10/11/2023
CUST12765,Amelia,Wright,Male,1961-03-24,England,21/12/2022
CUST12766,Oliver,Roberts,Female,1986-06-16,England,05/08/2024
CUST12767,Barbara,Davies,Male,1981-03-22,England,30/03/2022
CUST12768,John,Wilson,Male,1971-01-09,England,05/06/2024
CUST12769,Sarah,Walker,Male,1956-01-24,England,30/01/2025
CUST12770,Richard,Walker,Male,2001-04-23,England,25/04/2022
CUST12771,Harry,Smith,Female,1976-06-01,England,23/11/2022
CUST12772,George,Thompson,Male,1966-01-16,England,02/08/2022
CUST12773,Jack,Robinson,Female,2006-02-13,Wales,20/12/2021
CUST12774,Olivia,Brown,Female,1976-08-18,Wales,18/05/2022
CUST12775,Michael,Walker,Female,1991-04-08,England,05/09/2021
CUST12776,Olivia,Wilson,Male,1981-10-03,England,08/03/2024
CUST12777,David,Evans,Female,1986-11-08,Scotland,07/09/2024
CUST12778,Noah,Brown,Male,1996-01-15,Wales,03/05/2022
CUST12779,Barbara,Wilson,Female,2001-12-08,England,07/12/2021
CUST12780,Noah,Taylor,Male,2001-09-13,England,27/12/2024
CUST12781,Susan,Brown,Female,2001-10-11,England,16/05/2024
CUST12782,John,Thompson,Female,1981-06-19,England,02/09/2024
CUST12783,Amelia,Roberts,Female,1991-01-12,England,22/01/2025
CUST12784,Jack,Brown,Male,1996-11-04,England,04/02/2024
CUST12785,Robert,Williams,Male,1976-07-18,England,08/06/2023
CUST12786,Jessica,Taylor,Male,1981-01-06,England,20/05/2024
CUST12787,Thomas,Jones,Female,1986-02-09,Scotland,10/08/2022
CUST12788,Thomas,Wilson,Female,1966-03-20,England,28/02/2024
CUST12789,Amelia,Williams,Female,1991-05-08,England,23/03/2022
CUST12790,Isla,Jones,Female,1971-06-02,England,25/07/2023
CUST12791,George,Evans,Male,2006-06-10,Wales,09/01/2024
CUST12792,Susan,Brown,Male,1976-11-11,England,20/09/2022
CUST12793,Harry,Williams,Female,1956-12-19,Scotland,06/08/2024
CUST12794,Harry,Wilson,Female,1971-09-20,England,10/01/2022
CUST12795,Michael,Smith,Female,1981-08-01,England,17/12/2022
CUST12796,Emily,Roberts,Female,1981-11-21,England,12/08/2022
CUST12797,Olivia,Taylor,Male,1991-04-21,Northern Ireland,25/11/2022
CUST12798,Patricia,Davies,Male,1981-07-05,England,27/02/2022
CUST12799,William,Roberts,Female,1976-08-10,Scotland,05/05/2023
CUST12800,James,Taylor,Female,1956-04-21,England,29/06/2022
CUST12801,Jennifer,Johnson,Female,1986-12-16,England,25/04/2022
CUST12802,Harry,Davies,Female,2006-03-10,England,07/11/2023
CUST12803,Olivia,Wilson,Female,1981-01-21,England,22/11/2024
CUST12804,Patricia,Williams,Male,2001-04-18,England,02/11/2021
CUST12805,Michael,Davies,Male,1996-10-14,England,09/03/2023
CUST12806,Richard,Roberts,Male,1991-05-01,England,15/12/2022
CUST12807,Richard,Williams,Female,1976-03-18,England,12/06/2023
CUST12808,Mary,Johnson,Male,1996-11-05,Wales,30/01/2022
CUST12809,Elizabeth,Jones,Female,2001-02-25,England,11/09/2021
CUST12810,Emily,Thompson,Female,2006-02-06,Wales,17/02/2025
CUST12811,George,Roberts,Female,1971-11-01,Scotland,23/12/2023
CUST12812,Robert,Walker,Female,1976-04-11,England,14/05/2022
CUST12813,Sarah,White,Male,2006-01-10,England,02/08/2023
CUST12814,John,Johnson,Male,2006-06-10,England,06/11/2023
CUST12815,Jennifer,Roberts,Female,1986-09-26,England,26/06/2022
CUST12816,Richard,Taylor,Male,1996-10-08,England,02/12/2022
CUST12817,Charles,Smith,Female,1981-02-23,Northern Ireland,04/04/2022
CUST12818,Oliver,Roberts,Female,1986-04-05,England,20/05/2023
CUST12819,Elizabeth,Smith,Female,1966-08-17,Scotland,13/07/2024
CUST12820,Michael,Brown,Male,1996-08-04,England,29/10/2021
CUST12821,Noah,Walker,Female,1981-08-07,England,25/03/2022
CUST12822,Amelia,Jones,Female,2006-05-04,England,18/08/2022
CUST12823,Oliver,Johnson,Male,1961-11-09,England,20/11/2024
CUST12824,John,Thompson,Female,1956-01-13,Wales,09/01/2022
CUST12825,Charles,Williams,Female,1976-10-24,England,29/03/2024
CUST12826,Amelia,Jones,Male,1986-12-21,England,09/10/2023
CUST12827,Linda,Thompson,Male,1996-09-19,England,16/02/2024
CUST12828,Patricia,Jones,Female,1971-06-14,England,09/10/2023
CUST12829,Jennifer,White,Male,1976-05-08,England,01/05/2024
CUST12830,Jennifer,Wilson,Female,1996-06-09,England,27/01/2025
CUST12831,Barbara,Davies,Male,1986-02-04,England,15/09/2023
CUST12832,Isla,Robinson,Male,1986-03-18,England,19/12/2024
CUST12833,Isla,Walker,Male,1971-08-22,England,26/09/2022
CUST12834,Oliver,Roberts,Female,1981-07-15,Scotland,30/03/2024
CUST12835,Mary,Brown,Male,1981-06-16,England,19/05/2023
CUST12836,John,Jones,Female,1981-06-11,Scotland,13/03/2023
CUST12837,Noah,White,Female,1996-01-27,England,19/06/2022
CUST12838,Charles,Jones,Male,1991-11-24,Wales,20/08/2023
CUST12839,Michael,Thompson,Female,2006-12-11,England,06/02/2024
CUST12840,Michael,Taylor,Female,1976-03-21,England,06/09/2023
CUST12841,Charles,Smith,Male,1986-04-10,Scotland,01/10/2023
CUST12842,Harry,White,Male,1986-08-04,Wales,19/07/2022
CUST12843,Richard,Walker,Female,1996-01-08,England,19/12/2021
CUST12844,Linda,Brown,Female,1996-02-23,England,12/08/2022
CUST12845,Elizabeth,Taylor,Female,1981-11-14,Wales,26/03/2023
CUST12846,David,Robinson,Female,1996-03-24,England,29/07/2024
CUST12847,Susan,Jones,Male,2006-07-09,England,10/08/2022
CUST12848,Jennifer,Wilson,Male,1976-11-13,England,20/08/2024
CUST12849,Charles,Davies,Female,1991-09-02,England,20/03/2024
CUST12850,Charles,Wright,Female,1991-04-22,Scotland,29/06/2023
CUST12851,Jennifer,Evans,Male,1986-02-09,England,16/09/2022
CUST12852,Sarah,Wright,Female,1971-09-03,Wales,16/11/2021
CUST12853,George,Wilson,Female,1991-05-06,Northern Ireland,27/11/2024
CUST12854,Karen,Walker,Female,1976-12-18,Northern Ireland,21/07/2024
CUST12855,Barbara,Roberts,Female,1966-08-23,England,02/03/2022
CUST12856,Elizabeth,Johnson,Male,1981-01-26,England,28/11/2023
CUST12857,Barbara,Jones,Female,1986-04-07,England,17/03/2024
CUST12858,James,Evans,Male,1976-09-16,England,09/05/2024
CUST12859,Emily,Johnson,Female,1986-09-13,Northern Ireland,06/12/2023
CUST12860,Patricia,Brown,Female,1991-09-20,England,28/12/2024
CUST12861,Jessica,Roberts,Female,1986-03-19,England,08/06/2023
CUST12862,Linda,Smith,Male,1991-03-02,England,21/11/2024
CUST12863,Jessica,Davies,Female,2001-03-05,England,05/12/2023
CUST12864,Oliver,Williams,Female,1991-09-16,England,12/02/2025
CUST12865,Richard,Smith,Female,2001-01-15,England,20/04/2023
CUST12866,Harry,Roberts,Female,1991-10-24,England,09/09/2021
CUST12867,Robert,Walker,Male,1986-04-23,Scotland,20/03/2023
CUST12868,Susan,Johnson,Male,1966-06-02,Scotland,09/09/2023
CUST12869,John,White,Male,2006-03-16,England,09/05/2023
CUST12870,William,Brown,Male,1981-06-11,Wales,03/01/2022
CUST12871,Elizabeth,Taylor,Male,1986-10-14,England,16/07/2022
CUST12872,Olivia,Davies,Male,2006-03-02,England,08/06/2022
CUST12873,Charles,Walker,Male,1996-07-23,England,28/09/2022
CUST12874,Harry,Williams,Female,2001-01-05,England,21/11/2022
CUST12875,Emily,Jones,Male,1996-03-26,England,22/10/2023
CUST12876,Noah,Johnson,Male,1996-09-26,England,11/05/2024
CUST12877,Michael,Taylor,Male,1991-07-23,England,15/03/2024
CUST12878,Amelia,Wright,Male,1986-08-04,Wales,08/12/2024
CUST12879,Jennifer,Wright,Female,2006-03-12,England,19/11/2022
CUST12880,Emily,Brown,Female,2001-03-01,England,07/09/2023
CUST12881,William,Walker,Female,2001-06-17,England,14/07/2023
CUST12882,John,Wilson,Female,1986-02-24,England,25/02/2024
CUST12883,George,Wilson,Male,1991-11-15,England,07/10/2022
CUST12884,Olivia,Jones,Male,1986-04-01,England,13/11/2023
CUST12885,George,White,Female,1996-09-09,England,26/11/2023
CUST12886,Karen,Johnson,Male,2006-02-05,England,23/02/2023
CUST12887,Michael,Thompson,Male,1961-08-12,England,26/01/2022
CUST12888,Mary,Evans,Male,2001-03-11,England,05/01/2024
CUST12889,Olivia,Roberts,Male,2001-04-23,England,31/08/2021
CUST12890,James,Johnson,Male,2001-05-06,England,06/08/2024
CUST12891,Joseph,Roberts,Female,1956-02-09,England,23/05/2023
CUST12892,Jessica,Robinson,Male,1981-02-07,England,25/10/2022
CUST12893,William,Thompson,Female,1981-10-25,England,10/11/2024
CUST12894,Mary,Wilson,Male,1956-05-08,Northern Ireland,08/09/2022
CUST12895,Joseph,Taylor,Male,2001-07-27,Northern Ireland,16/01/2024
CUST12896,Karen,Roberts,Female,1961-08-18,Wales,01/03/2022
CUST12897,Michael,White,Male,1996-08-09,England,09/11/2024
CUST12898,Richard,Evans,Female,1981-08-17,England,26/09/2023
CUST12899,Jennifer,Evans,Male,1991-12-04,Scotland,07/02/2025
CUST12900,Thomas,Wright,Male,1991-08-25,Scotland,04/04/2022
CUST12901,Linda,Evans,Female,1966-05-26,England,20/11/2022
CUST12902,David,Walker,Male,2001-04-08,Scotland,07/12/2024
CUST12903,Jennifer,Smith,Male,1956-10-05,England,20/05/2022
CUST12904,Olivia,Williams,Female,1991-06-12,England,04/03/2024
CUST12905,Noah,Robinson,Male,1981-07-21,England,25/09/2024
CUST12906,Jessica,Johnson,Male,1961-10-17,England,06/02/2025
CUST12907,Jennifer,Thompson,Male,2006-03-02,Northern Ireland,23/12/2023
CUST12908,David,Williams,Male,1966-03-01,England,05/06/2022
CUST12909,Susan,Smith,Female,1986-01-07,England,13/10/2021
CUST12910,Emily,Wilson,Male,1976-01-21,England,22/03/2022
CUST12911,Amelia,Williams,Male,2001-08-08,England,17/12/2022
CUST12912,Emily,Davies,Male,1986-07-25,Northern Ireland,03/12/2024
CUST12913,Oliver,Robinson,Male,1981-04-09,England,06/08/2023
CUST12914,Charles,Thompson,Female,1986-03-25,England,27/05/2023
CUST12915,Sarah,Wilson,Male,2001-09-25,England,18/08/2021
CUST12916,Karen,Williams,Male,1996-02-20,England,19/10/2021
CUST12917,Linda,White,Male,1971-09-05,England,02/03/2024
CUST12918,James,White,Female,2006-11-02,England,21/10/2024
CUST12919,Noah,Davies,Male,1976-06-05,England,14/01/2023
CUST12920,Michael,Roberts,Female,1956-06-18,England,21/11/2023
CUST12921,Elizabeth,White,Female,2006-07-19,England,05/06/2024
CUST12922,Patricia,Davies,Female,2001-02-27,England,20/11/2022
CUST12923,James,Taylor,Male,1981-08-26,England,04/11/2024
CUST12924,David,Davies,Female,2006-05-09,England,23/12/2024
CUST12925,Sarah,Wright,Male,1981-06-11,England,06/12/2021
CUST12926,Jessica,Davies,Female,1981-01-21,England,15/05/2023
CUST12927,Richard,Walker,Female,1981-11-21,England,03/02/2022
CUST12928,Joseph,Taylor,Male,1991-05-09,England,06/08/2024
CUST12929,Oliver,Walker,Male,1976-01-01,Scotland,29/09/2024
CUST12930,Olivia,Evans,Male,1981-10-03,England,15/06/2022
CUST12931,Mary,Wilson,Female,1996-12-23,England,28/11/2021
CUST12932,Noah,Roberts,Female,1986-07-10,England,02/02/2024
CUST12933,Isla,Johnson,Male,1966-01-20,Wales,17/05/2024
CUST12934,Joseph,Roberts,Male,1981-12-22,Scotland,14/10/2024
CUST12935,Mary,Taylor,Male,1986-03-25,England,16/03/2022
CUST12936,Jennifer,Johnson,Male,1991-03-14,England,25/11/2021
CUST12937,Mary,Smith,Male,2001-09-18,England,12/04/2024
CUST12938,Michael,Roberts,Male,1996-04-06,England,14/08/2023
CUST12939,Oliver,Thompson,Female,2006-02-26,England,20/05/2022
CUST12940,John,Williams,Male,1956-09-24,England,15/02/2022
CUST12941,Mary,Smith,Female,1996-04-11,England,24/02/2024
CUST12942,Isla,White,Female,1971-11-10,Northern Ireland,06/01/2022
CUST12943,Patricia,White,Female,2001-02-20,England,03/04/2023
CUST12944,Michael,White,Female,1996-11-12,England,21/04/2022
CUST12945,Harry,Wright,Female,1991-09-20,England,16/12/2021
CUST12946,Jessica,Evans,Male,1991-03-03,England,18/05/2024
CUST12947,Linda,White,Male,1976-07-08,England,06/05/2024
CUST12948,Robert,Wright,Male,1961-12-22,England,02/09/2022
CUST12949,Harry,Wright,Male,1971-01-25,England,21/09/2023
CUST12950,Emily,Johnson,Female,2001-10-01,Scotland,28/08/2023
CUST12951,Jennifer,Thompson,Male,1976-06-22,England,12/06/2023
CUST12952,Thomas,Taylor,Male,2001-12-02,England,18/05/2022
CUST12953,Elizabeth,Jones,Male,1966-03-24,England,23/12/2022
CUST12954,Karen,Jones,Male,1986-09-07,England,10/01/2025
CUST12955,Susan,White,Female,1991-12-10,England,23/04/2022
CUST12956,Olivia,Jones,Male,2001-05-20,Scotland,28/06/2022
CUST12957,Sarah,White,Female,2006-02-23,England,30/04/2024
CUST12958,Elizabeth,Roberts,Female,1996-05-12,Scotland,29/03/2023
CUST12959,Robert,Walker,Male,1966-08-09,Wales,09/06/2024
CUST12960,Sarah,Brown,Female,1976-08-27,England,11/03/2024
CUST12961,Amelia,Davies,Male,1961-06-27,England,06/09/2022
CUST12962,Susan,Taylor,Male,2001-12-15,England,26/10/2024
CUST12963,James,Thompson,Male,1981-07-01,England,22/01/2025
CUST12964,Jennifer,White,Female,1996-08-27,Scotland,18/02/2023
CUST12965,George,Roberts,Male,1986-12-17,England,07/12/2021
CUST12966,Charles,Walker,Male,1991-12-15,England,24/10/2022
CUST12967,Linda,Wilson,Female,1996-05-04,England,16/06/2024
CUST12968,Jennifer,Wilson,Male,1981-04-27,England,10/12/2022
CUST12969,David,Wilson,Male,1996-09-20,England,24/02/2025
CUST12970,Mary,Wilson,Male,1986-07-06,England,29/03/2022
CUST12971,Harry,Johnson,Female,1981-06-10,England,26/01/2023
CUST12972,Isla,Davies,Male,2001-09-10,England,10/08/2024
CUST12973,Elizabeth,Brown,Male,1966-08-24,England,23/10/2021
CUST12974,Oliver,Evans,Female,1986-11-13,England,17/05/2022
CUST12975,Richard,Johnson,Male,1971-05-24,England,31/10/2023
CUST12976,Elizabeth,Brown,Female,1981-10-19,England,28/05/2022
CUST12977,Olivia,Smith,Male,1976-03-10,England,10/05/2024
CUST12978,James,Evans,Female,1976-12-11,England,11/07/2022
CUST12979,Elizabeth,Roberts,Male,1971-02-22,England,20/05/2024
CUST12980,Harry,Brown,Female,1981-10-14,England,27/10/2024
CUST12981,Jack,Brown,Male,1996-02-19,England,26/10/2021
CUST12982,Barbara,Roberts,Male,2001-11-04,England,10/10/2023
CUST12983,John,Johnson,Male,1981-12-12,Scotland,09/01/2024
CUST12984,Noah,Jones,Female,2006-10-16,England,31/10/2023
CUST12985,George,Roberts,Female,1996-10-10,England,06/12/2024
CUST12986,Jessica,Thompson,Female,2006-06-23,England,31/12/2023
CUST12987,Robert,Johnson,Female,1986-03-06,England,25/12/2022
CUST12988,Mary,Thompson,Female,2001-12-23,England,12/10/2023
CUST12989,Elizabeth,Brown,Female,1981-07-02,England,17/07/2024
CUST12990,Joseph,Taylor,Female,1976-10-12,England,02/09/2021
CUST12991,Mary,Roberts,Female,1971-09-14,Wales,23/04/2024
CUST12992,Patricia,Williams,Male,1991-09-07,Wales,22/12/2021
CUST12993,Olivia,Thompson,Male,1986-05-15,England,07/06/2024
CUST12994,Jennifer,Taylor,Male,1986-06-25,England,16/04/2024
CUST12995,George,White,Male,1986-06-12,England,30/04/2023
CUST12996,Jennifer,White,Female,1981-08-15,England,07/01/2023
CUST12997,Linda,Thompson,Male,1996-09-26,England,27/12/2023
CUST12998,Mary,Williams,Female,1961-03-25,England,09/01/2025
CUST12999,Barbara,Thompson,Female,2001-03-01,England,06/08/2022
CUST13000,Amelia,Robinson,Male,1971-01-20,England,27/06/2024
CUST13001,Mary,Jones,Male,1981-07-23,Scotland,02/01/2024
CUST13002,Emily,Robinson,Male,1996-09-26,England,10/01/2024
CUST13003,Mary,Taylor,Female,1976-03-22,England,20/07/2023
CUST13004,Harry,Evans,Female,2001-09-03,England,14/07/2022
CUST13005,Amelia,Taylor,Male,1976-01-21,England,13/09/2022
CUST13006,Linda,Brown,Female,1981-11-23,England,22/06/2022
CUST13007,Richard,Brown,Female,2001-09-15,England,01/03/2023
CUST13008,John,Thompson,Male,2006-09-01,England,04/12/2022
CUST13009,Patricia,Thompson,Female,1976-09-06,Northern Ireland,24/10/2021
CUST13010,Harry,Brown,Female,1996-05-08,England,04/12/2024
CUST13011,Sarah,Williams,Female,1966-12-24,England,16/11/2021
CUST13012,Harry,Roberts,Male,1976-09-04,England,30/09/2024
CUST13013,Robert,Taylor,Male,1976-03-21,England,28/06/2024
CUST13014,Jessica,Roberts,Male,1996-12-05,England,13/04/2023
CUST13015,James,Wright,Female,1976-09-23,England,09/01/2024
CUST13016,Linda,Brown,Male,1961-04-01,England,07/10/2024
CUST13017,Jennifer,Thompson,Male,2001-12-07,England,25/02/2024
CUST13018,David,Brown,Male,1991-03-03,England,13/05/2022
CUST13019,Amelia,Johnson,Female,1996-08-15,England,09/03/2024
CUST13020,Robert,White,Male,1991-09-22,England,28/07/2022
CUST13021,James,Taylor,Female,1976-12-12,England,09/04/2024
CUST13022,George,Wilson,Male,1986-07-15,England,10/09/2024
CUST13023,Jessica,Wilson,Female,1981-12-18,England,15/10/2022
CUST13024,George,Wilson,Female,1991-04-13,England,25/10/2022
CUST13025,James,Roberts,Female,2001-10-21,England,01/05/2022
CUST13026,Michael,Evans,Female,1996-03-08,Northern Ireland,12/01/2024
CUST13027,Thomas,Williams,Male,1971-12-05,England,14/11/2021
CUST13028,Patricia,White,Male,1981-10-06,England,27/03/2023
CUST13029,Amelia,Jones,Male,1991-08-05,England,10/01/2024
CUST13030,George,Davies,Female,1976-01-02,England,09/03/2024
CUST13031,Susan,Johnson,Female,2006-06-02,England,06/11/2023
CUST13032,Olivia,Johnson,Female,1996-02-02,England,03/04/2022
CUST13033,James,Taylor,Female,1996-12-05,England,03/11/2024
CUST13034,Sarah,Wilson,Male,1956-05-18,England,20/05/2024
CUST13035,Susan,Thompson,Male,1976-10-07,England,30/06/2023
CUST13036,Michael,Roberts,Female,1981-11-16,England,22/03/2024
CUST13037,Charles,Brown,Female,2006-02-02,England,08/11/2023
CUST13038,Jessica,Evans,Female,1996-10-22,England,28/01/2024
CUST13039,Sarah,Robinson,Female,1981-04-10,Northern Ireland,12/08/2024
CUST13040,Mary,Smith,Male,1991-02-12,England,01/07/2022
CUST13041,Charles,Smith,Male,1966-04-19,Scotland,03/03/2023
CUST13042,Oliver,Walker,Female,1976-07-27,England,12/07/2023
CUST13043,Jessica,Wilson,Female,1986-11-22,England,06/05/2022
CUST13044,Thomas,Thompson,Female,1976-09-11,Northern Ireland,10/03/2023
CUST13045,Oliver,Johnson,Female,1961-03-10,England,29/12/2021
CUST13046,William,Johnson,Female,1986-04-10,Northern Ireland,05/03/2024
CUST13047,James,Evans,Male,1981-04-03,England,22/06/2024
CUST13048,James,Thompson,Female,1966-09-10,Scotland,10/09/2022
CUST13049,Jessica,Taylor,Female,1996-07-21,England,23/04/2023
CUST13050,Richard,Wright,Male,1966-01-08,England,17/04/2024
CUST13051,Elizabeth,Evans,Male,2001-01-11,Scotland,27/08/2023
CUST13052,Jack,Smith,Female,1981-01-02,England,13/10/2023
CUST13053,Richard,Wright,Male,1976-12-07,England,25/05/2024
CUST13054,Isla,Brown,Female,1981-07-02,England,09/11/2022
CUST13055,Elizabeth,Walker,Male,1986-06-13,England,04/09/2023
CUST13056,Noah,Brown,Female,1981-10-09,Scotland,06/04/2023
CUST13057,Elizabeth,Roberts,Female,2001-03-27,England,04/06/2023
CUST13058,Harry,White,Female,1996-01-16,England,25/09/2023
CUST13059,Olivia,Walker,Female,1996-04-11,England,14/11/2023
CUST13060,Olivia,White,Female,1981-03-15,England,29/01/2025
CUST13061,Amelia,Robinson,Female,1986-10-26,England,02/12/2024
CUST13062,Jessica,Jones,Female,1996-10-05,England,07/10/2023
CUST13063,Olivia,White,Male,1966-08-07,Scotland,03/04/2024
CUST13064,Jennifer,Williams,Male,1991-11-15,England,31/01/2023
CUST13065,Harry,Roberts,Female,1986-06-03,England,10/09/2023
CUST13066,Olivia,Roberts,Female,1991-03-15,Northern Ireland,05/08/2023
CUST13067,Jennifer,Walker,Male,1996-04-05,England,20/03/2022
CUST13068,Olivia,Thompson,Male,1976-02-24,England,07/10/2021
CUST13069,Amelia,Evans,Male,1986-11-21,England,11/10/2023
CUST13070,Olivia,Johnson,Male,2006-08-02,England,05/03/2022
CUST13071,David,Smith,Male,1961-10-15,England,20/07/2022
CUST13072,Barbara,Wilson,Male,1971-04-06,England,11/10/2024
CUST13073,Elizabeth,Thompson,Female,1976-09-16,Wales,23/09/2021
CUST13074,Robert,Smith,Male,1971-04-15,England,08/12/2021
CUST13075,Barbara,Smith,Male,1966-06-27,England,06/03/2024
CUST13076,Charles,Robinson,Female,1991-08-05,England,05/07/2024
CUST13077,Robert,Wilson,Male,1981-12-14,England,12/08/2022
CUST13078,Jack,Brown,Female,1981-07-27,England,21/04/2022
CUST13079,Jessica,Davies,Female,1996-09-04,England,15/12/2021
CUST13080,Susan,Wilson,Male,1996-08-07,England,31/12/2022
CUST13081,George,Davies,Male,2001-06-20,England,24/01/2024
CUST13082,Isla,Evans,Male,1981-12-03,England,23/01/2025
CUST13083,John,Evans,Male,1976-12-06,Scotland,21/06/2024
CUST13084,Linda,Wright,Male,1976-04-26,England,07/02/2023
CUST13085,Joseph,Wright,Male,1991-11-16,England,01/08/2023
CUST13086,Oliver,Jones,Male,1996-06-02,Scotland,16/05/2022
CUST13087,Sarah,Wright,Female,1986-09-24,England,28/10/2023
CUST13088,Patricia,Jones,Male,1986-07-15,Scotland,20/03/2022
CUST13089,Emily,Williams,Female,1966-10-13,England,10/05/2022
CUST13090,Isla,White,Male,1971-11-27,Scotland,06/04/2024
CUST13091,Olivia,Evans,Male,1966-06-09,England,23/02/2024
CUST13092,George,Evans,Male,1971-09-11,England,22/05/2024
CUST13093,George,Thompson,Female,1961-07-16,Wales,23/09/2023
CUST13094,Linda,Wright,Female,1986-10-07,England,09/08/2021
CUST13095,Richard,Wright,Male,2006-03-04,England,25/04/2022
CUST13096,Charles,White,Female,2001-09-04,England,12/12/2023
CUST13097,Linda,Evans,Male,1991-08-09,England,20/11/2023
CUST13098,Noah,Davies,Male,1996-06-03,Northern Ireland,14/06/2024
CUST13099,George,Evans,Male,2001-05-14,England,11/11/2021
CUST13100,Elizabeth,Thompson,Female,1961-09-27,England,12/10/2021
CUST13101,Amelia,Thompson,Male,1996-05-07,England,18/02/2025
CUST13102,John,Jones,Male,1961-01-02,England,12/03/2022
CUST13103,Thomas,Johnson,Female,1976-12-02,England,01/10/2024
CUST13104,Isla,Thompson,Female,1981-06-05,England,12/06/2023
CUST13105,George,Taylor,Female,1981-02-16,England,01/11/2024
CUST13106,George,Walker,Female,1991-03-13,England,08/11/2023
CUST13107,James,Walker,Female,1981-10-11,England,11/07/2023
CUST13108,Karen,Robinson,Female,1996-04-21,England,10/02/2025
CUST13109,Linda,White,Male,1966-04-11,England,14/11/2022
CUST13110,Robert,Davies,Male,1991-06-17,England,13/01/2023
CUST13111,Patricia,Taylor,Male,1996-01-27,Scotland,05/06/2022
CUST13112,Olivia,Roberts,Male,1976-07-05,England,06/03/2024
CUST13113,Isla,Walker,Female,1981-01-04,Wales,23/09/2023
CUST13114,Elizabeth,Williams,Female,1986-11-06,England,01/11/2021
CUST13115,Charles,Evans,Female,1981-06-05,England,21/12/2022
CUST13116,Joseph,Wright,Male,2001-03-23,England,15/03/2022
CUST13117,Emily,White,Male,1981-06-24,England,21/01/2025
CUST13118,Emily,Walker,Male,1996-03-16,Northern Ireland,05/05/2024
CUST13119,David,Williams,Male,1996-04-04,England,05/08/2023
CUST13120,Oliver,White,Male,2001-02-23,England,30/12/2021
CUST13121,James,Thompson,Female,1991-09-25,England,09/09/2022
CUST13122,Olivia,Thompson,Female,1991-12-12,England,29/07/2023
CUST13123,Michael,Davies,Male,1986-06-19,England,23/12/2023
CUST13124,David,White,Female,1996-02-17,England,06/07/2022
CUST13125,Emily,White,Female,1996-01-15,England,22/04/2023
CUST13126,Isla,Walker,Female,1986-10-10,England,15/03/2022
CUST13127,Harry,Johnson,Male,2001-05-08,England,02/09/2023
CUST13128,Susan,Williams,Male,1981-04-08,England,21/12/2022
CUST13129,Isla,Johnson,Female,1961-02-10,England,25/10/2022
CUST13130,Michael,Wilson,Female,1991-08-21,England,29/05/2023
CUST13131,Isla,Davies,Female,1966-01-23,Wales,27/09/2021
CUST13132,Susan,Wright,Male,2001-11-04,England,04/03/2022
CUST13133,Jessica,Jones,Male,2006-03-02,England,04/06/2023
CUST13134,Michael,Wright,Female,1976-01-13,England,09/03/2024
CUST13135,Olivia,Wright,Male,1976-09-21,England,07/02/2022
CUST13136,Jessica,Smith,Female,1971-05-16,England,13/12/2024
CUST13137,George,Jones,Female,2006-09-23,England,26/03/2022
CUST13138,Patricia,Johnson,Male,1976-01-20,Scotland,16/01/2022
CUST13139,Thomas,Brown,Male,1991-11-20,England,15/02/2023
CUST13140,Barbara,Thompson,Male,1991-04-15,England,01/12/2022
CUST13141,James,Wilson,Female,2001-10-02,England,08/10/2021
CUST13142,John,Williams,Male,1956-12-05,England,25/08/2021
CUST13143,Olivia,Brown,Female,2006-07-21,England,15/08/2023
CUST13144,Thomas,Davies,Female,1971-05-09,England,30/08/2024
CUST13145,Olivia,Smith,Male,1981-04-20,Scotland,02/04/2024
CUST13146,Olivia,Roberts,Male,1976-09-10,England,28/12/2023
CUST13147,James,Brown,Female,1976-01-01,England,18/08/2023
CUST13148,Elizabeth,Davies,Male,1971-02-19,England,06/10/2023
CUST13149,Michael,Robinson,Female,1996-08-25,England,14/02/2022
CUST13150,Amelia,Smith,Male,2006-01-13,England,25/08/2022
CUST13151,Charles,Brown,Female,1981-04-04,England,15/03/2022
CUST13152,Mary,Brown,Male,1991-08-12,England,21/10/2024
CUST13153,David,Evans,Female,2001-04-26,England,13/07/2023
CUST13154,Noah,Evans,Female,1996-12-09,England,18/01/2022
CUST13155,Isla,Robinson,Male,1991-12-02,England,17/03/2024
CUST13156,Jessica,Johnson,Female,2006-01-21,England,06/07/2024
CUST13157,Jessica,Smith,Female,2006-03-07,England,09/06/2022
CUST13158,Harry,Brown,Male,1966-11-02,Scotland,20/02/2023
CUST13159,Jessica,Walker,Male,1991-01-19,England,15/03/2022
CUST13160,Amelia,Evans,Male,1956-06-10,England,25/05/2022
CUST13161,Susan,Taylor,Male,1961-12-04,England,31/12/2023
CUST13162,George,Smith,Male,2001-08-02,Northern Ireland,07/08/2023
CUST13163,John,Smith,Male,1976-04-05,Wales,14/12/2022
CUST13164,Michael,Wright,Female,1981-01-05,England,24/12/2021
CUST13165,Susan,Wilson,Female,1976-05-01,England,21/10/2023
CUST13166,Emily,Wilson,Male,2001-07-11,England,23/09/2022
CUST13167,William,Robinson,Female,1996-01-23,England,18/11/2022
CUST13168,Jessica,White,Male,2006-07-11,England,10/01/2022
CUST13169,Linda,Walker,Male,1981-05-02,England,06/04/2022
CUST13170,Michael,Johnson,Female,1956-04-24,England,06/07/2022
CUST13171,Robert,Williams,Female,1981-12-18,England,23/01/2022
CUST13172,Emily,Smith,Male,1976-11-27,England,02/03/2024
CUST13173,Isla,Wilson,Male,1956-09-16,England,04/11/2022
CUST13174,Isla,Thompson,Female,1981-08-13,England,23/01/2024
CUST13175,Linda,Williams,Female,2006-06-14,England,31/03/2023
CUST13176,David,Smith,Male,1971-01-01,England,08/02/2023
CUST13177,Joseph,Williams,Male,1991-04-11,Scotland,12/11/2024
CUST13178,Richard,Roberts,Female,2006-01-12,Scotland,08/10/2021
CUST13179,Susan,Davies,Male,1986-05-09,Northern Ireland,06/12/2021
CUST13180,Linda,Walker,Male,1966-06-23,England,23/08/2023
CUST13181,Michael,Wilson,Male,1996-08-26,England,22/01/2022
CUST13182,Amelia,Davies,Female,1986-05-13,England,08/08/2021
CUST13183,Olivia,Williams,Female,2001-04-22,England,18/06/2024
CUST13184,James,Thompson,Female,2006-09-07,England,11/12/2021
CUST13185,Emily,Davies,Male,2001-02-25,England,01/11/2021
CUST13186,Karen,Thompson,Female,1976-02-19,England,12/05/2023
CUST13187,William,Williams,Male,1971-09-20,England,04/04/2024
CUST13188,Noah,Smith,Male,2001-08-17,England,25/01/2024
CUST13189,Oliver,Brown,Female,1996-11-23,Wales,02/12/2023
CUST13190,Richard,Walker,Female,1996-09-15,England,19/09/2022
CUST13191,Olivia,Jones,Male,2006-11-27,England,04/08/2022
CUST13192,Amelia,Thompson,Male,1986-08-18,England,20/01/2022
CUST13193,Michael,Taylor,Male,1976-11-13,England,20/04/2024
CUST13194,William,Roberts,Female,1981-03-06,England,27/09/2022
CUST13195,John,Jones,Female,1991-07-25,England,22/04/2022
CUST13196,John,Davies,Female,1986-12-02,Scotland,12/01/2024
CUST13197,Robert,Jones,Male,2001-10-02,England,16/12/2022
CUST13198,Jessica,Roberts,Male,2001-05-01,Northern Ireland,14/08/2024
CUST13199,Noah,Robinson,Male,1966-12-03,England,10/07/2024
CUST13200,Harry,Walker,Male,1976-04-07,England,18/12/2022
CUST13201,Charles,White,Male,1966-01-14,England,28/03/2022
CUST13202,George,Thompson,Female,1966-10-08,England,21/09/2022
CUST13203,Sarah,Davies,Female,1981-05-13,England,14/05/2022
CUST13204,Robert,Davies,Female,1966-01-13,England,01/01/2023
CUST13205,Amelia,Jones,Male,1991-03-12,England,20/02/2024
CUST13206,Susan,Walker,Male,2006-01-02,England,12/11/2022
CUST13207,Barbara,Thompson,Female,2006-12-15,England,12/12/2023
CUST13208,Harry,Wilson,Male,2001-11-09,England,14/04/2024
CUST13209,Elizabeth,Robinson,Male,2001-12-15,England,26/07/2023
CUST13210,Amelia,Jones,Male,1991-03-02,England,30/09/2021
CUST13211,William,Wilson,Female,1976-10-24,England,04/02/2023
CUST13212,George,Walker,Female,1976-07-20,England,04/12/2024
CUST13213,George,Roberts,Male,1981-04-10,England,16/05/2022
CUST13214,Richard,Williams,Female,2001-09-10,England,01/11/2021
CUST13215,Harry,Wright,Male,1976-12-09,England,04/04/2024
CUST13216,John,Wright,Male,1991-06-27,England,21/07/2023
CUST13217,Emily,Brown,Female,2006-01-19,England,08/10/2021
CUST13218,Jessica,Roberts,Female,1996-11-13,Scotland,04/05/2023
CUST13219,Linda,Wright,Female,1991-03-18,Scotland,14/04/2024
CUST13220,David,Roberts,Female,1996-03-02,England,01/03/2022
CUST13221,Elizabeth,Smith,Female,1971-08-23,England,02/06/2023
CUST13222,Karen,Brown,Male,1976-10-17,England,12/11/2023
CUST13223,William,Walker,Male,1976-10-09,England,31/10/2024
CUST13224,Linda,Johnson,Female,2001-11-19,England,26/09/2023
CUST13225,Charles,Evans,Female,1971-11-01,England,06/08/2023
CUST13226,Robert,Williams,Male,1981-02-14,England,25/01/2023
CUST13227,Noah,Wilson,Male,1996-04-26,England,15/09/2022
CUST13228,Patricia,Taylor,Male,1981-09-21,England,14/12/2022
CUST13229,Charles,Walker,Female,1986-05-02,Scotland,22/07/2023
CUST13230,Oliver,Brown,Male,1986-09-16,Wales,02/10/2022
CUST13231,Robert,Thompson,Male,2001-06-19,England,12/12/2022
CUST13232,Thomas,Roberts,Female,1986-06-15,England,19/01/2023
CUST13233,William,Taylor,Female,2001-01-09,England,07/10/2024
CUST13234,Olivia,White,Female,2001-08-19,Scotland,14/05/2024
CUST13235,Richard,Thompson,Male,2001-11-12,England,30/11/2023
CUST13236,Elizabeth,Wilson,Male,1961-10-26,Scotland,25/09/2024
CUST13237,John,Taylor,Male,1996-05-23,England,03/01/2025
CUST13238,Robert,Smith,Female,1991-09-25,England,06/07/2022
CUST13239,Mary,Walker,Male,1991-03-12,England,08/10/2024
CUST13240,Harry,Evans,Male,1966-08-19,Scotland,14/02/2022
CUST13241,Amelia,Evans,Female,1986-05-04,England,04/02/2025
CUST13242,Mary,Thompson,Female,1966-12-21,Scotland,06/02/2022
CUST13243,Jack,Jones,Male,1996-09-21,England,27/08/2023
CUST13244,William,White,Male,2001-01-21,England,17/06/2024
CUST13245,Mary,Jones,Male,1986-11-01,England,25/10/2024
CUST13246,Noah,Thompson,Male,1991-09-13,England,14/01/2025
CUST13247,Sarah,Davies,Male,1971-03-08,England,30/10/2022
CUST13248,Joseph,Davies,Male,1971-04-25,England,05/02/2023
CUST13249,Mary,Johnson,Male,1986-03-15,England,22/09/2024
CUST13250,Mary,Jones,Male,1961-04-17,England,13/08/2023
CUST13251,Olivia,Robinson,Male,1986-12-12,Scotland,17/01/2025
CUST13252,Mary,Robinson,Male,1996-11-04,England,16/02/2023
CUST13253,Isla,Thompson,Female,1986-07-17,England,27/04/2024
CUST13254,Robert,Wilson,Female,2006-05-17,England,25/09/2023
CUST13255,John,Roberts,Female,1971-05-11,England,11/01/2022
CUST13256,Noah,Walker,Female,2001-12-17,England,14/08/2022
CUST13257,John,Davies,Male,1991-03-11,England,11/09/2021
CUST13258,Olivia,Taylor,Male,1986-10-18,England,15/01/2023
CUST13259,Emily,Davies,Female,2006-12-10,England,07/02/2022
CUST13260,Charles,Brown,Male,2006-11-21,England,24/05/2024
CUST13261,Karen,Williams,Female,1976-09-24,England,15/07/2022
CUST13262,Richard,Davies,Male,2006-11-14,England,28/02/2022
CUST13263,Thomas,Robinson,Male,1986-03-01,Scotland,13/12/2024
CUST13264,Isla,Wilson,Male,1991-12-19,England,06/12/2021
CUST13265,Michael,White,Male,1996-02-26,Northern Ireland,13/03/2022
CUST13266,David,Williams,Male,1996-01-20,England,23/02/2025
CUST13267,Michael,Evans,Male,1976-03-10,England,20/06/2023
CUST13268,James,Roberts,Male,1961-08-16,England,02/03/2023
CUST13269,John,Smith,Male,2001-03-10,Wales,31/07/2024
CUST13270,John,Roberts,Female,1961-08-21,England,17/09/2024
CUST13271,Harry,White,Female,1981-02-20,England,28/09/2021
CUST13272,Thomas,Wright,Female,1981-09-17,England,02/08/2023
CUST13273,James,Robinson,Female,1976-03-11,England,15/01/2023
CUST13274,John,Smith,Male,1976-07-05,England,21/08/2021
CUST13275,Linda,Walker,Male,1971-02-17,England,31/07/2022
CUST13276,Thomas,White,Female,1986-12-10,England,30/11/2024
CUST13277,William,Roberts,Male,1986-05-25,England,01/01/2024
CUST13278,Elizabeth,Davies,Female,1991-08-02,England,13/09/2023
CUST13279,Michael,Smith,Female,2001-06-23,England,25/03/2022
CUST13280,Michael,Robinson,Female,1981-08-22,England,30/05/2024
CUST13281,Michael,Robinson,Male,2006-06-14,England,03/08/2022
CUST13282,Jennifer,Williams,Female,1996-01-27,England,05/10/2024
CUST13283,William,Williams,Male,2001-10-20,Scotland,16/01/2022
CUST13284,Jessica,Jones,Female,1996-08-02,England,30/12/2021
CUST13285,Robert,Williams,Female,1981-04-11,England,23/01/2022
CUST13286,Olivia,Smith,Female,1981-02-23,England,22/04/2023
CUST13287,Linda,Robinson,Male,1991-11-21,England,07/03/2022
CUST13288,Michael,Taylor,Female,2001-04-05,England,30/11/2022
CUST13289,Elizabeth,Smith,Male,1986-11-05,England,16/09/2024
CUST13290,Thomas,Roberts,Male,1991-10-25,England,09/01/2025
CUST13291,Jack,Brown,Male,1976-12-02,England,03/03/2022
CUST13292,Olivia,Brown,Female,1981-08-26,England,18/10/2021
CUST13293,Noah,Taylor,Male,1986-03-15,England,31/12/2023
CUST13294,John,Jones,Male,1986-01-22,England,27/10/2022
CUST13295,Jennifer,Robinson,Male,1961-03-06,England,12/06/2022
CUST13296,Michael,Johnson,Female,1976-06-10,Wales,27/12/2021
CUST13297,Jessica,Smith,Female,1986-08-20,Scotland,07/12/2023
CUST13298,Oliver,Davies,Female,1986-11-05,England,07/04/2023
CUST13299,Linda,Davies,Male,2006-02-03,England,15/11/2023
CUST13300,William,Taylor,Female,1961-08-17,England,18/04/2023
CUST13301,David,Thompson,Female,1991-02-01,England,12/11/2021
CUST13302,Harry,Robinson,Female,1996-06-26,Scotland,09/04/2023
CUST13303,Susan,Robinson,Male,1956-01-19,England,09/12/2023
CUST13304,Thomas,Walker,Male,1976-05-20,England,17/10/2021
CUST13305,Jessica,Davies,Female,2006-08-14,England,11/07/2024
CUST13306,Robert,Thompson,Female,2006-09-17,England,14/08/2023
CUST13307,Susan,Williams,Male,2006-10-26,England,27/12/2022
CUST13308,Mary,Thompson,Male,1981-07-01,England,28/11/2024
CUST13309,James,Roberts,Male,2006-04-07,England,05/10/2023
CUST13310,Jennifer,Davies,Male,1966-11-19,England,25/07/2022
CUST13311,Olivia,White,Female,1966-12-04,England,08/07/2024
CUST13312,Jessica,Smith,Male,1986-12-07,England,11/11/2024
CUST13313,Karen,White,Female,1981-10-01,England,27/12/2022
CUST13314,Richard,Johnson,Female,1996-10-02,Wales,04/11/2021
CUST13315,Joseph,Smith,Male,2006-01-12,England,25/01/2024
CUST13316,George,White,Female,1976-07-18,England,27/10/2023
CUST13317,Susan,White,Male,2001-05-03,England,15/06/2023
CUST13318,Richard,Smith,Male,2001-04-27,England,11/12/2021
CUST13319,David,Evans,Male,1991-01-21,England,09/10/2021
CUST13320,Isla,Wright,Female,2006-03-18,England,31/07/2023
CUST13321,Olivia,Brown,Male,1986-11-02,England,26/08/2023
CUST13322,Noah,Robinson,Male,1976-11-15,England,22/05/2024
CUST13323,Jessica,Roberts,Female,1971-09-25,England,14/10/2021
CUST13324,Robert,Wilson,Male,1981-02-07,England,20/08/2021
CUST13325,James,White,Female,1971-09-15,England,24/08/2021
CUST13326,John,Walker,Female,1991-02-16,Northern Ireland,25/03/2022
CUST13327,Joseph,Evans,Female,1971-09-19,Scotland,24/01/2023
CUST13328,Oliver,Johnson,Female,1986-01-25,England,19/03/2023
CUST13329,Barbara,Evans,Female,1996-04-04,England,23/06/2022
CUST13330,Richard,Johnson,Female,1961-02-02,England,17/01/2023
CUST13331,John,Walker,Male,1996-12-03,England,29/02/2024
CUST13332,Michael,Johnson,Female,2006-07-08,England,02/08/2023
CUST13333,Amelia,Walker,Male,1996-12-10,England,01/07/2022
CUST13334,David,Robinson,Male,1991-01-24,England,08/12/2023
CUST13335,Linda,Brown,Female,1991-09-15,England,01/12/2021
CUST13336,Oliver,Taylor,Male,1986-06-21,England,16/10/2021
CUST13337,Jack,Jones,Female,1966-06-16,Northern Ireland,22/06/2023
CUST13338,Jessica,White,Female,1996-11-26,England,25/11/2021
CUST13339,Noah,Brown,Female,1986-01-09,England,20/12/2022
CUST13340,Robert,Jones,Male,1991-12-19,England,06/11/2024
CUST13341,Isla,Jones,Female,1971-01-08,England,06/08/2023
CUST13342,William,White,Male,2001-05-07,England,02/12/2024
CUST13343,Michael,Williams,Female,2001-02-27,England,13/10/2024
CUST13344,Richard,White,Female,1986-07-01,England,09/04/2022
CUST13345,Robert,Walker,Male,1981-08-08,England,16/11/2023
CUST13346,James,Walker,Male,1976-08-11,England,10/07/2022
CUST13347,Michael,Walker,Female,1981-10-04,England,17/04/2022
CUST13348,Susan,Walker,Male,1976-10-21,England,12/02/2025
CUST13349,Charles,Wright,Male,1991-12-10,England,01/12/2021
CUST13350,Jennifer,Williams,Female,2006-06-13,England,29/05/2023
CUST13351,Jack,Johnson,Male,2001-03-09,England,30/10/2023
CUST13352,Linda,Taylor,Female,2006-02-25,Scotland,07/12/2024
CUST13353,Oliver,Wright,Female,1991-04-12,England,06/11/2023
CUST13354,David,Thompson,Male,1986-08-22,Scotland,16/08/2023
CUST13355,Susan,White,Male,1991-01-17,Scotland,11/10/2022
CUST13356,Thomas,Brown,Female,1986-12-26,England,11/03/2022
CUST13357,Emily,Williams,Female,1986-12-17,England,01/06/2024
CUST13358,Robert,Walker,Male,1981-02-27,England,20/02/2025
CUST13359,Jack,Jones,Female,1981-10-19,England,01/07/2024
CUST13360,Harry,Thompson,Male,1991-08-02,England,21/01/2022
CUST13361,Karen,Walker,Male,1991-06-05,England,20/03/2023
CUST13362,Jessica,Walker,Female,1981-09-22,England,07/02/2024
CUST13363,Emily,White,Female,1981-07-02,Scotland,14/08/2021
CUST13364,Robert,Taylor,Male,1991-04-06,England,27/06/2022
CUST13365,Jennifer,Roberts,Female,1991-07-22,England,12/01/2024
CUST13366,James,Roberts,Male,1976-02-10,England,14/11/2024
CUST13367,Michael,Wright,Female,1981-04-06,England,29/10/2021
CUST13368,James,Evans,Male,2001-12-06,England,24/11/2024
CUST13369,Richard,Walker,Female,1986-03-09,Scotland,24/04/2023
CUST13370,Elizabeth,Wright,Male,1966-08-23,Scotland,12/04/2022
CUST13371,Harry,White,Male,2006-04-13,England,02/03/2023
CUST13372,Oliver,Wright,Male,1971-06-26,England,10/12/2024
CUST13373,James,Robinson,Female,2001-03-20,England,04/02/2025
CUST13374,George,Wright,Male,1986-07-08,England,15/12/2023
CUST13375,Noah,Thompson,Female,1991-07-05,England,27/03/2022
CUST13376,Isla,Jones,Female,2006-08-26,England,29/07/2024
CUST13377,Elizabeth,Taylor,Male,1966-04-25,Northern Ireland,11/11/2022
CUST13378,Charles,Jones,Female,1986-07-04,England,15/01/2022
CUST13379,Barbara,Evans,Female,1961-09-09,England,07/03/2024
CUST13380,Oliver,Wilson,Male,1996-09-21,England,02/11/2022
CUST13381,William,Williams,Male,1971-07-27,England,27/11/2022
CUST13382,Barbara,Johnson,Female,1966-04-25,Wales,20/05/2024
CUST13383,Robert,Walker,Male,1986-07-08,England,14/06/2023
CUST13384,Thomas,Walker,Male,1996-07-25,Wales,16/11/2022
CUST13385,George,Roberts,Female,1981-12-20,England,25/04/2024
CUST13386,Jack,Wilson,Male,1986-05-13,England,09/11/2021
CUST13387,David,Johnson,Female,1961-04-11,England,30/09/2024
CUST13388,Jack,Wright,Male,1986-09-22,England,29/03/2022
CUST13389,Richard,Robinson,Female,1996-08-23,England,25/09/2022
CUST13390,Jessica,Jones,Male,2001-06-25,England,14/09/2022
CUST13391,Linda,Thompson,Female,1976-01-13,England,06/10/2021
CUST13392,Olivia,Robinson,Female,1961-09-08,England,28/05/2023
CUST13393,Amelia,Robinson,Female,2006-09-24,Wales,14/10/2023
CUST13394,Barbara,Williams,Female,1976-12-09,England,25/10/2023
CUST13395,Michael,White,Female,1966-07-21,England,13/07/2022
CUST13396,Elizabeth,Taylor,Female,2006-07-14,England,14/06/2022
CUST13397,Charles,Wright,Male,2001-03-16,England,12/10/2024
CUST13398,Joseph,Thompson,Female,1976-06-06,England,02/10/2023
CUST13399,Robert,Walker,Male,1981-01-07,England,08/11/2023
CUST13400,Emily,Thompson,Female,2006-07-18,England,06/10/2022
CUST13401,Susan,Thompson,Female,1971-09-08,England,31/05/2022
CUST13402,Linda,Walker,Male,1986-10-19,England,20/10/2021
CUST13403,Sarah,Wilson,Female,1966-08-27,Scotland,16/10/2021
CUST13404,William,Wilson,Male,1971-10-03,Scotland,23/08/2022
CUST13405,Michael,White,Female,1971-08-25,England,07/04/2022
CUST13406,Jack,Walker,Female,1986-10-05,England,27/05/2023
CUST13407,Isla,Jones,Male,1996-06-04,England,15/09/2022
CUST13408,Michael,White,Male,1986-08-23,England,26/11/2021
CUST13409,Jessica,Smith,Male,2001-08-06,England,25/03/2022
CUST13410,James,Davies,Male,1981-07-18,England,31/07/2024
CUST13411,Karen,Jones,Female,2001-07-03,England,05/10/2022
CUST13412,Amelia,Smith,Female,1986-10-03,England,06/11/2024
CUST13413,Linda,Taylor,Male,2006-03-06,Wales,29/10/2021
CUST13414,Isla,Williams,Male,1996-04-15,England,18/06/2023
CUST13415,Mary,Davies,Female,1996-07-08,England,12/02/2024
CUST13416,Harry,Wright,Female,1981-08-07,England,15/01/2024
CUST13417,Mary,Williams,Female,1976-07-23,England,13/04/2024
CUST13418,Patricia,Thompson,Male,2006-03-05,England,26/04/2024
CUST13419,William,Wright,Female,1971-10-03,Northern Ireland,18/02/2023
CUST13420,Barbara,Jones,Female,1971-07-03,Scotland,28/10/2021
CUST13421,Emily,Johnson,Female,1991-06-24,England,23/10/2021
CUST13422,Mary,Brown,Female,1981-11-13,England,18/04/2023
CUST13423,Jessica,Davies,Female,1991-06-27,England,17/04/2024
CUST13424,Richard,Wright,Female,2001-02-22,England,07/07/2024
CUST13425,James,Robinson,Male,1986-12-08,England,15/08/2023
CUST13426,Olivia,Johnson,Female,2001-05-22,England,13/03/2023
CUST13427,Jessica,Wilson,Male,1971-11-13,England,02/01/2025
CUST13428,Barbara,Johnson,Female,1966-07-16,England,18/09/2024
CUST13429,Barbara,Williams,Male,1971-03-15,England,29/10/2021
CUST13430,Oliver,Wilson,Female,1986-05-21,England,11/10/2023
CUST13431,Charles,Walker,Male,1986-11-06,Wales,21/10/2022
CUST13432,William,Roberts,Male,1956-12-02,England,12/07/2022
CUST13433,Linda,Williams,Female,1996-02-20,England,10/05/2023
CUST13434,Isla,Robinson,Female,2006-12-26,England,13/03/2022
CUST13435,Elizabeth,White,Female,1986-11-16,England,02/12/2024
CUST13436,Jessica,Davies,Male,1991-08-04,Scotland,22/01/2023
CUST13437,Linda,Wright,Male,1991-03-04,England,23/05/2023
CUST13438,Michael,Roberts,Female,2006-08-15,England,08/12/2023
CUST13439,Jennifer,Jones,Male,1981-06-25,England,15/06/2024
CUST13440,Mary,Williams,Female,1996-02-17,England,02/02/2023
CUST13441,Jack,Walker,Female,1996-12-09,Scotland,21/03/2023
CUST13442,Jack,Roberts,Male,2006-08-17,England,13/09/2024
CUST13443,William,Davies,Female,1991-02-05,England,06/11/2022
CUST13444,Jessica,Roberts,Female,1971-05-13,England,22/12/2021
CUST13445,Linda,Robinson,Male,1991-11-27,England,21/03/2024
CUST13446,Susan,Robinson,Male,1981-06-17,England,26/07/2022
CUST13447,Elizabeth,Taylor,Male,1976-06-03,England,23/01/2022
CUST13448,Emily,Williams,Male,1991-02-06,England,05/03/2023
CUST13449,Harry,Walker,Female,1971-02-02,England,22/10/2021
CUST13450,Noah,Robinson,Male,1976-12-11,England,24/01/2024
CUST13451,Amelia,Williams,Female,1986-12-07,Scotland,13/05/2022
CUST13452,Isla,Wright,Male,2006-02-27,England,22/10/2022
CUST13453,Barbara,Taylor,Female,2006-07-09,Scotland,07/12/2022
CUST13454,Harry,Jones,Female,1956-09-01,Scotland,03/04/2024
CUST13455,Charles,White,Male,1976-11-12,Northern Ireland,30/09/2023
CUST13456,Jennifer,Smith,Male,1966-07-20,England,30/12/2024
CUST13457,Olivia,Brown,Male,1966-11-19,Scotland,27/03/2022
CUST13458,William,Wilson,Female,2006-02-27,England,03/06/2022
CUST13459,Isla,Johnson,Female,1976-01-10,England,11/04/2024
CUST13460,William,Robinson,Female,1986-06-15,England,08/11/2021
CUST13461,Richard,Jones,Female,1976-04-16,Scotland,21/05/2024
CUST13462,Joseph,Davies,Male,2006-10-01,England,22/08/2023
CUST13463,Charles,Smith,Male,1996-05-01,England,10/10/2023
CUST13464,Mary,Johnson,Male,1976-05-22,Scotland,16/09/2023
CUST13465,Robert,Robinson,Female,1976-07-11,England,17/08/2021
CUST13466,Isla,Walker,Male,1981-12-19,England,08/06/2024
CUST13467,Jack,Wilson,Female,1991-01-26,Northern Ireland,30/09/2022
CUST13468,Richard,Brown,Female,1991-07-07,England,12/10/2022
CUST13469,Emily,Taylor,Female,1961-05-21,England,20/02/2025
CUST13470,Olivia,Brown,Female,1986-01-06,Scotland,22/12/2023
CUST13471,Jack,White,Female,1986-10-21,England,28/05/2022
CUST13472,Harry,Taylor,Male,1986-11-05,England,05/09/2024
CUST13473,Robert,Robinson,Male,1991-03-09,England,21/10/2024
CUST13474,Charles,Wright,Male,1986-10-13,England,04/06/2022
CUST13475,Michael,Jones,Male,1986-09-14,England,11/11/2023
CUST13476,Richard,Johnson,Male,1971-09-01,Wales,05/07/2023
CUST13477,Jack,Wilson,Male,1966-06-23,England,18/07/2024
CUST13478,Joseph,Wright,Male,1966-04-01,England,27/02/2024
CUST13479,Jack,White,Female,1986-01-24,England,17/11/2023
CUST13480,Olivia,Walker,Male,1986-01-06,England,06/11/2022
CUST13481,David,Williams,Male,1976-03-20,England,01/10/2022
CUST13482,Olivia,Smith,Female,1971-07-20,England,11/12/2024
CUST13483,Noah,Robinson,Male,1986-02-13,England,23/08/2021
CUST13484,Olivia,White,Female,1976-09-15,England,10/10/2021
CUST13485,Emily,Jones,Female,1976-08-02,England,19/02/2024
CUST13486,Joseph,Taylor,Male,1981-05-25,England,28/04/2023
CUST13487,Richard,Roberts,Female,1976-02-04,England,20/02/2022
CUST13488,Elizabeth,Davies,Male,1996-07-18,England,30/05/2024
CUST13489,Jennifer,Davies,Male,1986-10-01,Wales,25/08/2022
CUST13490,George,Walker,Male,1981-05-21,Wales,12/06/2022
CUST13491,Isla,Thompson,Female,2006-10-10,England,03/12/2024
CUST13492,John,Walker,Male,1971-04-14,England,23/08/2024
CUST13493,Elizabeth,Wilson,Female,1981-01-01,England,21/06/2022
CUST13494,Olivia,Walker,Male,2001-08-06,England,12/12/2022
CUST13495,Jennifer,Jones,Male,1971-11-12,England,26/11/2021
CUST13496,Jack,Robinson,Male,1976-11-20,England,06/07/2022
CUST13497,Noah,Thompson,Female,1976-12-17,England,27/01/2025
CUST13498,David,Williams,Male,1991-02-08,England,02/12/2023
CUST13499,John,Wright,Female,1971-01-17,England,03/08/2022
CUST13500,Charles,Davies,Male,1991-07-07,England,18/10/2021
CUST13501,William,Taylor,Female,1981-12-15,England,28/05/2024
CUST13502,Isla,White,Female,2006-12-15,England,21/03/2022
CUST13503,Joseph,Davies,Male,1981-04-07,England,28/05/2024
CUST13504,Jennifer,Robinson,Female,1976-05-06,Wales,23/01/2025
CUST13505,Noah,Roberts,Female,1986-08-15,England,07/08/2021
CUST13506,Amelia,Smith,Female,1986-11-16,Wales,25/12/2022
CUST13507,Olivia,Wright,Male,1971-03-27,Wales,28/12/2021
CUST13508,Karen,Roberts,Female,1981-12-14,Scotland,12/10/2021
CUST13509,Harry,Wright,Male,1996-10-13,Scotland,29/01/2025
CUST13510,Emily,Robinson,Female,1961-01-13,England,27/04/2022
CUST13511,Joseph,Wilson,Female,1976-11-24,England,02/10/2022
CUST13512,David,Wright,Male,1956-08-09,England,17/05/2023
CUST13513,Mary,Evans,Male,1961-12-11,Wales,18/03/2022
CUST13514,George,Brown,Female,1966-03-10,England,31/01/2023
CUST13515,Jessica,Taylor,Female,1976-12-17,England,27/04/2023
CUST13516,Charles,Davies,Male,1981-01-19,England,30/11/2022
CUST13517,Olivia,Smith,Female,2001-01-14,England,17/01/2025
CUST13518,Joseph,Walker,Female,1986-06-08,England,24/01/2022
CUST13519,Michael,Smith,Male,1976-08-19,England,07/05/2023
CUST13520,Robert,Thompson,Male,1986-03-08,England,24/09/2021
CUST13521,William,Jones,Female,1971-04-25,England,12/10/2023
CUST13522,John,Thompson,Male,2001-05-17,England,30/04/2023
CUST13523,Jack,Evans,Female,1991-02-12,England,05/01/2022
CUST13524,Harry,Robinson,Male,1986-03-07,Scotland,27/02/2022
CUST13525,Jack,Robinson,Male,1986-02-21,England,20/01/2025
CUST13526,Sarah,Smith,Female,2001-12-17,England,16/11/2023
CUST13527,John,Davies,Female,2001-12-24,England,07/05/2024
CUST13528,Amelia,Roberts,Female,1971-08-20,England,02/12/2023
CUST13529,James,Wilson,Female,1986-09-22,England,23/08/2023
CUST13530,Karen,Wright,Male,2006-02-03,England,23/03/2024
CUST13531,Karen,Davies,Male,2006-01-01,England,04/12/2023
CUST13532,Olivia,Brown,Female,1986-05-18,England,18/06/2023
CUST13533,George,Davies,Male,2001-12-01,England,24/05/2023
CUST13534,Olivia,Wright,Male,1976-06-25,England,28/11/2023
CUST13535,Susan,Robinson,Female,1976-10-24,England,27/09/2022
CUST13536,Susan,Thompson,Male,1996-05-16,England,13/03/2022
CUST13537,Robert,Robinson,Female,1981-04-20,England,24/08/2023
CUST13538,Susan,Johnson,Female,2001-10-12,England,09/12/2022
CUST13539,Jennifer,Thompson,Male,1991-06-26,England,29/03/2022
CUST13540,Emily,Wright,Male,1966-09-01,England,08/01/2025
CUST13541,Noah,Davies,Female,1986-09-08,England,14/09/2023
CUST13542,Emily,Brown,Male,1966-09-19,England,06/07/2022
CUST13543,Jack,Taylor,Male,1996-09-22,England,21/12/2023
CUST13544,Susan,Evans,Female,1991-10-07,England,29/10/2024
CUST13545,Linda,Smith,Female,1986-06-22,Northern Ireland,26/09/2022
CUST13546,Olivia,Robinson,Female,1986-04-13,England,01/12/2024
CUST13547,George,Wilson,Male,1956-07-24,England,30/06/2022
CUST13548,Sarah,Smith,Male,2001-04-08,England,10/10/2023
CUST13549,Noah,Jones,Female,1971-01-19,Scotland,11/03/2024
CUST13550,Olivia,Williams,Male,1971-05-06,England,24/12/2022
CUST13551,Isla,Jones,Female,1986-07-04,England,09/12/2023
CUST13552,Richard,Evans,Male,1991-07-20,England,15/12/2024
CUST13553,Noah,Brown,Female,1986-05-19,England,11/10/2022
CUST13554,George,Johnson,Female,1996-09-08,England,22/10/2023
CUST13555,Susan,Robinson,Male,1976-04-17,England,30/05/2023
CUST13556,Jack,Wilson,Male,1986-08-26,England,25/07/2024
CUST13557,Oliver,Evans,Female,1966-04-10,England,06/01/2022
CUST13558,Amelia,Taylor,Female,1981-12-14,England,04/09/2021
CUST13559,Isla,Robinson,Male,1986-08-06,England,13/01/2023
CUST13560,Mary,Roberts,Male,1976-07-14,England,07/11/2021
CUST13561,Jack,Wilson,Male,1986-06-24,England,23/01/2022
CUST13562,Thomas,Davies,Male,1966-10-18,England,17/12/2023
CUST13563,William,Taylor,Female,1996-06-04,England,09/10/2021
CUST13564,Noah,White,Male,1961-10-20,England,12/07/2022
CUST13565,Susan,Smith,Male,1971-02-12,England,14/06/2022
CUST13566,Sarah,Jones,Female,1971-10-01,England,03/06/2024
CUST13567,Barbara,Johnson,Male,1986-12-17,England,05/10/2024
CUST13568,Oliver,Smith,Male,1971-03-09,England,21/05/2022
CUST13569,Harry,Jones,Female,1991-03-27,England,09/06/2023
CUST13570,Thomas,Williams,Male,1976-12-27,England,27/08/2023
CUST13571,Olivia,Evans,Male,2001-05-19,England,22/01/2024
CUST13572,Karen,Thompson,Male,1991-09-18,England,28/07/2023
CUST13573,Michael,Wilson,Male,1986-03-09,England,10/01/2025
CUST13574,Harry,Walker,Male,1991-06-02,England,07/08/2022
CUST13575,Harry,Wright,Female,1991-09-02,England,23/06/2022
CUST13576,Robert,Wright,Male,1971-11-13,England,05/08/2023
CUST13577,David,Wilson,Male,1996-06-09,Wales,16/01/2023
CUST13578,Robert,Johnson,Female,1976-01-26,England,11/07/2022
CUST13579,Susan,Taylor,Female,2006-05-08,England,09/12/2021
CUST13580,Robert,Taylor,Male,1976-08-06,Scotland,24/02/2023
CUST13581,Michael,Walker,Male,1976-11-23,England,11/08/2023
CUST13582,Thomas,Wright,Male,1991-11-23,England,20/03/2023
CUST13583,Barbara,Thompson,Female,1976-10-11,England,03/11/2023
CUST13584,Jack,Evans,Male,1966-02-03,England,27/12/2023
CUST13585,Richard,Johnson,Male,1971-07-03,England,05/02/2024
CUST13586,John,Evans,Male,1991-07-15,England,26/03/2023
CUST13587,Patricia,Wright,Female,1986-06-24,England,07/10/2023
CUST13588,Emily,Walker,Male,1976-12-11,England,28/01/2025
CUST13589,Harry,Taylor,Male,1996-12-01,England,06/02/2025
CUST13590,Thomas,Smith,Female,1971-03-11,England,15/09/2024
CUST13591,Richard,Taylor,Female,1991-12-01,England,24/10/2024
CUST13592,Jennifer,Wright,Female,1971-11-12,Northern Ireland,06/10/2023
CUST13593,Emily,Robinson,Male,2001-09-13,England,29/05/2024
CUST13594,Olivia,Wright,Male,2006-05-20,England,28/06/2022
CUST13595,Michael,Johnson,Female,1956-10-02,England,27/01/2025
CUST13596,Harry,Wilson,Male,1971-08-13,England,10/04/2023
CUST13597,Amelia,Thompson,Male,1966-11-05,England,06/02/2025
CUST13598,Sarah,Thompson,Male,1961-09-13,Northern Ireland,26/02/2022
CUST13599,Robert,Williams,Male,1986-12-27,England,23/07/2024
CUST13600,Charles,Smith,Male,1996-06-21,England,22/08/2023
CUST13601,Richard,Taylor,Female,2001-01-23,England,02/09/2022
CUST13602,James,Evans,Male,1986-06-02,England,20/01/2022
CUST13603,Olivia,Brown,Female,1996-12-21,England,02/02/2025
CUST13604,Susan,Smith,Female,1966-08-24,England,11/03/2024
CUST13605,Jessica,Evans,Male,2006-09-19,England,10/11/2023
CUST13606,George,Robinson,Male,2001-08-22,England,09/01/2025
CUST13607,Olivia,Roberts,Male,1996-08-02,England,28/03/2024
CUST13608,Emily,White,Male,1996-01-20,England,03/09/2024
CUST13609,Jessica,Wilson,Male,1996-05-23,England,26/07/2024
CUST13610,Isla,Wilson,Male,1981-02-07,England,04/04/2023
CUST13611,Patricia,Thompson,Female,1991-05-13,England,14/07/2023
CUST13612,Susan,Jones,Female,1981-09-12,England,16/11/2021
CUST13613,James,Smith,Female,1966-10-03,England,08/07/2022
CUST13614,Olivia,Johnson,Male,1981-03-04,England,25/01/2025
CUST13615,John,Wilson,Male,1976-08-09,England,11/02/2022
CUST13616,Barbara,Wilson,Male,1991-03-03,England,16/06/2022
CUST13617,Linda,Wright,Female,2001-03-14,England,22/02/2024
CUST13618,Olivia,Robinson,Male,1991-12-02,England,02/04/2022
CUST13619,Linda,Thompson,Male,1961-08-01,England,23/12/2024
CUST13620,James,Thompson,Female,1981-03-17,Scotland,02/04/2023
CUST13621,George,White,Male,1996-02-07,England,08/05/2022
CUST13622,Karen,Evans,Male,1986-01-11,Northern Ireland,04/02/2025
CUST13623,James,Evans,Male,1971-06-10,England,11/06/2024
CUST13624,Thomas,Jones,Female,1981-02-13,England,20/12/2022
CUST13625,William,Wilson,Female,1986-08-13,England,20/01/2025
CUST13626,Joseph,Williams,Male,1966-06-04,England,29/09/2023
CUST13627,Thomas,Taylor,Female,1981-08-01,England,09/07/2023
CUST13628,Robert,Jones,Male,1981-03-12,England,17/11/2024
CUST13629,Harry,Evans,Female,1996-02-16,England,29/03/2023
CUST13630,Oliver,Smith,Female,2001-02-21,England,24/12/2021
CUST13631,Susan,Thompson,Female,1961-02-06,England,31/07/2024
CUST13632,William,Wright,Male,1981-01-03,England,14/08/2024
CUST13633,Richard,Jones,Male,1991-04-17,England,04/05/2024
CUST13634,Michael,Johnson,Female,1981-10-25,England,21/03/2023
CUST13635,Richard,Wilson,Male,2006-08-07,England,30/05/2023
CUST13636,Oliver,Smith,Female,1971-04-03,England,17/09/2022
CUST13637,Emily,Davies,Male,1996-12-11,England,23/11/2021
CUST13638,Amelia,Wright,Female,1971-10-16,England,10/02/2022
CUST13639,Michael,Taylor,Male,1986-10-17,England,27/09/2023
CUST13640,Patricia,Robinson,Male,1996-11-04,England,23/10/2021
CUST13641,Oliver,Williams,Male,2006-09-18,England,05/12/2021
CUST13642,David,White,Male,1971-12-10,England,28/11/2022
CUST13643,Sarah,Roberts,Male,2001-04-01,England,10/11/2021
CUST13644,Oliver,Roberts,Female,2006-11-25,England,14/03/2022
CUST13645,Jennifer,Wilson,Male,1976-02-15,England,28/04/2022
CUST13646,Emily,Williams,Male,1991-04-09,England,11/04/2022
CUST13647,Michael,Davies,Female,1991-11-23,England,10/06/2023
CUST13648,Amelia,Thompson,Male,1996-02-22,Scotland,28/10/2021
CUST13649,Thomas,Davies,Male,1971-07-06,England,27/12/2021
CUST13650,Karen,Smith,Female,1996-05-26,England,28/02/2022
CUST13651,James,Jones,Male,1996-02-15,England,05/02/2022
CUST13652,Linda,Thompson,Male,1991-03-08,Wales,14/07/2023
CUST13653,Olivia,Robinson,Female,1996-07-13,England,23/09/2021
CUST13654,John,Wilson,Male,1991-08-06,England,17/05/2022
CUST13655,Amelia,White,Female,2001-09-23,Scotland,18/08/2024
CUST13656,Noah,White,Female,2001-02-08,England,07/01/2023
CUST13657,George,Robinson,Male,1991-04-12,England,09/06/2022
CUST13658,David,Brown,Male,1971-02-02,England,19/07/2022
CUST13659,Michael,Wright,Male,2006-01-26,England,21/01/2025
CUST13660,Mary,Jones,Male,1996-05-09,Scotland,04/08/2024
CUST13661,George,Wright,Male,1966-08-18,England,08/01/2024
CUST13662,Richard,Smith,Male,1966-05-10,England,20/12/2021
CUST13663,Robert,Thompson,Male,1981-01-16,England,26/11/2024
CUST13664,Charles,Robinson,Male,1996-03-16,England,03/01/2022
CUST13665,Noah,Wright,Male,1991-06-08,England,06/07/2022
CUST13666,Olivia,Roberts,Male,1996-05-12,England,16/01/2022
CUST13667,Amelia,Jones,Male,2001-10-17,England,27/02/2024
CUST13668,Oliver,Roberts,Male,1991-08-06,England,19/03/2024
CUST13669,George,Wilson,Female,1981-12-04,England,15/04/2023
CUST13670,Thomas,Johnson,Female,1991-03-05,Wales,16/05/2024
CUST13671,Olivia,Taylor,Male,1981-05-12,Wales,23/07/2022
CUST13672,Elizabeth,Thompson,Female,1996-02-06,Wales,03/02/2024
CUST13673,Olivia,Roberts,Female,1991-01-08,England,02/11/2021
CUST13674,Michael,Thompson,Male,1976-12-19,England,20/08/2021
CUST13675,Jennifer,Wright,Female,1971-06-19,England,12/09/2021
CUST13676,Sarah,Evans,Female,1991-08-26,England,28/10/2022
CUST13677,Linda,Wilson,Male,1981-04-21,England,07/03/2023
CUST13678,Michael,Johnson,Female,1996-01-12,England,26/06/2022
CUST13679,Oliver,Walker,Male,2006-11-26,England,07/09/2022
CUST13680,Karen,Wright,Female,1976-08-25,England,07/10/2022
CUST13681,David,Johnson,Female,2001-09-06,Scotland,07/12/2021
CUST13682,Amelia,Robinson,Male,1991-07-05,England,02/08/2024
CUST13683,George,Davies,Female,1986-05-24,England,19/11/2023
CUST13684,James,Smith,Female,1996-06-25,England,17/10/2023
CUST13685,Karen,Jones,Female,2001-10-23,England,05/01/2022
CUST13686,James,Thompson,Female,1991-03-13,England,26/05/2023
CUST13687,David,Thompson,Male,1961-05-24,England,09/08/2024
CUST13688,George,White,Male,1981-04-21,England,10/09/2024
CUST13689,Charles,Jones,Male,1991-07-20,England,20/03/2022
CUST13690,Amelia,Evans,Male,2006-12-17,England,02/08/2022
CUST13691,Sarah,Roberts,Male,1981-12-08,England,01/07/2022
CUST13692,Susan,Davies,Female,2001-07-21,England,30/10/2024
CUST13693,John,Wright,Male,1986-03-24,England,27/08/2022
CUST13694,Barbara,Robinson,Female,1976-12-24,Wales,20/02/2023
CUST13695,David,Smith,Female,1991-04-17,Wales,21/03/2023
CUST13696,Richard,Johnson,Female,1996-05-02,Scotland,30/07/2024
CUST13697,Karen,Davies,Female,2006-11-20,England,27/12/2024
CUST13698,Joseph,Evans,Male,2006-04-07,England,22/03/2024
CUST13699,Jessica,Taylor,Female,1986-06-06,England,10/03/2022
CUST13700,Jack,Smith,Male,1966-12-03,England,18/06/2023
CUST13701,Richard,Brown,Female,1996-04-05,England,27/10/2024
CUST13702,Sarah,Evans,Female,1981-08-14,England,03/05/2022
CUST13703,Richard,Robinson,Female,1981-01-08,England,27/03/2024
CUST13704,Oliver,Evans,Female,2006-12-11,England,23/09/2022
CUST13705,Charles,Wright,Female,2001-06-14,England,27/02/2024
CUST13706,Noah,Williams,Female,1991-09-15,Northern Ireland,07/02/2022
CUST13707,Michael,Wilson,Male,1981-07-12,England,28/06/2022
CUST13708,Harry,Walker,Male,1986-06-13,England,06/08/2021
CUST13709,William,Wright,Male,1976-05-24,England,22/07/2023
CUST13710,Richard,Evans,Male,1971-01-08,England,12/10/2021
CUST13711,William,Robinson,Male,1976-04-01,England,03/09/2023
CUST13712,Oliver,Jones,Female,1956-05-22,England,25/07/2022
CUST13713,Oliver,Wright,Male,1976-05-03,England,18/06/2023
CUST13714,Richard,Jones,Female,1971-04-21,England,09/06/2022
CUST13715,Charles,Evans,Male,1971-08-09,Scotland,12/04/2023
CUST13716,Karen,Taylor,Male,1976-10-23,England,10/03/2023
CUST13717,Charles,Robinson,Male,1971-11-05,England,05/09/2024
CUST13718,Olivia,Johnson,Male,1966-12-05,Northern Ireland,24/06/2022
CUST13719,Harry,White,Male,1986-08-11,England,07/06/2024
CUST13720,Patricia,White,Female,1981-05-12,Scotland,10/12/2024
CUST13721,Olivia,Wilson,Male,1986-08-20,England,12/02/2023
CUST13722,William,Thompson,Male,1971-02-18,England,11/08/2021
CUST13723,Susan,Wright,Female,1986-10-27,England,08/02/2022
CUST13724,Thomas,Roberts,Male,1971-07-19,England,22/04/2022
CUST13725,Mary,Walker,Female,1976-02-06,England,26/10/2021
CUST13726,Oliver,Robinson,Male,1961-06-03,England,11/04/2023
CUST13727,Barbara,Davies,Male,1996-04-08,England,20/12/2023
CUST13728,Richard,Wilson,Female,1976-05-27,England,15/11/2024
CUST13729,John,Roberts,Male,1976-01-21,England,18/06/2023
CUST13730,David,Williams,Female,1966-01-21,England,26/06/2024
CUST13731,Richard,Robinson,Female,1966-05-08,England,22/05/2022
CUST13732,David,Evans,Male,1981-04-13,England,13/10/2023
CUST13733,William,Johnson,Female,1981-12-20,England,13/09/2024
CUST13734,Charles,Evans,Male,2001-04-26,England,26/04/2023
CUST13735,Karen,Williams,Male,1961-04-16,England,06/02/2024
CUST13736,Jack,Johnson,Female,1996-11-01,England,24/03/2023
CUST13737,Richard,Williams,Male,1976-11-24,Northern Ireland,21/11/2022
CUST13738,Amelia,Johnson,Male,1976-01-26,Scotland,05/02/2023
CUST13739,Mary,Roberts,Female,1986-02-01,England,30/10/2023
CUST13740,Olivia,Taylor,Female,1996-02-11,England,30/11/2023
CUST13741,Isla,Walker,Male,1996-06-27,England,21/08/2023
CUST13742,David,Wright,Male,1971-07-26,Northern Ireland,14/02/2025
CUST13743,James,Robinson,Male,1986-05-27,England,19/11/2023
CUST13744,Joseph,Robinson,Female,2001-01-27,England,10/04/2023
CUST13745,Joseph,Roberts,Female,1976-03-01,England,14/12/2021
CUST13746,Charles,White,Male,1996-08-05,Northern Ireland,23/11/2024
CUST13747,Isla,Brown,Male,1971-05-14,England,04/08/2022
CUST13748,Karen,Roberts,Male,1991-02-17,England,27/06/2022
CUST13749,William,Wilson,Male,1996-08-11,England,24/04/2022
CUST13750,Linda,White,Male,2001-08-08,England,07/01/2024
CUST13751,John,Robinson,Male,1986-06-07,England,14/07/2023
CUST13752,David,Wright,Male,1986-12-17,England,05/05/2024
CUST13753,Linda,Thompson,Female,1976-11-27,England,25/09/2021
CUST13754,William,Wilson,Female,1986-01-23,England,04/11/2021
CUST13755,Oliver,Evans,Female,1991-11-05,England,21/04/2023
CUST13756,Robert,Jones,Female,1996-01-04,England,12/02/2024
CUST13757,Thomas,Wright,Female,1996-06-08,England,21/12/2024
CUST13758,Charles,Robinson,Male,1966-11-20,England,20/09/2024
CUST13759,Richard,Roberts,Male,2001-12-01,Wales,10/02/2022
CUST13760,Karen,Walker,Male,1956-01-20,England,15/04/2024
CUST13761,Olivia,Walker,Female,1991-01-16,England,13/11/2021
CUST13762,Olivia,Williams,Female,2001-03-18,England,27/06/2022
CUST13763,Emily,Wright,Female,1996-04-24,England,29/09/2021
CUST13764,Olivia,Roberts,Male,2006-04-16,Northern Ireland,12/01/2023
CUST13765,Michael,Thompson,Female,1976-06-17,Wales,23/01/2025
CUST13766,Oliver,Roberts,Female,1986-04-13,England,02/09/2024
CUST13767,Olivia,Thompson,Male,1991-07-18,England,02/07/2023
CUST13768,Charles,Walker,Male,1981-11-11,Scotland,15/11/2021
CUST13769,Richard,Smith,Male,1981-07-02,England,31/10/2024
CUST13770,David,White,Male,1966-04-01,England,13/04/2023
CUST13771,Charles,Walker,Male,1961-07-20,England,08/12/2024
CUST13772,Oliver,Williams,Male,1981-08-18,England,27/08/2022
CUST13773,Olivia,Brown,Male,1971-11-12,England,07/08/2024
CUST13774,Thomas,Wright,Female,1976-12-21,England,02/11/2024
CUST13775,Isla,Wilson,Male,1986-04-13,Scotland,09/03/2022
CUST13776,Oliver,Davies,Female,1976-12-07,England,28/06/2022
CUST13777,William,White,Male,2006-10-16,England,17/06/2023
CUST13778,Patricia,Walker,Female,1976-02-11,England,18/06/2022
CUST13779,Isla,Wilson,Female,1961-07-27,England,30/04/2022
CUST13780,Linda,Wright,Male,2001-02-20,England,17/04/2022
CUST13781,Jennifer,Jones,Female,1971-06-21,England,22/11/2023
CUST13782,Olivia,Davies,Female,1966-01-19,England,13/10/2022
CUST13783,Sarah,White,Male,1996-04-19,England,25/06/2024
CUST13784,Robert,Evans,Female,1986-08-21,Northern Ireland,12/07/2024
CUST13785,Olivia,Jones,Male,1966-04-12,England,09/08/2022
CUST13786,Jennifer,Roberts,Female,1961-01-23,England,07/05/2023
CUST13787,Robert,Walker,Female,2001-05-01,England,03/09/2021
CUST13788,Olivia,Wright,Male,1991-07-18,England,20/11/2023
CUST13789,Susan,Walker,Male,1976-10-15,England,24/04/2023
CUST13790,Karen,Roberts,Male,1996-02-01,England,08/09/2023
CUST13791,William,Walker,Female,1991-06-18,England,18/01/2025
CUST13792,Olivia,Williams,Male,2006-03-01,England,24/02/2023
CUST13793,Oliver,Wilson,Male,2001-02-20,Wales,22/08/2024
CUST13794,Michael,Brown,Male,1986-02-15,England,06/04/2023
CUST13795,Jennifer,Roberts,Male,1981-10-17,England,30/06/2022
CUST13796,Emily,Evans,Female,1981-12-17,England,15/03/2023
CUST13797,Susan,Smith,Male,1976-08-09,England,24/11/2023
CUST13798,Mary,Jones,Male,1991-05-17,England,14/02/2022
CUST13799,David,Johnson,Male,1996-12-06,Scotland,03/07/2023
CUST13800,Michael,Jones,Female,2006-06-21,England,30/07/2022
CUST13801,Barbara,Wilson,Female,1996-07-03,England,01/01/2022
CUST13802,Richard,Wilson,Male,1991-08-04,England,21/03/2023
CUST13803,Amelia,Robinson,Male,2001-08-19,England,16/08/2021
CUST13804,Thomas,Brown,Male,2006-06-02,England,03/09/2021
CUST13805,Noah,Wilson,Female,2001-06-27,England,11/10/2024
CUST13806,Charles,Jones,Male,1981-04-01,England,26/10/2023
CUST13807,Olivia,Walker,Male,1981-09-15,England,07/07/2023
CUST13808,William,Thompson,Female,1966-09-27,England,19/03/2024
CUST13809,Olivia,Davies,Female,1976-06-19,England,18/01/2025
CUST13810,Charles,Evans,Male,1986-09-18,England,05/06/2022
CUST13811,Jack,Williams,Male,2001-02-19,England,13/02/2025
CUST13812,Emily,Davies,Female,1986-05-20,England,08/10/2022
CUST13813,Barbara,Thompson,Female,2006-12-05,England,30/08/2023
CUST13814,Amelia,Jones,Male,1986-09-09,England,24/09/2023
CUST13815,Barbara,Brown,Female,1991-09-06,England,12/02/2024
CUST13816,Isla,Smith,Female,1991-11-06,England,03/10/2022
CUST13817,Michael,Taylor,Male,1996-08-06,England,27/05/2023
CUST13818,Richard,Wright,Male,1981-08-18,England,03/09/2024
CUST13819,Noah,Davies,Male,1971-06-26,England,20/11/2022
CUST13820,Karen,Taylor,Male,1976-10-16,England,16/07/2022
CUST13821,Noah,Wilson,Male,1981-09-01,Scotland,19/08/2023
CUST13822,Joseph,Brown,Female,1986-07-19,England,12/12/2022
CUST13823,Robert,Davies,Male,2006-02-15,England,14/08/2023
CUST13824,Barbara,Williams,Female,1976-10-21,Wales,09/06/2023
CUST13825,Elizabeth,Roberts,Female,1986-04-11,England,15/07/2024
CUST13826,Emily,Evans,Female,1996-05-12,England,12/09/2024
CUST13827,Olivia,Evans,Male,1991-02-18,England,24/07/2024
CUST13828,Joseph,Thompson,Male,1966-03-20,Northern Ireland,10/07/2024
CUST13829,James,Roberts,Female,1981-02-06,England,20/04/2022
CUST13830,Robert,Davies,Female,1986-02-16,England,27/09/2023
CUST13831,Jack,Walker,Male,1981-01-26,England,03/01/2024
CUST13832,Patricia,Brown,Female,1991-04-02,England,24/03/2023
CUST13833,Richard,Thompson,Male,1986-10-09,England,03/10/2023
CUST13834,Barbara,Smith,Male,1996-11-15,England,09/12/2022
CUST13835,Olivia,Roberts,Female,1986-03-26,England,15/06/2023
CUST13836,Robert,Walker,Female,1981-06-27,England,07/02/2023
CUST13837,Robert,Taylor,Male,2006-10-16,Scotland,17/04/2023
CUST13838,Karen,Davies,Female,1976-09-15,Northern Ireland,29/12/2021
CUST13839,William,Williams,Male,1996-11-12,England,29/11/2021
CUST13840,Karen,White,Male,1981-06-13,England,11/12/2021
CUST13841,Robert,Johnson,Female,1981-03-20,England,25/03/2022
CUST13842,Noah,Wilson,Female,1981-02-15,England,30/08/2021
CUST13843,Isla,Walker,Female,1981-09-15,England,02/11/2024
CUST13844,Olivia,Smith,Female,1961-01-23,England,01/03/2024
CUST13845,Michael,Robinson,Female,1986-06-04,England,18/12/2021
CUST13846,Michael,Jones,Female,1976-05-26,England,17/09/2021
CUST13847,Robert,Johnson,Male,1976-12-20,England,12/03/2024
CUST13848,Noah,Robinson,Female,1996-12-16,England,13/07/2023
CUST13849,Harry,Roberts,Male,1996-06-16,England,25/08/2024
CUST13850,Michael,Robinson,Female,1991-07-16,England,09/05/2023
CUST13851,Susan,Taylor,Male,1996-05-16,Wales,22/10/2024
CUST13852,William,Roberts,Male,1991-10-10,England,19/09/2021
CUST13853,Sarah,Smith,Female,1991-04-20,England,14/02/2023
CUST13854,Noah,Brown,Female,1981-09-07,England,08/09/2022
CUST13855,Patricia,Smith,Female,1996-11-18,England,24/11/2024
CUST13856,Jack,Robinson,Male,1971-03-15,England,12/01/2023
CUST13857,Harry,Wright,Female,1986-03-10,England,09/01/2022
CUST13858,Sarah,Taylor,Male,1976-05-22,England,11/09/2021
CUST13859,Mary,Evans,Male,2001-10-09,England,21/07/2024
CUST13860,Olivia,Jones,Male,1986-08-18,England,28/01/2023
CUST13861,Patricia,Wilson,Female,2006-03-07,England,04/04/2022
CUST13862,Jessica,Walker,Male,1981-05-06,England,06/10/2021
CUST13863,Isla,Robinson,Female,1991-08-16,England,05/10/2021
CUST13864,William,Evans,Male,1961-12-27,England,14/04/2024
CUST13865,Sarah,Roberts,Female,1991-06-09,Wales,25/10/2023
CUST13866,Olivia,Jones,Female,1986-01-04,England,25/04/2024
CUST13867,William,Evans,Female,1996-02-04,England,03/09/2023
CUST13868,Michael,Johnson,Male,1981-01-14,England,26/12/2023
CUST13869,Jack,Williams,Female,1986-02-22,England,27/06/2024
CUST13870,Michael,Smith,Male,1991-05-20,England,25/09/2023
CUST13871,Noah,Brown,Female,1996-04-06,England,06/07/2024
CUST13872,Isla,Taylor,Male,2001-04-23,England,14/10/2024
CUST13873,Olivia,Roberts,Male,2001-10-05,England,16/01/2025
CUST13874,Olivia,Wilson,Male,1956-06-16,England,09/11/2022
CUST13875,Olivia,Davies,Male,1991-09-23,England,21/03/2022
CUST13876,John,Johnson,Male,2006-07-22,England,15/08/2022
CUST13877,Patricia,Roberts,Female,1961-03-19,Scotland,15/09/2021
CUST13878,Susan,Roberts,Male,2006-12-09,Wales,20/08/2023
CUST13879,Jennifer,Wilson,Female,1991-06-21,England,26/03/2022
CUST13880,Karen,White,Female,1976-11-11,England,27/12/2024
CUST13881,Oliver,Walker,Male,1966-02-10,England,24/12/2024
CUST13882,Robert,Wright,Male,1976-11-15,England,10/09/2022
CUST13883,William,Williams,Female,1986-09-17,England,02/12/2023
CUST13884,Joseph,Brown,Female,1961-03-06,England,31/10/2024
CUST13885,Mary,Taylor,Male,2006-10-26,England,21/03/2023
CUST13886,Thomas,Evans,Female,1956-09-24,Scotland,18/01/2025
CUST13887,Oliver,Roberts,Male,1971-11-08,Scotland,14/01/2025
CUST13888,Susan,Taylor,Male,1966-03-07,Scotland,12/02/2023
CUST13889,John,Davies,Male,1996-11-02,England,10/11/2024
CUST13890,Mary,Robinson,Male,2001-10-11,England,31/05/2023
CUST13891,Mary,Johnson,Male,1981-05-05,Wales,12/10/2023
CUST13892,Susan,Walker,Female,1986-05-26,England,09/08/2022
CUST13893,Elizabeth,Davies,Male,1986-04-25,England,27/01/2022
CUST13894,Linda,Williams,Female,1966-06-23,England,01/03/2024
CUST13895,Linda,Evans,Female,1981-11-08,England,20/11/2024
CUST13896,Patricia,Johnson,Male,1991-11-19,Northern Ireland,21/10/2022
CUST13897,Isla,Brown,Male,1991-02-14,England,26/05/2022
CUST13898,Amelia,Taylor,Male,2001-02-08,England,21/01/2024
CUST13899,Barbara,Smith,Male,1996-01-15,England,07/09/2021
CUST13900,John,Thompson,Male,2001-08-05,Wales,11/04/2024
CUST13901,Jessica,Walker,Female,1971-04-26,Northern Ireland,04/11/2021
CUST13902,Joseph,Wright,Female,1976-10-05,England,29/06/2022
CUST13903,Olivia,Taylor,Male,1986-10-09,England,21/10/2022
CUST13904,Robert,Williams,Female,1991-03-06,England,26/11/2023
CUST13905,Noah,Robinson,Female,1981-09-15,England,28/09/2023
CUST13906,Emily,Roberts,Female,1971-10-19,Scotland,12/03/2023
CUST13907,David,Thompson,Female,1966-12-26,England,24/02/2025
CUST13908,Jessica,Brown,Male,1986-09-11,England,23/01/2022
CUST13909,Charles,Smith,Female,1971-05-06,England,19/03/2023
CUST13910,Robert,Williams,Female,1986-12-01,England,20/12/2022
CUST13911,Joseph,Taylor,Female,1986-04-17,England,09/07/2023
CUST13912,Jennifer,Walker,Female,1971-10-27,England,25/06/2023
CUST13913,Jennifer,Davies,Male,1991-05-02,England,26/03/2024
CUST13914,James,Williams,Female,1991-12-27,England,16/04/2023
CUST13915,Jessica,Evans,Male,1991-10-08,England,16/08/2022
CUST13916,Jennifer,Smith,Male,1986-08-25,England,19/10/2023
CUST13917,Thomas,Evans,Male,1986-03-02,England,30/03/2024
CUST13918,Olivia,Brown,Male,1981-03-25,England,09/11/2021
CUST13919,Karen,Johnson,Female,1986-12-09,England,11/02/2024
CUST13920,Linda,White,Male,1996-10-08,Wales,11/09/2023
CUST13921,Noah,Walker,Female,1971-07-06,England,21/08/2022
CUST13922,Robert,White,Male,1991-11-04,England,16/11/2021
CUST13923,Barbara,Robinson,Female,1966-10-22,England,09/06/2022
CUST13924,Oliver,Thompson,Male,1996-05-02,England,24/02/2024
CUST13925,Joseph,Roberts,Male,1986-10-13,England,22/11/2022
CUST13926,David,Taylor,Male,1986-10-26,England,10/04/2024
CUST13927,Noah,Davies,Female,1971-06-11,England,03/01/2025
CUST13928,Richard,Wright,Male,2001-01-23,England,13/04/2024
CUST13929,Richard,Brown,Male,1966-09-19,Wales,22/08/2021
CUST13930,Isla,Taylor,Female,1986-05-22,England,12/12/2022
CUST13931,Oliver,White,Male,1981-05-26,England,01/02/2023
CUST13932,Olivia,Evans,Male,1986-09-03,Scotland,22/06/2023
CUST13933,Charles,Williams,Male,2006-10-09,England,13/04/2024
CUST13934,Harry,Wright,Male,1986-02-09,Wales,08/02/2024
CUST13935,Michael,Brown,Male,1996-10-02,England,02/12/2021
CUST13936,Barbara,Walker,Female,1991-04-03,England,03/11/2023
CUST13937,John,Davies,Female,1981-07-03,England,26/04/2023
CUST13938,Patricia,Roberts,Female,1986-11-26,England,04/06/2022
CUST13939,Harry,Thompson,Male,2001-03-24,England,23/10/2023
CUST13940,Karen,Davies,Female,2006-03-16,England,11/08/2024
CUST13941,Jennifer,Roberts,Female,1996-12-23,Scotland,09/10/2024
CUST13942,Jack,Thompson,Female,1996-05-10,Wales,10/12/2024
CUST13943,Olivia,Johnson,Male,1981-12-13,England,07/03/2023
CUST13944,Elizabeth,Smith,Female,2001-05-24,England,06/10/2022
CUST13945,Thomas,Smith,Female,1966-08-04,England,18/05/2024
CUST13946,Robert,Thompson,Male,1996-07-04,England,02/08/2024
CUST13947,William,Williams,Male,2001-12-15,England,29/10/2022
CUST13948,Richard,Thompson,Male,1971-07-07,England,02/01/2024
CUST13949,Karen,Davies,Female,1996-07-19,England,26/08/2023
CUST13950,Elizabeth,Robinson,Female,1991-06-18,England,19/07/2022
CUST13951,Emily,Wilson,Female,1961-05-09,England,09/07/2024
CUST13952,Barbara,Smith,Male,1961-06-04,Scotland,10/11/2024
CUST13953,Isla,Evans,Female,1976-06-03,England,13/02/2024
CUST13954,Sarah,Brown,Female,2006-10-12,England,17/08/2022
CUST13955,Isla,Wilson,Male,1981-01-09,England,16/10/2021
CUST13956,Richard,Smith,Female,1956-07-01,England,19/10/2023
CUST13957,James,Roberts,Male,1961-07-19,England,10/10/2024
CUST13958,Karen,Evans,Female,2001-10-26,England,31/07/2024
CUST13959,Joseph,Smith,Male,1991-08-27,England,03/10/2021
CUST13960,Amelia,Jones,Female,1991-06-04,Wales,26/11/2021
CUST13961,Sarah,Davies,Female,2001-02-06,England,03/04/2022
CUST13962,Noah,Taylor,Female,1976-05-12,England,20/08/2023
CUST13963,Harry,White,Male,1996-04-25,England,29/03/2022
CUST13964,Oliver,Williams,Male,1991-03-16,England,20/10/2021
CUST13965,Oliver,Roberts,Male,2001-09-13,Wales,27/09/2024
CUST13966,Mary,Taylor,Female,1986-06-25,England,19/12/2021
CUST13967,Patricia,White,Male,2001-10-18,England,15/08/2021
CUST13968,Jack,Jones,Male,1986-02-27,England,23/04/2024
CUST13969,Amelia,White,Female,2001-12-24,England,07/12/2024
CUST13970,Elizabeth,Johnson,Female,1961-06-27,England,23/12/2023
CUST13971,George,Thompson,Female,2001-04-16,England,12/09/2021
CUST13972,Robert,Johnson,Male,1986-05-11,Scotland,15/05/2024
CUST13973,Barbara,Evans,Male,1996-11-02,England,13/01/2025
CUST13974,Susan,Walker,Female,2006-09-20,England,03/01/2022
CUST13975,Harry,Williams,Male,1996-03-08,England,11/01/2022
CUST13976,Joseph,Evans,Male,2006-12-01,England,12/05/2023
CUST13977,William,Smith,Male,2001-02-22,England,14/12/2022
CUST13978,Sarah,Johnson,Male,1986-04-12,England,17/02/2023
CUST13979,Isla,Williams,Female,1981-09-15,England,21/08/2021
CUST13980,Amelia,Walker,Male,2001-07-22,England,13/10/2021
CUST13981,Emily,Thompson,Female,1986-06-09,England,21/01/2022
CUST13982,John,Thompson,Male,1981-12-23,Scotland,03/05/2022
CUST13983,Jennifer,Walker,Female,1996-10-16,England,20/10/2022
CUST13984,Thomas,Walker,Female,1991-12-16,Northern Ireland,19/06/2023
CUST13985,Olivia,Jones,Male,2006-04-08,England,23/09/2024
CUST13986,Oliver,Johnson,Female,1996-11-22,England,13/08/2022
CUST13987,Amelia,Walker,Female,1986-03-07,England,12/01/2025
CUST13988,Harry,White,Female,1956-10-17,England,23/06/2024
CUST13989,William,White,Female,1956-07-23,England,19/06/2023
CUST13990,Susan,White,Male,1961-08-04,England,05/12/2022
CUST13991,Jennifer,Smith,Male,1991-02-11,England,29/08/2024
CUST13992,Elizabeth,Taylor,Female,2001-11-19,Northern Ireland,15/12/2023
CUST13993,Harry,Robinson,Female,1991-04-08,England,17/05/2022
CUST13994,William,Smith,Female,1996-08-01,England,14/01/2022
CUST13995,William,Johnson,Female,2006-02-12,England,06/10/2024
CUST13996,Jennifer,White,Male,2001-12-14,England,06/09/2021
CUST13997,Sarah,Jones,Female,1986-04-25,England,24/03/2024
CUST13998,William,Wright,Male,1991-10-22,England,24/04/2022
CUST13999,Joseph,Jones,Male,1996-10-05,England,01/08/2023
CUST14000,Amelia,Wilson,Female,1976-07-08,Scotland,31/12/2023
CUST14001,Patricia,Walker,Male,1991-02-06,England,24/03/2022
CUST14002,Mary,Robinson,Female,1971-04-25,Wales,30/07/2022
CUST14003,Joseph,Johnson,Male,1996-08-10,England,06/01/2023
CUST14004,James,Thompson,Male,1986-07-25,England,01/09/2021
CUST14005,Jennifer,Smith,Male,1996-08-02,England,30/11/2022
CUST14006,Richard,Wright,Male,1986-03-16,England,14/05/2022
CUST14007,Thomas,Walker,Male,2001-07-03,England,25/09/2022
CUST14008,William,Robinson,Male,2001-02-15,England,06/07/2023
CUST14009,Oliver,Robinson,Female,1981-06-01,England,12/02/2023
CUST14010,Elizabeth,Williams,Female,1996-02-05,Scotland,19/05/2024
CUST14011,Joseph,Taylor,Male,2001-08-04,England,26/01/2025
CUST14012,Joseph,Johnson,Female,1966-07-20,Wales,20/03/2022
CUST14013,Charles,Wilson,Male,2006-11-18,England,22/08/2021
CUST14014,Noah,Jones,Male,1986-06-16,England,16/11/2024
CUST14015,Richard,Taylor,Female,1986-02-06,England,09/08/2021
CUST14016,Robert,Evans,Male,1996-03-08,Wales,22/06/2024
CUST14017,William,Wright,Male,1986-10-11,England,09/03/2023
CUST14018,Jack,Thompson,Male,2001-12-27,England,23/01/2022
CUST14019,Olivia,Brown,Male,1976-01-20,England,28/06/2023
CUST14020,Susan,Davies,Female,1996-09-01,England,24/05/2023
CUST14021,Susan,Wright,Female,1996-06-01,England,28/11/2024
CUST14022,Barbara,Brown,Female,1991-04-10,England,16/01/2022
CUST14023,Isla,Smith,Female,1966-07-06,Wales,01/11/2022
CUST14024,Robert,Taylor,Male,1976-12-11,Scotland,16/05/2022
CUST14025,Isla,Williams,Female,1961-03-27,England,24/01/2025
CUST14026,Michael,Jones,Male,1981-11-06,England,23/02/2023
CUST14027,David,Taylor,Female,1981-02-17,England,17/04/2022
CUST14028,Robert,Smith,Female,1986-09-14,England,02/05/2022
CUST14029,Jessica,Brown,Male,1966-01-18,England,30/11/2024
CUST14030,John,Williams,Male,1986-01-15,England,27/08/2024
CUST14031,Emily,White,Male,1991-01-14,England,14/12/2024
CUST14032,Patricia,Williams,Female,1981-10-08,England,07/03/2024
CUST14033,Jennifer,Brown,Female,1986-07-27,England,01/09/2023
CUST14034,John,Thompson,Male,2001-09-08,England,02/12/2021
CUST14035,Joseph,Davies,Male,1991-02-04,England,18/06/2024
CUST14036,Emily,Jones,Female,1991-12-03,England,28/01/2024
CUST14037,Isla,Brown,Female,1971-10-02,England,08/10/2021
CUST14038,Charles,Taylor,Female,1991-06-10,England,01/03/2024
CUST14039,Isla,Roberts,Male,1971-11-23,England,05/11/2023
CUST14040,Jessica,Thompson,Female,1986-02-05,England,01/12/2023
CUST14041,Thomas,Johnson,Male,1976-04-01,England,07/06/2023
CUST14042,Oliver,Wright,Female,2001-01-15,England,14/10/2022
CUST14043,Elizabeth,Walker,Female,1966-02-16,England,27/09/2021
CUST14044,Richard,Taylor,Female,1986-11-16,Scotland,05/09/2021
CUST14045,Thomas,Brown,Male,1996-05-01,England,04/11/2022
CUST14046,Jack,Davies,Male,1996-08-06,England,22/01/2022
CUST14047,Richard,Johnson,Female,1996-11-10,England,29/05/2023
CUST14048,James,Williams,Male,1991-10-20,England,23/05/2023
CUST14049,William,Evans,Male,1976-05-18,England,01/11/2021
CUST14050,Mary,Johnson,Female,1961-05-22,England,10/12/2022
CUST14051,Robert,Davies,Male,1981-02-15,England,07/02/2023
CUST14052,Olivia,Wright,Female,1986-10-11,England,09/12/2022
CUST14053,Jessica,White,Female,1986-12-16,England,31/08/2023
CUST14054,Isla,Walker,Female,1971-07-11,Scotland,08/02/2022
CUST14055,Richard,Davies,Male,1971-06-05,England,17/05/2022
CUST14056,David,Williams,Male,1996-11-16,England,07/09/2023
CUST14057,George,Brown,Male,1961-05-08,England,25/05/2024
CUST14058,Karen,Johnson,Male,1991-05-08,England,29/01/2025
CUST14059,Barbara,White,Male,1971-11-20,England,16/05/2024
CUST14060,Michael,Jones,Female,1961-05-02,England,05/12/2024
CUST14061,Susan,Walker,Male,1976-12-01,Scotland,23/11/2024
CUST14062,Susan,Walker,Female,2001-02-10,England,07/09/2024
CUST14063,Michael,Evans,Female,1981-06-17,England,23/12/2022
CUST14064,Robert,Taylor,Female,2001-06-23,Scotland,30/01/2023
CUST14065,Sarah,Smith,Female,1976-04-14,England,20/11/2023
CUST14066,James,Johnson,Male,1996-12-07,England,29/09/2021
CUST14067,Emily,Thompson,Male,1976-06-10,England,29/11/2022
CUST14068,Michael,Davies,Male,1966-11-11,Scotland,09/09/2022
CUST14069,Jessica,Thompson,Female,1996-03-10,England,10/09/2024
CUST14070,James,Robinson,Male,1991-05-19,England,07/11/2024
CUST14071,Linda,Wilson,Female,1981-06-22,England,28/01/2022
CUST14072,David,Roberts,Female,1991-07-20,Wales,14/08/2023
CUST14073,Patricia,Brown,Female,2001-03-11,England,23/07/2022
CUST14074,Harry,Robinson,Male,2006-04-08,Scotland,17/12/2021
CUST14075,Patricia,Wright,Female,1991-08-03,Scotland,13/11/2021
CUST14076,Karen,Roberts,Female,1981-04-22,Scotland,07/10/2021
CUST14077,Elizabeth,Robinson,Female,1981-10-26,England,16/11/2023
CUST14078,Isla,Evans,Female,2001-06-02,England,23/08/2024
CUST14079,Elizabeth,Williams,Female,1986-12-04,England,09/08/2024
CUST14080,Jack,Robinson,Female,1991-03-06,England,08/01/2023
CUST14081,Oliver,Davies,Male,1996-11-22,England,12/06/2023
CUST14082,Mary,Thompson,Male,1976-06-06,England,23/01/2025
CUST14083,Jessica,Wright,Male,1991-02-01,England,14/12/2024
CUST14084,Patricia,White,Male,1986-09-10,England,08/11/2022
CUST14085,Jack,Brown,Male,1966-03-10,England,06/09/2022
CUST14086,Elizabeth,Davies,Male,1986-02-11,England,12/12/2023
CUST14087,Robert,White,Male,1981-07-14,England,02/10/2021
CUST14088,Olivia,Jones,Male,2006-10-07,England,20/02/2024
CUST14089,Susan,Jones,Female,2001-04-01,England,09/02/2022
CUST14090,Robert,Wright,Female,2001-08-03,England,30/11/2023
CUST14091,Barbara,Wright,Male,1976-01-20,England,07/12/2022
CUST14092,Robert,Wilson,Male,1971-03-18,England,05/10/2023
CUST14093,Thomas,Johnson,Female,1996-10-08,Scotland,20/06/2022
CUST14094,John,Thompson,Female,1996-01-26,England,26/05/2024
CUST14095,Michael,Taylor,Male,1991-05-15,England,25/10/2023
CUST14096,Mary,Walker,Male,1981-07-22,England,01/02/2024
CUST14097,John,Davies,Female,1981-01-22,England,26/09/2023
CUST14098,Elizabeth,Robinson,Female,1981-12-09,England,31/10/2021
CUST14099,George,Taylor,Female,1966-07-16,England,29/07/2022
CUST14100,Emily,Brown,Female,1996-05-17,England,18/05/2024
CUST14101,Olivia,Walker,Female,1981-12-13,England,22/02/2023
CUST14102,Barbara,Thompson,Female,1986-07-18,England,07/02/2024
CUST14103,Olivia,Wilson,Male,1991-09-10,Scotland,08/11/2024
CUST14104,Noah,Evans,Male,1966-02-03,England,02/09/2024
CUST14105,Mary,Jones,Female,2001-02-02,England,06/05/2024
CUST14106,Joseph,Thompson,Female,1976-01-13,England,23/02/2024
CUST14107,Harry,Davies,Male,1976-07-25,England,09/12/2024
CUST14108,Jack,Williams,Male,1966-11-06,England,08/05/2024
CUST14109,Harry,Davies,Male,1986-11-16,England,23/02/2024
CUST14110,James,White,Female,1991-07-05,England,05/02/2024
CUST14111,Oliver,Jones,Female,1971-01-18,Scotland,12/06/2022
CUST14112,James,Taylor,Female,1976-08-05,Wales,19/03/2024
CUST14113,Noah,Davies,Male,1986-08-12,England,12/01/2023
CUST14114,Susan,Taylor,Male,1976-08-22,Northern Ireland,14/11/2024
CUST14115,Karen,Walker,Female,1996-09-11,England,02/04/2024
CUST14116,Karen,Johnson,Male,1981-07-26,England,11/07/2022
CUST14117,Richard,Roberts,Female,1971-09-02,England,15/11/2021
CUST14118,Karen,White,Male,1991-06-03,Scotland,14/08/2022
CUST14119,Robert,Wright,Female,1986-02-05,Scotland,24/05/2023
CUST14120,Thomas,Robinson,Male,1961-01-07,England,29/04/2024
CUST14121,Barbara,Robinson,Male,1976-11-12,England,02/06/2022
CUST14122,Olivia,Brown,Female,1966-06-25,England,06/11/2024
CUST14123,Olivia,Jones,Female,1991-04-07,England,29/08/2021
CUST14124,Isla,Jones,Female,1956-04-10,England,07/07/2022
CUST14125,David,Smith,Female,2001-01-02,England,08/03/2024
CUST14126,Patricia,Brown,Female,1986-12-20,England,21/08/2021
CUST14127,Linda,Taylor,Male,1986-01-15,England,16/01/2024
CUST14128,Emily,Walker,Male,1976-03-02,England,31/08/2022
CUST14129,Barbara,Robinson,Male,1966-06-13,England,03/05/2022
CUST14130,Mary,Wright,Male,1976-05-06,England,18/02/2022
CUST14131,John,Evans,Male,1981-01-12,England,17/12/2024
CUST14132,Thomas,Thompson,Male,1991-04-08,Scotland,16/01/2024
CUST14133,Amelia,Wilson,Male,1986-10-22,England,15/04/2024
CUST14134,David,Brown,Male,1986-04-02,England,18/08/2024
CUST14135,George,Williams,Male,2006-11-17,Wales,24/04/2023
CUST14136,Jack,Walker,Male,1986-05-22,Wales,03/10/2024
CUST14137,Robert,Brown,Male,1971-01-01,Scotland,27/04/2022
CUST14138,Jack,Walker,Male,1976-02-25,England,06/02/2025
CUST14139,Isla,Smith,Female,1976-10-21,England,05/01/2022
CUST14140,Joseph,Smith,Female,1991-05-08,England,29/08/2022
CUST14141,Jack,Evans,Male,1986-12-14,England,12/10/2022
CUST14142,Olivia,Wright,Female,2006-10-19,England,30/04/2023
CUST14143,Barbara,Wright,Female,1991-01-14,England,31/05/2022
CUST14144,Karen,Brown,Female,1986-04-21,England,07/01/2025
CUST14145,Richard,Jones,Male,1996-09-25,Wales,31/12/2024
CUST14146,Noah,Williams,Male,2006-01-10,England,20/06/2022
CUST14147,Mary,Johnson,Male,1976-12-03,England,29/03/2024
CUST14148,Mary,Walker,Female,1986-02-12,England,01/08/2024
CUST14149,Richard,Davies,Female,1991-10-17,Northern Ireland,08/07/2024
CUST14150,Harry,Thompson,Male,1996-11-21,England,11/08/2022
CUST14151,Robert,Smith,Male,1986-07-08,England,06/05/2024
CUST14152,Robert,Thompson,Female,1986-10-26,England,26/08/2022
CUST14153,Linda,Thompson,Male,1986-11-01,England,08/05/2024
CUST14154,Emily,Smith,Female,1981-09-16,England,10/03/2022
CUST14155,Susan,Smith,Female,2006-09-12,England,28/12/2024
CUST14156,Thomas,Johnson,Male,1966-05-19,England,06/10/2024
CUST14157,Linda,Jones,Male,2006-04-08,England,03/05/2022
CUST14158,Olivia,Thompson,Female,1986-11-26,England,27/05/2022
CUST14159,Harry,Roberts,Male,1996-03-01,England,14/10/2022
CUST14160,Karen,Evans,Female,1986-05-23,England,25/09/2021
CUST14161,Emily,Davies,Female,1996-07-14,England,11/05/2024
CUST14162,Mary,Johnson,Male,1971-05-14,England,24/05/2024
CUST14163,Sarah,Wright,Female,1991-05-09,England,17/04/2022
CUST14164,Barbara,Walker,Male,1981-08-11,Wales,21/09/2022
CUST14165,Thomas,White,Male,1996-04-12,England,11/09/2023
CUST14166,Karen,Jones,Male,2006-12-09,England,17/03/2023
CUST14167,Jack,Roberts,Male,1991-03-01,England,11/06/2022
CUST14168,Robert,Taylor,Female,1986-05-11,Scotland,07/04/2022
CUST14169,Jack,Taylor,Male,1986-11-11,England,15/11/2022
CUST14170,Charles,Taylor,Male,1961-06-20,England,30/09/2021
CUST14171,Jack,Smith,Female,1976-09-13,England,27/12/2021
CUST14172,James,Davies,Female,1956-08-15,Scotland,07/06/2022
CUST14173,Joseph,Johnson,Female,1996-04-13,England,29/06/2024
CUST14174,William,Smith,Male,1976-09-12,England,24/06/2023
CUST14175,Amelia,Thompson,Female,1986-03-20,England,04/04/2024
CUST14176,Thomas,Jones,Female,1981-09-19,Northern Ireland,07/08/2024
CUST14177,Robert,Taylor,Male,1956-02-27,Scotland,03/08/2022
CUST14178,Oliver,Johnson,Male,1981-09-14,England,29/05/2022
CUST14179,John,Taylor,Male,1966-02-01,England,27/08/2021
CUST14180,Elizabeth,Robinson,Male,1976-11-16,Scotland,27/11/2021
CUST14181,Harry,Robinson,Male,2001-08-11,England,15/04/2022
CUST14182,George,Robinson,Male,1976-01-03,England,26/02/2024
CUST14183,Harry,Walker,Female,1986-02-24,England,15/08/2021
CUST14184,Susan,White,Male,1966-03-18,England,05/10/2024
CUST14185,Barbara,Evans,Male,1971-12-17,England,17/08/2023
CUST14186,Harry,Jones,Male,2001-08-18,England,08/04/2024
CUST14187,Jack,Walker,Male,2001-04-27,England,09/04/2022
CUST14188,David,Wilson,Male,2006-04-19,England,11/12/2024
CUST14189,Jennifer,Smith,Male,1986-01-20,England,15/04/2022
CUST14190,Emily,Johnson,Male,2001-03-21,England,15/01/2024
CUST14191,William,Evans,Male,1976-11-20,England,07/12/2022
CUST14192,Harry,Wilson,Male,1986-08-20,England,02/11/2022
CUST14193,Charles,Walker,Female,1971-05-03,England,20/05/2024
CUST14194,Harry,Walker,Female,1996-01-11,England,25/12/2021
CUST14195,Jennifer,Roberts,Male,1986-05-08,Scotland,23/10/2021
CUST14196,Michael,Wilson,Female,2001-05-25,England,05/08/2021
CUST14197,Elizabeth,Walker,Male,1966-02-16,England,27/09/2024
CUST14198,Charles,Thompson,Female,2001-08-14,England,05/04/2022
CUST14199,William,White,Male,2001-08-15,England,20/02/2025
CUST14200,Harry,Jones,Male,1996-12-19,England,06/04/2024
CUST14201,Jennifer,Taylor,Female,1971-05-21,England,26/07/2024
CUST14202,Isla,Smith,Male,2001-04-06,England,10/05/2022
CUST14203,Emily,Roberts,Female,1981-10-27,England,16/10/2022
CUST14204,Amelia,Davies,Male,1976-05-21,England,22/03/2023
CUST14205,Charles,Thompson,Male,1976-08-06,England,08/02/2022
CUST14206,Sarah,Walker,Female,1996-09-17,England,07/08/2023
CUST14207,Richard,Williams,Male,2006-11-12,England,04/02/2022
CUST14208,James,Walker,Female,1986-04-11,England,23/09/2023
CUST14209,Noah,Williams,Female,1996-08-24,Northern Ireland,17/11/2021
CUST14210,Michael,Taylor,Male,1976-02-08,England,23/06/2023
CUST14211,Richard,Walker,Female,1991-10-23,England,22/09/2024
CUST14212,Charles,Davies,Male,1986-01-18,England,03/12/2023
CUST14213,David,Wright,Female,2001-09-23,Scotland,02/07/2024
CUST14214,Joseph,Evans,Male,1986-03-21,Scotland,05/12/2021
CUST14215,Susan,Jones,Female,1996-06-17,England,14/02/2023
CUST14216,Harry,Taylor,Female,1981-01-06,England,14/12/2024
CUST14217,Robert,Brown,Male,2006-09-27,England,23/04/2024
CUST14218,Mary,Davies,Female,1961-06-18,England,21/07/2023
CUST14219,David,White,Male,1981-08-10,England,14/02/2023
CUST14220,Joseph,Robinson,Female,1996-05-07,England,10/04/2023
CUST14221,David,Davies,Male,2006-01-04,England,19/09/2024
CUST14222,Jennifer,White,Female,1991-07-09,Northern Ireland,17/12/2022
CUST14223,Emily,Evans,Male,2001-09-04,England,15/09/2021
CUST14224,Karen,Evans,Female,1996-08-24,England,21/09/2023
CUST14225,Emily,White,Female,1971-04-12,England,15/02/2025
CUST14226,Mary,Robinson,Female,1981-09-17,England,20/12/2021
CUST14227,Jessica,Wilson,Male,2001-07-22,Scotland,08/05/2023
CUST14228,Michael,Johnson,Female,1986-03-26,England,13/06/2023
CUST14229,Jack,Wright,Female,1996-02-13,England,02/01/2022
CUST14230,Olivia,Roberts,Female,1961-04-02,England,04/01/2025
CUST14231,Robert,Smith,Female,2006-01-17,Scotland,19/08/2023
CUST14232,Richard,Evans,Female,1976-09-26,England,12/01/2025
CUST14233,Mary,Wilson,Female,1976-01-10,England,13/04/2022
CUST14234,Sarah,Roberts,Female,2006-01-03,England,22/08/2023
CUST14235,Robert,Davies,Male,2001-02-20,England,01/06/2022
CUST14236,Joseph,Jones,Female,1991-04-17,England,12/10/2021
CUST14237,Jack,Wilson,Male,1971-01-05,England,22/03/2022
CUST14238,Amelia,Wilson,Female,1986-08-01,England,02/05/2024
CUST14239,Olivia,White,Male,1981-02-15,England,04/09/2022
CUST14240,Charles,White,Male,1976-10-05,England,04/02/2023
CUST14241,Susan,Brown,Male,1971-07-05,England,23/09/2023
CUST14242,Jennifer,Smith,Male,1986-02-09,England,10/12/2023
CUST14243,Susan,Wright,Male,1986-05-13,Northern Ireland,13/09/2022
CUST14244,Joseph,Taylor,Male,1976-02-23,England,16/09/2024
CUST14245,Elizabeth,Taylor,Female,1996-12-12,Wales,08/09/2022
CUST14246,Patricia,Wright,Male,1971-08-23,England,20/11/2021
CUST14247,Barbara,Johnson,Male,2006-10-17,England,30/01/2023
CUST14248,George,Robinson,Female,1996-05-11,Scotland,20/01/2022
CUST14249,Thomas,Thompson,Male,1971-02-14,England,09/04/2024
CUST14250,Jessica,Smith,Female,1991-03-04,Northern Ireland,26/10/2022
CUST14251,Charles,Williams,Male,2001-06-27,England,22/03/2022
CUST14252,Olivia,Davies,Female,1996-10-09,England,28/04/2024
CUST14253,William,Evans,Male,1986-06-25,England,26/10/2024
CUST14254,Michael,Brown,Female,1971-12-18,Northern Ireland,07/10/2024
CUST14255,Jessica,Johnson,Female,2006-05-08,England,31/12/2023
CUST14256,Mary,Williams,Female,2006-03-14,England,25/12/2022
CUST14257,David,Robinson,Male,1986-06-04,England,16/03/2024
CUST14258,Jack,Brown,Male,1961-02-17,England,29/03/2024
CUST14259,Sarah,Wright,Female,1996-09-02,England,02/09/2023
CUST14260,Barbara,Wright,Female,1961-02-18,Scotland,11/08/2022
CUST14261,Michael,Evans,Female,1966-08-06,England,08/12/2024
CUST14262,George,Johnson,Male,1996-05-04,England,03/08/2023
CUST14263,James,Johnson,Male,1971-05-06,England,13/12/2024
CUST14264,Charles,Wright,Female,1981-08-03,England,04/06/2024
CUST14265,Harry,Wilson,Male,1986-09-24,England,06/12/2023
CUST14266,Emily,Brown,Male,1991-12-26,England,27/06/2022
CUST14267,Oliver,Taylor,Female,1971-04-25,England,17/04/2024
CUST14268,Karen,Thompson,Male,1976-10-20,England,05/01/2024
CUST14269,Olivia,Brown,Female,1976-11-07,England,05/10/2021
CUST14270,Harry,Jones,Male,1956-12-21,England,11/02/2025
CUST14271,William,Evans,Male,1986-12-21,England,20/08/2024
CUST14272,Linda,White,Male,1971-10-07,England,02/04/2024
CUST14273,Mary,Williams,Male,1971-04-23,England,30/07/2022
CUST14274,George,Davies,Female,1996-09-27,England,26/10/2024
CUST14275,Richard,Brown,Female,2006-10-11,England,09/10/2021
CUST14276,Elizabeth,White,Male,1991-04-16,England,30/06/2022
CUST14277,Richard,White,Female,1971-10-24,England,10/10/2021
CUST14278,Olivia,Robinson,Female,1996-09-08,England,03/11/2022
CUST14279,Sarah,Taylor,Male,1976-06-27,Scotland,22/12/2021
CUST14280,Emily,Williams,Female,2006-11-09,England,27/10/2023
CUST14281,James,Wright,Male,1991-02-27,England,30/12/2023
CUST14282,Robert,Evans,Male,1981-09-07,Wales,21/12/2024
CUST14283,Susan,Wilson,Male,2001-10-21,England,22/04/2023
CUST14284,Thomas,Roberts,Female,1966-01-15,England,08/02/2025
CUST14285,John,Davies,Female,2001-05-11,England,30/10/2024
CUST14286,David,Brown,Female,1966-07-12,England,04/07/2023
CUST14287,Barbara,Brown,Female,1996-03-07,Wales,25/08/2024
CUST14288,Charles,Wright,Female,1956-11-19,England,24/07/2024
CUST14289,Karen,Robinson,Female,1981-08-27,England,16/05/2022
CUST14290,Olivia,Evans,Male,2001-04-16,England,15/01/2024
CUST14291,George,Williams,Female,2006-06-08,England,12/01/2023
CUST14292,William,Wright,Female,2006-02-19,England,26/01/2022
CUST14293,George,Brown,Male,1981-02-12,England,11/03/2023
CUST14294,Karen,Walker,Female,1971-09-25,Wales,28/12/2023
CUST14295,Sarah,Evans,Male,1991-12-08,England,09/06/2022
CUST14296,Karen,Taylor,Male,1986-04-14,Wales,01/10/2022
CUST14297,Joseph,Walker,Female,1981-03-14,England,24/02/2023
CUST14298,Thomas,Davies,Female,1986-09-24,England,03/07/2024
CUST14299,Barbara,Williams,Female,1981-07-03,England,14/12/2022
CUST14300,Thomas,Roberts,Male,1986-02-17,England,07/09/2024
CUST14301,Sarah,Davies,Male,1976-09-22,England,16/11/2021
CUST14302,Jack,Williams,Male,1956-03-10,Northern Ireland,20/10/2021
CUST14303,Sarah,Taylor,Male,1991-02-14,England,24/12/2023
CUST14304,Jennifer,White,Female,2006-06-08,England,27/11/2024
CUST14305,Noah,White,Female,2001-09-12,England,30/09/2021
CUST14306,Sarah,Smith,Female,1986-07-26,Scotland,18/02/2022
CUST14307,Harry,Brown,Female,1991-08-10,England,04/07/2024
CUST14308,Olivia,Wilson,Male,1966-03-06,England,18/01/2024
CUST14309,Susan,Wilson,Male,1981-06-16,England,26/02/2022
CUST14310,Olivia,Williams,Female,1986-09-13,England,17/10/2024
CUST14311,Charles,Wright,Female,1976-07-22,England,27/05/2023
CUST14312,Elizabeth,Wright,Male,1996-03-01,Scotland,08/01/2024
CUST14313,Mary,Johnson,Female,1971-12-25,England,28/08/2024
CUST14314,Isla,Davies,Female,2006-01-19,England,28/07/2022
CUST14315,David,Roberts,Female,1981-11-23,Scotland,29/08/2024
CUST14316,Elizabeth,Wilson,Male,1966-09-12,England,21/04/2022
CUST14317,Jessica,Brown,Male,1976-02-13,England,08/11/2021
CUST14318,Sarah,Thompson,Female,1971-04-10,England,25/12/2021
CUST14319,William,Walker,Female,1991-05-23,England,13/11/2023
CUST14320,Olivia,Thompson,Female,1971-12-02,Scotland,12/12/2024
CUST14321,Karen,Evans,Male,1986-07-15,Scotland,05/03/2023
CUST14322,Olivia,White,Female,1981-04-08,Wales,22/09/2024
CUST14323,Mary,Wright,Male,2006-12-18,Wales,02/12/2024
CUST14324,Isla,Robinson,Female,1996-02-27,England,25/11/2021
CUST14325,Olivia,Davies,Male,1986-10-19,England,30/06/2022
CUST14326,Jessica,Smith,Male,2006-10-02,England,24/09/2024
CUST14327,David,Walker,Female,1976-05-11,England,12/05/2023
CUST14328,James,Davies,Female,1971-01-01,England,22/03/2023
CUST14329,Noah,Jones,Male,1966-11-14,England,20/08/2023
CUST14330,Joseph,Williams,Male,2001-12-05,England,10/11/2023
CUST14331,Isla,Robinson,Female,1966-05-19,England,01/03/2022
CUST14332,Barbara,Evans,Female,2006-03-15,England,17/11/2022
CUST14333,Joseph,Roberts,Male,1986-04-09,Scotland,24/11/2024
CUST14334,George,Brown,Male,1971-02-24,England,26/03/2022
CUST14335,Sarah,Thompson,Female,2006-08-21,England,14/07/2024
CUST14336,Thomas,Taylor,Male,2006-07-17,England,02/11/2023
CUST14337,Amelia,Johnson,Male,2006-05-10,England,06/11/2024
CUST14338,Jennifer,White,Male,1986-08-08,England,12/03/2024
CUST14339,Thomas,Wilson,Male,1971-08-16,England,01/01/2022
CUST14340,Richard,Wright,Male,2001-01-22,England,10/08/2024
CUST14341,George,Wright,Male,2001-05-23,England,04/12/2024
CUST14342,Thomas,Williams,Female,1986-11-21,Wales,26/10/2022
CUST14343,Amelia,Davies,Female,1996-10-01,Scotland,19/04/2022
CUST14344,Jennifer,Taylor,Male,1976-11-27,England,28/07/2022
CUST14345,Jennifer,Brown,Male,1961-12-07,England,05/11/2024
CUST14346,Jennifer,Wright,Female,1976-01-01,England,18/07/2024
CUST14347,Thomas,Johnson,Female,1971-04-16,England,12/04/2024
CUST14348,Harry,Evans,Female,1986-06-13,England,19/02/2025
CUST14349,Oliver,Wilson,Female,1971-07-03,England,25/09/2021
CUST14350,David,Roberts,Female,1996-10-06,England,30/07/2023
CUST14351,James,Jones,Male,2006-09-06,England,27/05/2024
CUST14352,Olivia,Brown,Male,1981-09-12,England,20/11/2024
CUST14353,Harry,Evans,Female,2006-02-21,England,17/01/2025
CUST14354,Jessica,White,Female,1966-09-19,England,21/06/2024
CUST14355,Robert,Roberts,Female,1976-10-01,England,22/11/2023
CUST14356,Charles,White,Male,1961-10-05,England,18/10/2023
CUST14357,Patricia,Smith,Male,1991-07-17,England,22/05/2023
CUST14358,Michael,Evans,Female,1986-02-22,England,19/08/2021
CUST14359,Robert,Johnson,Female,1976-02-01,England,19/09/2022
CUST14360,Susan,White,Female,1996-09-10,Scotland,03/10/2022
CUST14361,Elizabeth,Johnson,Female,1986-11-04,England,21/08/2021
CUST14362,Robert,Johnson,Female,1981-10-14,England,18/09/2022
CUST14363,Susan,Brown,Female,1961-06-11,Scotland,21/06/2023
CUST14364,Thomas,Walker,Female,1976-08-05,England,17/06/2023
CUST14365,Amelia,Evans,Female,2001-03-27,England,25/07/2024
CUST14366,Amelia,Jones,Male,1986-08-21,England,01/02/2024
CUST14367,Sarah,Wilson,Female,1981-03-15,England,24/09/2021
CUST14368,James,Thompson,Female,2001-10-21,England,06/02/2023
CUST14369,David,Brown,Male,1986-10-09,England,20/06/2024
CUST14370,Susan,Thompson,Female,1996-01-26,England,04/05/2024
CUST14371,Mary,Taylor,Female,2001-12-12,England,13/03/2022
CUST14372,David,Evans,Female,1986-10-11,England,19/11/2022
CUST14373,Emily,Walker,Female,2001-05-16,England,28/03/2023
CUST14374,Elizabeth,Davies,Female,1981-06-16,England,25/01/2025
CUST14375,Barbara,Smith,Male,2001-01-17,England,13/01/2024
CUST14376,Harry,Williams,Male,1976-12-23,England,05/02/2022
CUST14377,Charles,Taylor,Male,1996-02-08,England,06/08/2024
CUST14378,Linda,Williams,Male,1966-12-20,England,26/01/2023
CUST14379,Joseph,Wilson,Female,2006-08-06,England,20/03/2024
CUST14380,Jessica,Taylor,Male,1986-12-07,England,21/09/2022
CUST14381,Olivia,Davies,Male,1991-05-14,England,05/10/2022
CUST14382,Harry,Brown,Female,1996-11-15,Scotland,14/07/2023
CUST14383,Charles,Davies,Male,1986-06-18,England,17/08/2021
CUST14384,Susan,Wright,Female,1971-05-04,England,02/12/2023
CUST14385,Isla,Robinson,Female,1966-05-23,England,03/10/2023
CUST14386,Amelia,Roberts,Male,1991-12-16,England,29/06/2022
CUST14387,Emily,Wilson,Male,2001-06-17,England,11/11/2022
CUST14388,Olivia,Evans,Female,1976-06-21,England,23/05/2022
CUST14389,Isla,Johnson,Male,1981-08-19,Scotland,12/11/2023
CUST14390,Emily,Robinson,Female,1996-07-12,England,07/05/2022
CUST14391,Karen,Wilson,Female,1976-07-14,Scotland,18/12/2024
CUST14392,Olivia,Johnson,Female,1986-05-07,England,24/07/2023
CUST14393,Thomas,Thompson,Male,1981-02-16,England,20/04/2022
CUST14394,Elizabeth,Walker,Female,1991-12-06,England,21/06/2022
CUST14395,Richard,Taylor,Female,1986-06-18,England,20/06/2023
CUST14396,Charles,Roberts,Female,1996-12-12,England,18/04/2022
CUST14397,George,Davies,Male,1976-06-07,England,26/12/2022
CUST14398,George,Walker,Male,2001-08-13,England,05/05/2022
CUST14399,Jennifer,Smith,Female,1976-07-26,England,06/07/2023
CUST14400,Olivia,Davies,Female,1976-12-16,Northern Ireland,07/10/2022
CUST14401,David,Evans,Male,1976-02-10,England,11/06/2022
CUST14402,George,Wright,Female,2006-07-13,England,16/06/2022
CUST14403,Amelia,Thompson,Female,1996-02-17,England,28/04/2022
CUST14404,Emily,Smith,Male,1986-11-05,England,31/05/2023
CUST14405,Jessica,Wright,Male,1981-07-16,England,16/06/2023
CUST14406,Jennifer,Evans,Female,1966-12-01,England,28/10/2023
CUST14407,Susan,Walker,Male,1991-04-24,England,05/03/2023
CUST14408,Harry,Walker,Female,1971-02-17,England,08/09/2023
CUST14409,Jack,White,Male,2001-08-04,England,21/01/2024
CUST14410,William,Smith,Male,1991-02-13,England,06/01/2022
CUST14411,William,Wright,Female,2006-05-24,England,26/09/2024
CUST14412,Isla,Robinson,Male,1976-04-27,England,22/01/2022
CUST14413,Mary,Thompson,Female,2001-03-04,England,13/01/2024
CUST14414,Jack,White,Female,1996-02-08,England,15/09/2022
CUST14415,Linda,Davies,Female,1976-08-04,Scotland,27/10/2024
CUST14416,Michael,Brown,Male,1986-10-10,Scotland,05/01/2025
CUST14417,Sarah,Taylor,Male,2006-05-24,England,25/07/2022
CUST14418,Susan,Brown,Male,2006-04-20,England,15/03/2023
CUST14419,Linda,Johnson,Female,1986-02-07,England,24/01/2024
CUST14420,Barbara,Williams,Male,1991-09-09,England,19/03/2024
CUST14421,James,Taylor,Female,1996-10-17,England,10/02/2025
CUST14422,Richard,Brown,Male,1981-07-17,England,26/05/2023
CUST14423,Oliver,Jones,Female,1996-06-13,England,07/01/2022
CUST14424,Oliver,Davies,Male,1981-08-12,England,20/02/2024
CUST14425,Barbara,Walker,Female,1991-11-26,Scotland,13/03/2022
CUST14426,Elizabeth,Johnson,Female,1996-12-14,England,19/07/2022
CUST14427,Olivia,Brown,Male,2001-03-22,England,29/09/2024
CUST14428,Olivia,Brown,Male,1996-06-26,England,15/04/2024
CUST14429,Michael,Walker,Male,2006-11-10,England,03/09/2023
CUST14430,Olivia,Davies,Female,1991-08-22,England,28/01/2024
CUST14431,David,Evans,Male,1966-10-22,England,03/09/2022
CUST14432,Oliver,Wilson,Female,1971-12-06,England,20/10/2021
CUST14433,Oliver,Roberts,Female,1991-02-07,England,07/02/2025
CUST14434,Thomas,White,Male,1981-08-05,England,03/12/2023
CUST14435,Olivia,Robinson,Female,1986-07-17,Scotland,11/04/2024
CUST14436,Barbara,Johnson,Male,1971-04-21,England,27/11/2024
CUST14437,Amelia,White,Male,1996-08-21,England,10/04/2022
CUST14438,Jennifer,White,Female,1996-02-11,England,22/01/2022
CUST14439,James,Roberts,Male,1991-06-19,England,14/02/2024
CUST14440,Elizabeth,Johnson,Female,2006-05-01,England,23/02/2023
CUST14441,Patricia,Williams,Male,1991-05-18,England,27/09/2021
CUST14442,Charles,Evans,Male,1971-08-13,England,02/11/2021
CUST14443,Jennifer,Johnson,Female,1966-12-23,England,22/03/2023
CUST14444,Richard,White,Female,2001-12-27,England,27/01/2024
CUST14445,Patricia,Johnson,Male,1986-09-16,England,14/05/2022
CUST14446,Susan,Williams,Female,1991-04-17,England,07/04/2022
CUST14447,Thomas,Roberts,Female,1986-12-26,England,02/09/2021
CUST14448,Jack,Brown,Female,1986-12-10,England,05/11/2022
CUST14449,Robert,Brown,Female,2006-11-04,England,06/06/2023
CUST14450,Jessica,Roberts,Male,1971-11-14,Scotland,10/06/2022
CUST14451,Harry,White,Female,1961-10-10,England,16/12/2021
CUST14452,Linda,White,Female,1981-10-18,England,17/08/2022
CUST14453,Karen,White,Male,1981-09-22,England,24/04/2024
CUST14454,Robert,Evans,Female,1986-08-14,Scotland,02/04/2022
CUST14455,Sarah,White,Male,1991-08-09,England,30/11/2023
CUST14456,Isla,Davies,Female,2001-05-16,England,10/02/2024
CUST14457,Susan,Wilson,Female,1981-11-12,England,26/10/2024
CUST14458,Harry,Evans,Female,2006-08-06,England,09/01/2025
CUST14459,Elizabeth,Wright,Female,1971-08-21,Scotland,30/03/2022
CUST14460,John,Jones,Male,1991-09-09,England,11/06/2024
CUST14461,Mary,Robinson,Male,1991-01-15,England,09/04/2023
CUST14462,Oliver,Johnson,Male,1991-12-25,England,21/08/2024
CUST14463,Noah,Taylor,Male,1961-07-06,Northern Ireland,29/08/2024
CUST14464,Emily,Williams,Female,2001-12-12,Northern Ireland,09/04/2022
CUST14465,George,Walker,Male,2001-02-05,England,20/12/2023
CUST14466,David,Davies,Male,2001-03-12,Scotland,19/02/2023
CUST14467,Charles,White,Male,1981-12-09,England,30/03/2023
CUST14468,William,Wilson,Female,1956-09-25,England,31/03/2023
CUST14469,Olivia,Taylor,Female,1996-08-09,England,22/07/2023
CUST14470,Elizabeth,Walker,Male,1966-05-17,Wales,07/03/2022
CUST14471,Susan,Taylor,Male,1996-07-04,England,15/12/2021
CUST14472,Susan,Roberts,Male,1981-07-13,Wales,20/04/2022
CUST14473,Richard,Jones,Male,2006-03-23,England,28/08/2024
CUST14474,Harry,Walker,Female,1986-07-19,England,11/03/2024
CUST14475,Jack,White,Female,1981-07-08,England,19/10/2022
CUST14476,Barbara,Evans,Male,1986-04-27,England,15/12/2023
CUST14477,George,Davies,Female,1996-05-22,Wales,21/02/2024
CUST14478,Amelia,Williams,Female,1971-10-11,England,01/10/2021
CUST14479,Joseph,Thompson,Male,1961-09-27,England,02/01/2025
CUST14480,Amelia,Walker,Male,1986-06-06,England,12/02/2023
CUST14481,Olivia,Thompson,Female,1981-08-09,Scotland,28/10/2023
CUST14482,Sarah,Williams,Female,1976-03-26,England,17/11/2022
CUST14483,Jennifer,Roberts,Male,1996-06-27,Northern Ireland,27/03/2024
CUST14484,Mary,Davies,Female,1971-07-23,Wales,31/05/2023
CUST14485,George,Johnson,Female,1996-04-06,England,04/12/2023
CUST14486,Karen,White,Female,1976-03-06,England,06/08/2024
CUST14487,Sarah,Wright,Male,2001-07-18,England,06/09/2021
CUST14488,Linda,Smith,Female,1996-12-02,England,16/04/2022
CUST14489,Elizabeth,Wilson,Male,1986-06-27,England,16/12/2023
CUST14490,Oliver,Davies,Male,1986-11-26,England,26/02/2024
CUST14491,William,Williams,Male,1971-11-22,England,13/04/2022
CUST14492,Olivia,Wilson,Female,1956-09-27,England,25/11/2021
CUST14493,John,Johnson,Female,2001-11-07,England,19/04/2023
CUST14494,Amelia,White,Female,1996-05-24,England,24/11/2022
CUST14495,Patricia,Williams,Female,1991-10-07,England,24/02/2025
CUST14496,Michael,Walker,Female,1986-02-04,England,05/12/2021
CUST14497,Thomas,Davies,Female,1986-04-08,England,03/07/2023
CUST14498,Susan,Davies,Male,1971-07-21,Wales,15/06/2023
CUST14499,Susan,Wright,Female,1976-01-26,Wales,27/12/2022
CUST14500,Mary,Jones,Female,2006-10-17,England,16/08/2022
CUST14501,Jessica,White,Female,1986-12-07,England,11/08/2021
CUST14502,Robert,Johnson,Male,1981-02-17,Scotland,14/04/2023
CUST14503,Susan,Evans,Male,1986-12-14,England,25/02/2023
CUST14504,Mary,Johnson,Female,2001-02-14,England,16/07/2024
CUST14505,Robert,Thompson,Male,1991-02-10,England,14/09/2022
CUST14506,Harry,Wilson,Male,1991-10-04,England,18/09/2022
CUST14507,Mary,Roberts,Male,1996-09-10,England,18/05/2023
CUST14508,Linda,Smith,Female,1976-12-25,Northern Ireland,11/10/2023
CUST14509,Patricia,Smith,Male,1991-06-12,England,02/11/2023
CUST14510,Olivia,Johnson,Male,1981-07-01,Northern Ireland,13/10/2022
CUST14511,Barbara,Taylor,Male,1986-02-10,England,20/07/2023
CUST14512,Olivia,Davies,Male,1971-09-13,Wales,02/07/2024
CUST14513,Noah,Wilson,Female,2001-12-17,England,25/09/2024
CUST14514,Elizabeth,Smith,Male,2001-08-18,England,02/10/2023
CUST14515,Amelia,White,Female,1991-12-12,England,06/10/2021
CUST14516,Olivia,Davies,Male,1986-05-04,England,01/03/2023
CUST14517,Harry,Evans,Female,1996-12-12,England,19/07/2023
CUST14518,James,Brown,Male,1976-07-01,England,08/09/2023
CUST14519,Robert,White,Female,1996-02-14,England,16/01/2024
CUST14520,Joseph,Thompson,Male,2001-05-13,England,07/12/2024
CUST14521,Jessica,Walker,Female,1991-06-10,England,14/02/2023
CUST14522,Jack,Brown,Male,1976-01-18,England,24/12/2021
CUST14523,Olivia,Robinson,Female,1971-11-21,England,10/08/2024
CUST14524,Oliver,Wilson,Male,1976-03-08,England,21/02/2025
CUST14525,Charles,Roberts,Male,1986-09-14,Wales,08/02/2023
CUST14526,Robert,Johnson,Male,1976-12-14,England,12/09/2024
CUST14527,Isla,Walker,Male,1981-06-14,England,04/01/2025
CUST14528,Oliver,Roberts,Male,1996-08-11,England,18/10/2021
CUST14529,Richard,Wilson,Female,1986-07-06,England,21/07/2023
CUST14530,Patricia,Thompson,Female,1976-10-05,England,08/05/2022
CUST14531,Richard,Wilson,Male,1991-01-01,England,05/04/2024
CUST14532,Oliver,Thompson,Female,1981-05-02,England,14/04/2023
CUST14533,Elizabeth,Taylor,Male,1986-08-22,England,04/06/2023
CUST14534,Sarah,Thompson,Female,1986-02-02,Northern Ireland,25/07/2022
CUST14535,Linda,Johnson,Male,2001-11-24,England,05/04/2024
CUST14536,Olivia,Brown,Male,1981-08-25,England,28/07/2023
CUST14537,Sarah,Walker,Female,1971-01-07,England,05/06/2023
CUST14538,Thomas,Roberts,Male,2001-01-12,Wales,25/07/2024
CUST14539,Linda,Evans,Female,1991-02-10,England,26/01/2025
CUST14540,Karen,Williams,Male,2006-08-11,England,02/12/2024
CUST14541,Joseph,Johnson,Male,2006-07-10,England,13/07/2024
CUST14542,Joseph,Jones,Female,1956-06-10,England,30/06/2023
CUST14543,Robert,Wright,Female,1986-07-19,England,19/04/2022
CUST14544,James,Thompson,Male,1991-06-12,England,15/02/2024
CUST14545,Michael,Davies,Male,1996-05-06,Scotland,26/02/2024
CUST14546,Linda,Williams,Female,1956-01-11,Wales,09/10/2021
CUST14547,Charles,Jones,Female,1996-01-27,Wales,19/10/2021
CUST14548,William,Wright,Female,1976-09-27,England,09/06/2022
CUST14549,David,Brown,Female,1996-09-02,England,27/05/2023
CUST14550,Barbara,Robinson,Male,2006-03-16,England,02/02/2025
CUST14551,Sarah,Jones,Male,1981-03-27,England,11/02/2023
CUST14552,Noah,White,Female,2006-05-06,Wales,02/01/2024
CUST14553,Joseph,Taylor,Male,1981-08-02,England,14/08/2023
CUST14554,Michael,Williams,Male,1996-08-06,England,13/08/2024
CUST14555,Harry,Evans,Female,1976-07-09,England,30/01/2023
CUST14556,Isla,White,Male,1976-01-26,England,27/07/2022
CUST14557,Mary,Davies,Female,1976-06-07,England,07/11/2023
CUST14558,Richard,Taylor,Male,2006-10-09,England,31/12/2021
CUST14559,Sarah,Robinson,Female,1976-08-08,England,15/03/2024
CUST14560,James,Thompson,Male,1956-10-11,England,08/09/2022
CUST14561,Karen,Taylor,Female,1996-09-27,England,23/02/2025
CUST14562,Elizabeth,Brown,Female,1996-11-03,England,27/09/2022
CUST14563,Susan,Johnson,Male,1971-07-13,Scotland,23/12/2022
CUST14564,Jennifer,Evans,Female,2001-07-17,England,26/03/2022
CUST14565,Sarah,Johnson,Female,1981-07-04,Scotland,11/11/2021
CUST14566,Jessica,Wright,Male,1976-04-02,Northern Ireland,25/11/2023
CUST14567,Jennifer,Wilson,Male,2006-06-27,England,05/08/2024
CUST14568,Susan,Roberts,Female,1986-03-08,England,02/03/2023
CUST14569,Noah,Robinson,Female,1981-06-07,England,22/02/2024
CUST14570,George,Robinson,Female,1991-02-10,England,24/12/2024
CUST14571,David,Roberts,Female,1971-06-02,England,12/03/2022
CUST14572,John,Williams,Female,2001-12-04,England,21/06/2022
CUST14573,Charles,Evans,Male,1991-06-01,England,24/08/2021
CUST14574,George,Wilson,Female,1971-09-15,England,10/08/2023
CUST14575,Jessica,Smith,Female,1996-06-13,Scotland,30/09/2023
CUST14576,Thomas,Robinson,Female,1971-11-08,England,18/08/2024
CUST14577,John,Taylor,Male,2006-03-25,England,26/01/2024
CUST14578,David,Taylor,Female,1986-11-09,England,03/11/2022
CUST14579,George,Walker,Female,2006-09-01,England,20/10/2024
CUST14580,Linda,White,Male,1981-11-03,England,03/08/2022
CUST14581,Joseph,Evans,Female,1976-02-20,England,27/12/2022
CUST14582,Patricia,Williams,Male,1971-11-15,England,26/01/2023
CUST14583,Mary,Jones,Male,1956-11-08,England,15/10/2023
CUST14584,Michael,Wright,Male,1981-04-07,England,20/02/2024
CUST14585,Emily,Williams,Female,1976-08-06,England,01/12/2021
CUST14586,Joseph,Wright,Male,1986-08-12,Wales,20/01/2024
CUST14587,Richard,Taylor,Male,1966-01-20,England,12/08/2021
CUST14588,Charles,Williams,Female,1981-07-18,England,04/06/2022
CUST14589,Elizabeth,Johnson,Male,1966-08-21,England,01/10/2022
CUST14590,Noah,Taylor,Female,1996-03-02,England,23/08/2022
CUST14591,Robert,Williams,Female,1986-05-16,Northern Ireland,16/07/2024
CUST14592,Noah,Wright,Male,1976-08-21,England,29/11/2022
CUST14593,Richard,Evans,Male,1996-12-06,England,12/03/2022
CUST14594,Emily,Jones,Male,1996-01-16,Northern Ireland,28/12/2023
CUST14595,Jessica,Wright,Male,1961-12-01,England,17/09/2023
CUST14596,Amelia,Davies,Male,1986-10-25,England,15/09/2021
CUST14597,Susan,Walker,Female,1996-11-20,England,08/08/2021
CUST14598,Jack,Robinson,Female,1991-01-17,England,16/01/2022
CUST14599,Thomas,Brown,Female,1991-07-17,England,11/08/2024
CUST14600,George,Jones,Male,1981-05-19,England,08/08/2021
CUST14601,Barbara,Davies,Female,1966-12-12,England,11/10/2023
CUST14602,Isla,Johnson,Male,1956-09-27,England,20/11/2022
CUST14603,Michael,Wright,Male,1981-08-06,England,10/05/2024
CUST14604,Elizabeth,Evans,Female,1976-01-22,England,09/01/2022
CUST14605,Harry,Roberts,Male,1991-11-21,England,22/06/2022
CUST14606,Elizabeth,Wilson,Male,1971-06-23,Wales,17/03/2022
CUST14607,Charles,Brown,Male,1996-02-02,Wales,20/11/2022
CUST14608,Sarah,Brown,Female,2001-11-13,England,28/05/2022
CUST14609,Barbara,Wilson,Female,1961-11-18,England,08/02/2025
CUST14610,Noah,Wright,Female,1971-06-17,England,23/03/2022
CUST14611,Linda,Jones,Female,1991-08-19,England,13/12/2021
CUST14612,Charles,Johnson,Female,1981-08-18,England,28/01/2022
CUST14613,George,Wright,Male,1986-04-07,England,26/01/2024
CUST14614,Olivia,Evans,Female,1991-09-23,England,29/04/2022
CUST14615,Isla,Jones,Male,1996-12-14,England,03/07/2023
CUST14616,Olivia,Evans,Female,2001-12-27,Scotland,26/12/2022
CUST14617,Mary,Davies,Female,1986-09-15,England,21/06/2023
CUST14618,William,Taylor,Male,1986-05-15,Northern Ireland,18/08/2024
CUST14619,Amelia,Wright,Male,1986-11-16,England,05/02/2025
CUST14620,Olivia,Thompson,Male,1996-12-24,England,18/10/2022
CUST14621,Olivia,Davies,Male,1966-01-25,England,20/02/2024
CUST14622,James,Brown,Female,1981-05-16,England,30/11/2022
CUST14623,Emily,Wright,Male,1966-07-15,England,16/04/2022
CUST14624,Charles,Wright,Male,2001-07-02,England,05/10/2023
CUST14625,Thomas,Evans,Male,1981-09-02,England,30/03/2022
CUST14626,Elizabeth,Robinson,Male,1971-07-20,Scotland,12/05/2023
CUST14627,Noah,Evans,Male,1991-01-10,England,18/09/2024
CUST14628,William,Evans,Female,1996-02-12,England,22/11/2021
CUST14629,Noah,Williams,Male,1996-10-17,England,27/07/2022
CUST14630,Sarah,Johnson,Male,1996-09-06,England,15/03/2024
CUST14631,Mary,Evans,Female,1986-08-09,England,07/06/2022
CUST14632,Isla,Brown,Female,1991-06-02,England,15/09/2021
CUST14633,Isla,Walker,Male,1996-04-21,England,10/10/2021
CUST14634,Mary,Wright,Female,1981-04-14,England,20/01/2022
CUST14635,Patricia,Robinson,Male,2006-09-06,England,02/10/2024
CUST14636,Robert,Taylor,Female,1991-07-17,England,29/07/2024
CUST14637,George,Johnson,Male,1981-02-04,England,12/11/2022
CUST14638,Amelia,Smith,Male,2001-05-22,England,16/05/2024
CUST14639,Amelia,White,Female,1996-10-07,England,23/05/2023
CUST14640,Oliver,Thompson,Male,1996-08-08,England,16/08/2024
CUST14641,Richard,Thompson,Male,2006-11-24,England,24/12/2021
CUST14642,Karen,Davies,Female,1986-07-21,Wales,02/03/2023
CUST14643,Mary,Williams,Male,2006-06-19,Northern Ireland,06/09/2021
CUST14644,Linda,Smith,Female,1996-12-17,Northern Ireland,09/03/2022
CUST14645,Olivia,Evans,Female,1956-07-15,England,03/01/2025
CUST14646,Sarah,Williams,Female,1966-02-06,England,07/08/2022
CUST14647,Mary,Thompson,Male,1996-05-09,England,01/04/2022
CUST14648,Elizabeth,Davies,Female,1991-08-26,England,18/01/2025
CUST14649,Emily,Robinson,Male,1986-05-25,England,21/04/2022
CUST14650,John,Williams,Female,1971-05-20,England,10/06/2024
CUST14651,Noah,Evans,Female,1971-11-24,Scotland,17/11/2024
CUST14652,Susan,Evans,Male,2001-06-22,England,27/03/2022
CUST14653,Oliver,Evans,Female,2001-04-11,England,13/01/2022
CUST14654,David,Brown,Female,1991-02-20,England,13/02/2023
CUST14655,Joseph,Walker,Male,1971-05-21,England,19/08/2023
CUST14656,Robert,Thompson,Male,1966-10-04,England,06/11/2023
CUST14657,Noah,Wilson,Female,2001-04-25,England,04/08/2022
CUST14658,Richard,Davies,Female,1981-06-14,England,22/10/2021
CUST14659,Olivia,Wright,Female,2001-08-09,England,11/03/2024
CUST14660,Jennifer,Williams,Female,1981-12-13,Scotland,11/11/2021
CUST14661,Sarah,Davies,Female,1966-10-09,England,19/10/2024
CUST14662,Michael,Jones,Male,1986-04-09,Scotland,21/05/2023
CUST14663,Amelia,Wright,Female,2001-02-15,England,19/04/2023
CUST14664,Harry,Roberts,Female,1981-09-27,England,02/07/2023
CUST14665,Mary,Davies,Female,1991-04-12,England,22/03/2022
CUST14666,Emily,Taylor,Male,1971-05-06,England,19/01/2025
CUST14667,William,Evans,Male,1991-02-21,England,11/04/2024
CUST14668,Charles,Jones,Female,1971-10-08,England,14/09/2024
CUST14669,Susan,Wilson,Female,1996-02-15,England,18/08/2022
CUST14670,Sarah,Robinson,Male,2001-05-07,England,25/07/2022
CUST14671,Michael,Wright,Male,1991-05-06,England,18/10/2021
CUST14672,Patricia,Johnson,Male,2006-01-07,England,19/11/2024
CUST14673,Barbara,Smith,Female,1996-10-10,England,10/10/2021
CUST14674,Joseph,Wright,Male,1981-08-26,Northern Ireland,30/04/2023
CUST14675,Elizabeth,White,Male,2001-07-19,England,07/05/2024
CUST14676,George,Brown,Female,2001-03-19,England,09/11/2022
CUST14677,Noah,Walker,Female,2001-01-02,England,31/08/2021
CUST14678,Thomas,Davies,Male,2006-01-01,England,22/06/2024
CUST14679,Elizabeth,Robinson,Female,1971-08-10,Northern Ireland,19/01/2024
CUST14680,Oliver,Evans,Male,1961-09-24,Scotland,28/01/2022
CUST14681,Olivia,Thompson,Female,2006-10-01,England,17/11/2021
CUST14682,Susan,Wright,Male,1976-10-21,Northern Ireland,13/07/2024
CUST14683,William,Smith,Female,1976-05-23,England,10/01/2023
CUST14684,Isla,Thompson,Female,1956-01-08,England,07/04/2024
CUST14685,William,Johnson,Female,1991-03-04,England,03/12/2024
CUST14686,Amelia,Williams,Male,1996-10-05,England,11/12/2022
CUST14687,Olivia,Evans,Female,1986-10-03,England,13/11/2022
CUST14688,Mary,White,Female,1971-07-23,England,26/04/2022
CUST14689,Amelia,Williams,Male,1976-01-22,England,31/07/2024
CUST14690,Susan,Robinson,Male,1986-10-19,England,07/08/2021
CUST14691,Thomas,Robinson,Male,1996-10-03,England,28/01/2025
CUST14692,Charles,Wright,Female,1976-03-26,England,29/07/2024
CUST14693,Joseph,Wilson,Female,1971-10-19,England,30/08/2023
CUST14694,Joseph,Walker,Female,1991-08-23,Scotland,16/03/2022
CUST14695,Noah,Thompson,Male,1981-11-11,England,10/12/2023
CUST14696,Linda,Williams,Female,1991-08-06,England,16/04/2024
CUST14697,Noah,White,Female,1986-02-23,England,28/12/2024
CUST14698,Isla,Smith,Male,1986-08-02,Wales,17/05/2024
CUST14699,Olivia,Thompson,Male,1976-02-05,England,02/02/2022
CUST14700,Thomas,Wilson,Female,1961-04-05,England,11/04/2024
CUST14701,Barbara,Roberts,Female,1986-11-03,England,04/07/2024
CUST14702,Linda,Evans,Male,1991-12-15,Northern Ireland,19/09/2023
CUST14703,John,Taylor,Male,1991-06-07,England,01/05/2024
CUST14704,Karen,Robinson,Male,2001-04-27,England,20/09/2021
CUST14705,Joseph,Johnson,Male,1996-05-26,England,04/11/2022
CUST14706,Amelia,Walker,Female,2001-03-05,England,11/02/2022
CUST14707,David,Brown,Male,1991-07-23,England,06/01/2022
CUST14708,John,Williams,Female,2001-06-02,England,17/03/2023
CUST14709,Charles,Evans,Female,1991-01-08,England,27/04/2024
CUST14710,Linda,Smith,Female,1976-08-18,England,20/09/2024
CUST14711,Patricia,Robinson,Female,1996-08-06,England,12/06/2022
CUST14712,Emily,Johnson,Male,1981-09-03,England,08/12/2022
CUST14713,Harry,Walker,Female,1966-12-05,England,26/12/2021
CUST14714,William,Davies,Male,1986-09-18,England,06/09/2022
CUST14715,William,Roberts,Female,1996-09-06,England,27/12/2023
CUST14716,Olivia,Jones,Male,1991-03-07,Wales,12/04/2024
CUST14717,Richard,Evans,Male,1981-06-06,England,26/02/2024
CUST14718,Charles,Evans,Female,1986-06-24,England,06/09/2023
CUST14719,Susan,Walker,Male,2001-12-24,England,28/08/2023
CUST14720,Richard,Jones,Female,1986-06-22,Wales,12/04/2024
CUST14721,William,Robinson,Male,1986-09-01,England,24/02/2024
CUST14722,Jack,Wilson,Male,1996-07-07,England,17/11/2022
CUST14723,David,Evans,Female,1981-01-24,England,20/02/2023
CUST14724,William,Thompson,Female,2006-12-15,England,09/04/2024
CUST14725,Amelia,White,Female,1991-09-02,England,04/04/2022
CUST14726,Olivia,White,Male,1971-03-07,England,05/11/2022
CUST14727,Jack,Roberts,Male,1996-01-23,England,16/03/2024
CUST14728,Jack,Thompson,Female,1981-12-24,England,12/08/2022
CUST14729,Thomas,Wright,Male,1991-04-12,Scotland,25/12/2024
CUST14730,Amelia,White,Female,1991-01-05,England,02/12/2022
CUST14731,Linda,Evans,Female,1966-08-03,England,03/08/2023
CUST14732,Jessica,Jones,Female,1991-01-07,England,25/10/2021
CUST14733,Thomas,Robinson,Male,1996-03-22,England,03/06/2024
CUST14734,James,Wilson,Male,1966-11-23,England,02/02/2023
CUST14735,Patricia,Taylor,Male,1976-01-07,England,30/04/2022
CUST14736,Emily,Wright,Female,1981-10-27,England,28/01/2025
CUST14737,Richard,Brown,Male,2006-08-24,England,31/10/2022
CUST14738,James,Williams,Male,2001-04-27,England,18/11/2023
CUST14739,Harry,Roberts,Female,1981-04-21,England,12/04/2022
CUST14740,Isla,Walker,Female,1996-06-16,England,28/03/2023
CUST14741,Joseph,White,Male,1996-07-27,England,08/03/2023
CUST14742,Charles,Thompson,Female,1976-11-19,Wales,24/08/2021
CUST14743,David,Thompson,Female,1996-04-23,Scotland,26/05/2023
CUST14744,William,Johnson,Male,2006-08-11,England,26/10/2023
CUST14745,James,Walker,Male,2006-09-07,England,27/12/2024
CUST14746,Noah,White,Female,1986-01-16,England,23/08/2022
CUST14747,Charles,Davies,Male,1981-11-12,England,06/08/2023
CUST14748,Elizabeth,Wright,Female,1971-12-10,England,29/04/2024
CUST14749,Thomas,Davies,Male,2001-02-19,England,28/04/2023
CUST14750,Jennifer,Wright,Female,1996-04-17,England,06/03/2023
CUST14751,Michael,Robinson,Female,1986-10-09,England,14/06/2023
CUST14752,Olivia,Walker,Male,1991-10-07,England,15/07/2023
CUST14753,Emily,Taylor,Female,1986-02-15,England,29/07/2024
CUST14754,Richard,Jones,Female,1966-12-09,England,27/12/2024
CUST14755,John,Brown,Female,1986-04-07,England,30/05/2023
CUST14756,Mary,Evans,Female,1991-04-06,England,18/02/2022
CUST14757,Oliver,Davies,Female,1956-05-18,England,17/01/2025
CUST14758,Linda,Walker,Male,2006-09-12,England,19/06/2024
CUST14759,Elizabeth,Roberts,Female,1966-03-10,England,22/10/2023
CUST14760,Patricia,White,Male,1986-07-04,Northern Ireland,12/03/2024
CUST14761,Robert,Roberts,Male,1986-01-02,Wales,23/12/2023
CUST14762,Olivia,Evans,Male,1966-02-19,England,08/06/2022
CUST14763,William,Wright,Male,1986-10-27,England,18/09/2023
CUST14764,Barbara,Wright,Male,1986-05-09,England,22/04/2023
CUST14765,Linda,Williams,Male,1996-10-23,England,03/10/2023
CUST14766,Oliver,Wright,Male,1981-09-17,Scotland,13/01/2025
CUST14767,Oliver,White,Female,1986-12-09,England,10/05/2023
CUST14768,James,Robinson,Male,1996-02-16,England,11/11/2022
CUST14769,Isla,Roberts,Female,1976-12-04,England,05/07/2023
CUST14770,Michael,Wright,Female,1981-11-10,Scotland,10/10/2022
CUST14771,Sarah,Wilson,Male,1991-06-20,England,13/01/2025
CUST14772,Patricia,Wilson,Male,2006-02-23,England,21/08/2021
CUST14773,Elizabeth,Wright,Female,1986-02-06,England,02/05/2022
CUST14774,Olivia,Williams,Female,2006-07-25,England,10/02/2024
CUST14775,Thomas,Thompson,Male,2006-01-17,Scotland,29/01/2022
CUST14776,Michael,Taylor,Male,1986-02-07,England,28/08/2021
CUST14777,David,Jones,Male,2001-07-22,England,18/02/2025
CUST14778,Michael,Wright,Female,1996-07-24,England,14/12/2024
CUST14779,George,Evans,Female,1981-11-08,Scotland,13/10/2021
CUST14780,Jack,Thompson,Female,1991-12-03,England,14/10/2021
CUST14781,Barbara,Jones,Male,1956-04-08,England,18/12/2021
CUST14782,Michael,Johnson,Male,1966-04-21,England,08/06/2022
CUST14783,Thomas,Brown,Female,1981-03-02,England,11/06/2023
CUST14784,Michael,Thompson,Male,1961-03-08,England,10/04/2023
CUST14785,William,Davies,Female,1971-06-09,England,24/11/2024
CUST14786,Emily,Thompson,Female,1991-12-01,Wales,24/03/2023
CUST14787,Amelia,Brown,Male,1976-11-17,England,18/10/2022
CUST14788,Jennifer,Taylor,Male,2001-11-22,Scotland,13/12/2021
CUST14789,David,Evans,Male,1981-06-05,England,25/05/2024
CUST14790,Richard,Brown,Female,1986-08-24,Wales,09/05/2023
CUST14791,Michael,Taylor,Male,2006-09-26,England,14/11/2024
CUST14792,Olivia,Roberts,Male,1996-03-24,England,27/11/2024
CUST14793,Mary,Evans,Female,1961-06-20,Scotland,05/10/2021
CUST14794,Jennifer,Robinson,Male,1991-07-13,England,20/02/2022
CUST14795,Isla,Robinson,Male,1996-05-06,England,13/04/2022
CUST14796,Elizabeth,Roberts,Female,1996-06-25,England,02/06/2023
CUST14797,William,Thompson,Male,1986-06-15,Scotland,06/05/2022
CUST14798,Michael,Walker,Male,1971-01-13,Wales,24/01/2024
CUST14799,Sarah,White,Female,1976-10-11,England,21/07/2023
CUST14800,Patricia,Williams,Male,1986-11-06,England,24/11/2024
CUST14801,Richard,Johnson,Male,1996-10-11,England,27/09/2022
CUST14802,Oliver,Walker,Female,2006-12-22,England,01/08/2022
CUST14803,John,Roberts,Female,1986-06-16,England,04/03/2023
CUST14804,Harry,Williams,Male,1971-01-11,Wales,18/08/2021
CUST14805,Mary,Evans,Male,1976-04-03,England,11/06/2024
CUST14806,Noah,Walker,Male,1991-11-12,England,07/11/2022
CUST14807,William,Smith,Male,1981-02-06,England,08/05/2024
CUST14808,Isla,Wright,Female,1986-07-11,England,05/09/2023
CUST14809,Patricia,Evans,Female,1981-01-05,England,17/09/2021
CUST14810,George,Taylor,Female,1986-04-26,England,28/12/2024
CUST14811,Karen,Johnson,Male,1981-02-05,England,16/12/2023
CUST14812,Olivia,Wright,Male,1986-02-04,England,06/12/2021
CUST14813,Jessica,Jones,Male,1961-02-18,Scotland,14/05/2022
CUST14814,Noah,Smith,Female,1991-07-10,Wales,01/11/2021
CUST14815,Elizabeth,Jones,Male,2006-09-27,England,26/05/2023
CUST14816,Mary,Roberts,Female,1996-04-11,England,14/03/2022
CUST14817,Oliver,Taylor,Female,1986-10-18,England,02/03/2023
CUST14818,Amelia,Davies,Male,1986-05-23,England,23/06/2023
CUST14819,Amelia,Johnson,Male,1986-09-27,England,20/09/2024
CUST14820,James,Smith,Female,1976-07-22,England,24/03/2022
CUST14821,Noah,Evans,Male,1996-09-16,England,28/08/2023
CUST14822,Emily,Brown,Female,1981-12-22,England,27/12/2024
CUST14823,Mary,Walker,Female,1976-12-08,England,28/12/2021
CUST14824,Linda,Taylor,Male,1991-08-24,England,26/06/2024
CUST14825,Sarah,Davies,Female,1991-12-24,England,17/12/2022
CUST14826,George,Johnson,Male,2001-09-11,England,07/04/2024
CUST14827,Oliver,Thompson,Female,1991-04-02,Wales,03/06/2022
CUST14828,Patricia,Walker,Male,1976-12-19,England,31/03/2024
CUST14829,Emily,Williams,Male,1966-02-03,Scotland,22/12/2022
CUST14830,Charles,White,Male,1981-06-01,England,18/07/2024
CUST14831,Emily,Smith,Female,1996-02-26,England,05/08/2023
CUST14832,Jennifer,Wright,Male,1981-10-16,England,02/07/2022
CUST14833,Michael,Wilson,Male,1976-11-18,Scotland,21/02/2025
CUST14834,Oliver,Williams,Female,1991-10-24,England,18/03/2022
CUST14835,Amelia,Evans,Female,1971-02-26,England,02/08/2024
CUST14836,Olivia,Robinson,Female,2006-04-26,England,09/02/2023
CUST14837,David,Robinson,Male,2006-05-04,England,23/11/2023
CUST14838,Oliver,Davies,Female,2001-02-09,England,27/01/2025
CUST14839,Noah,Taylor,Female,2001-07-21,England,18/11/2023
CUST14840,Barbara,White,Female,1971-01-01,England,23/05/2024
CUST14841,George,Brown,Male,1991-08-07,England,27/02/2023
CUST14842,Jennifer,Robinson,Male,1996-07-14,England,01/02/2022
CUST14843,Elizabeth,Evans,Male,1991-08-10,England,20/09/2021
CUST14844,John,Robinson,Female,1991-11-05,England,03/09/2024
CUST14845,Olivia,Jones,Male,1991-10-25,Scotland,30/09/2023
CUST14846,Joseph,Walker,Male,2001-04-13,England,14/09/2021
CUST14847,Jack,Thompson,Male,1981-07-12,England,12/05/2024
CUST14848,Susan,Wilson,Male,2001-10-18,England,04/05/2023
CUST14849,James,Johnson,Female,1976-11-19,England,13/10/2023
CUST14850,Richard,Roberts,Female,1996-08-14,England,01/05/2023
CUST14851,David,Roberts,Female,1976-02-24,England,19/10/2022
CUST14852,Noah,Robinson,Female,1971-06-08,England,13/10/2024
CUST14853,Elizabeth,Taylor,Female,2001-11-24,England,23/08/2021
CUST14854,George,White,Male,2001-01-24,England,23/11/2024
CUST14855,Michael,Brown,Female,1961-08-01,England,23/12/2024
CUST14856,Michael,Williams,Female,1986-07-21,England,14/05/2023
CUST14857,Noah,Wright,Male,1981-03-05,Wales,15/01/2022
CUST14858,William,Davies,Male,2006-05-14,England,25/03/2023
CUST14859,Karen,Robinson,Male,1996-12-25,England,03/02/2022
CUST14860,Susan,White,Male,1986-08-06,England,06/01/2022
CUST14861,Oliver,Johnson,Male,1966-12-16,England,07/09/2021
CUST14862,Emily,Brown,Male,1996-06-21,England,18/08/2023
CUST14863,George,White,Male,1976-11-13,England,23/10/2023
CUST14864,Richard,Taylor,Female,1981-08-03,England,08/02/2024
CUST14865,Amelia,Williams,Male,2001-11-02,England,06/03/2022
CUST14866,Sarah,Evans,Female,1996-04-14,England,04/11/2021
CUST14867,Oliver,Robinson,Male,1996-05-01,England,10/03/2022
CUST14868,Oliver,Wilson,Male,1986-01-01,England,02/01/2022
CUST14869,Jennifer,White,Female,1981-03-26,England,12/10/2021
CUST14870,Linda,Smith,Male,1986-02-15,England,19/01/2022
CUST14871,George,Johnson,Male,1996-03-13,England,03/11/2021
CUST14872,Jack,Taylor,Male,1976-04-03,England,16/06/2023
CUST14873,Charles,Evans,Male,1981-11-22,England,28/09/2024
CUST14874,Oliver,Walker,Female,1986-05-14,England,24/03/2023
CUST14875,Richard,Evans,Female,1986-10-06,England,11/06/2022
CUST14876,John,Williams,Female,1996-10-21,England,21/01/2023
CUST14877,John,Evans,Female,1981-12-07,England,21/05/2023
CUST14878,Michael,Thompson,Male,1991-07-14,England,29/11/2022
CUST14879,Linda,Brown,Female,1991-11-16,England,22/12/2024
CUST14880,Elizabeth,Thompson,Female,2001-06-08,England,28/10/2023
CUST14881,Sarah,Brown,Male,1981-08-24,England,23/05/2024
CUST14882,David,Jones,Female,1981-10-19,England,04/08/2023
CUST14883,Isla,Williams,Male,1991-02-08,Scotland,28/05/2022
CUST14884,Jennifer,Jones,Female,1971-01-05,Wales,21/10/2022
CUST14885,Patricia,Walker,Male,1971-02-09,England,06/05/2023
CUST14886,James,Brown,Female,2001-09-13,England,16/02/2022
CUST14887,James,Walker,Male,1976-06-15,England,12/06/2024
CUST14888,Harry,Robinson,Female,1991-04-11,England,07/08/2023
CUST14889,Linda,Johnson,Male,1956-10-02,Scotland,21/10/2024
CUST14890,Isla,Williams,Male,1996-01-19,Scotland,18/07/2023
CUST14891,Karen,White,Male,1996-03-11,England,30/12/2024
CUST14892,Emily,Davies,Female,1986-06-10,England,04/09/2024
CUST14893,Richard,Roberts,Female,1996-11-16,England,27/03/2023
CUST14894,John,Wilson,Female,1976-09-23,England,01/10/2022
CUST14895,William,Wright,Female,1986-09-01,England,17/02/2024
CUST14896,Elizabeth,Williams,Male,1996-09-26,England,23/08/2024
CUST14897,Michael,Brown,Male,1986-04-18,England,06/05/2022
CUST14898,Barbara,White,Female,1966-06-15,Wales,15/07/2024
CUST14899,Emily,Robinson,Female,1976-11-02,Wales,05/04/2023
CUST14900,William,Roberts,Female,1986-09-20,England,06/07/2024
CUST14901,Amelia,Johnson,Male,1996-08-20,England,04/08/2022
CUST14902,Amelia,Williams,Male,2001-01-16,England,26/11/2023
CUST14903,Thomas,Thompson,Male,1971-09-22,England,13/02/2022
CUST14904,Oliver,Davies,Male,1976-05-23,England,08/09/2024
CUST14905,Barbara,Jones,Female,1981-05-23,England,20/08/2022
CUST14906,John,Brown,Female,1971-09-09,England,18/01/2023
CUST14907,Joseph,White,Female,2001-05-19,Wales,22/06/2022
CUST14908,Olivia,White,Female,1981-07-02,England,19/10/2022
CUST14909,George,Johnson,Male,1996-01-16,England,18/01/2024
CUST14910,Amelia,Wilson,Female,2001-03-04,England,08/10/2024
CUST14911,Linda,Taylor,Male,1986-07-09,England,14/10/2024
CUST14912,James,Davies,Male,1991-12-19,Scotland,10/02/2022
CUST14913,Charles,Smith,Male,1961-10-12,Scotland,06/12/2024
CUST14914,Karen,Wright,Female,1991-06-24,England,17/09/2022
CUST14915,Olivia,Williams,Female,1971-12-03,England,31/10/2021
CUST14916,Patricia,Brown,Male,1976-04-27,England,04/06/2024
CUST14917,Barbara,Robinson,Male,1981-11-20,England,10/12/2022
CUST14918,Joseph,Robinson,Male,1966-05-12,Wales,14/12/2023
CUST14919,Michael,Brown,Male,1991-02-01,Scotland,14/10/2022
CUST14920,Olivia,Williams,Female,1991-01-02,Scotland,05/06/2023
CUST14921,Barbara,Smith,Male,2001-12-12,England,13/02/2023
CUST14922,Olivia,Williams,Female,1996-08-16,England,19/07/2023
CUST14923,Olivia,Roberts,Male,1971-02-14,England,05/09/2023
CUST14924,Sarah,Jones,Female,1986-12-09,England,21/09/2021
CUST14925,Richard,Evans,Female,1991-01-18,England,27/06/2022
CUST14926,Olivia,Davies,Male,1996-05-17,England,06/01/2023
CUST14927,Isla,Brown,Female,1986-09-10,England,11/08/2024
CUST14928,Richard,Williams,Male,1976-01-09,England,10/12/2024
CUST14929,Susan,Wilson,Female,1996-11-12,England,24/12/2021
CUST14930,Isla,Williams,Female,1976-09-21,England,22/08/2022
CUST14931,William,Brown,Female,1981-12-16,England,25/11/2024
CUST14932,William,Smith,Male,1976-11-04,England,20/11/2024
CUST14933,Karen,Walker,Female,1996-10-25,England,01/05/2023
CUST14934,Robert,Walker,Female,1981-03-06,Northern Ireland,25/07/2023
CUST14935,David,Johnson,Male,2001-03-19,England,11/01/2025
CUST14936,Linda,Thompson,Male,1991-03-01,England,13/05/2024
CUST14937,Patricia,Wright,Female,1976-02-07,Scotland,29/08/2021
CUST14938,James,Jones,Male,1981-08-16,England,05/05/2023
CUST14939,Olivia,Taylor,Female,1996-01-23,Wales,19/07/2024
CUST14940,Thomas,Taylor,Male,1971-06-16,England,17/09/2024
CUST14941,Richard,Brown,Female,2006-07-02,England,28/11/2023
CUST14942,Oliver,Smith,Female,1981-07-26,England,26/09/2021
CUST14943,Harry,Wilson,Female,1956-06-08,England,24/10/2024
CUST14944,Elizabeth,White,Male,1986-03-10,England,11/01/2022
CUST14945,Karen,Wilson,Female,1971-02-03,England,17/09/2022
CUST14946,David,Roberts,Male,1981-12-19,England,31/07/2022
CUST14947,Noah,Wright,Male,1976-06-13,England,21/08/2023
CUST14948,George,Wright,Male,1981-08-06,England,14/08/2022
CUST14949,Harry,Williams,Male,1976-07-18,England,10/12/2023
CUST14950,Noah,Wright,Female,1996-05-06,England,30/01/2022
CUST14951,Jack,Jones,Female,1976-09-15,England,09/07/2023
CUST14952,Isla,Wilson,Male,1996-05-18,England,24/10/2022
CUST14953,Mary,Brown,Female,1956-05-22,England,22/09/2022
CUST14954,Jennifer,Robinson,Male,1996-10-19,Wales,28/11/2021
CUST14955,David,Johnson,Male,1996-04-16,Wales,25/09/2023
CUST14956,Linda,Thompson,Male,1971-09-01,England,19/07/2023
CUST14957,David,Smith,Female,1996-08-07,England,21/10/2023
CUST14958,Jennifer,Davies,Male,1991-01-16,England,01/04/2024
CUST14959,Harry,Johnson,Female,1976-09-15,England,09/03/2023
CUST14960,Elizabeth,White,Female,2001-10-15,England,28/09/2023
CUST14961,Charles,White,Female,2001-04-20,Northern Ireland,27/11/2022
CUST14962,Linda,Smith,Male,1986-11-25,Scotland,27/05/2022
CUST14963,George,Taylor,Male,1996-01-14,England,30/01/2022
CUST14964,Richard,Thompson,Male,1996-03-04,England,21/03/2023
CUST14965,Elizabeth,Williams,Male,2006-12-12,England,05/10/2022
CUST14966,Oliver,Johnson,Male,1991-11-07,England,17/11/2023
CUST14967,Olivia,Smith,Female,1991-10-15,England,08/01/2022
CUST14968,Isla,Jones,Female,2006-08-16,England,30/09/2024
CUST14969,Karen,Williams,Male,1981-03-15,England,14/01/2024
CUST14970,Joseph,Robinson,Male,1981-06-16,England,10/12/2023
CUST14971,Olivia,Johnson,Female,2006-07-09,England,07/03/2024
CUST14972,Barbara,Johnson,Female,1991-02-05,England,09/08/2022
CUST14973,Jennifer,Brown,Female,1971-08-24,England,16/11/2024
CUST14974,Thomas,Jones,Female,1981-02-11,Scotland,24/11/2022
CUST14975,John,Wright,Female,1991-02-06,England,28/11/2021
CUST14976,Patricia,Smith,Female,1986-03-27,England,03/12/2023
CUST14977,Olivia,Thompson,Male,1996-03-01,England,01/05/2022
CUST14978,Robert,Taylor,Female,1971-01-10,England,07/01/2023
CUST14979,Amelia,Wilson,Female,1966-12-21,England,11/02/2022
CUST14980,Jennifer,Brown,Male,1966-10-12,England,27/12/2023
CUST14981,David,Johnson,Female,1996-07-23,England,09/01/2025
CUST14982,Jessica,Robinson,Male,1991-05-10,England,03/04/2024
CUST14983,David,Robinson,Male,2001-03-18,Scotland,24/08/2023
CUST14984,Mary,Robinson,Male,1991-12-12,England,23/02/2022
CUST14985,Susan,Jones,Male,1991-10-13,England,31/08/2024
CUST14986,James,Evans,Female,1981-10-14,England,14/06/2023
CUST14987,Richard,Thompson,Male,1996-06-27,Wales,02/01/2024
CUST14988,Emily,Robinson,Male,1966-01-21,Wales,21/05/2022
CUST14989,Noah,Walker,Male,2001-08-11,Scotland,04/03/2023
CUST14990,John,Brown,Male,2006-06-12,Wales,11/02/2023
CUST14991,David,Wright,Male,1971-04-11,England,13/04/2023
CUST14992,Michael,Evans,Male,1976-04-20,Northern Ireland,09/09/2021
CUST14993,Thomas,Wright,Male,1991-01-16,England,12/01/2024
CUST14994,Olivia,Jones,Female,1981-11-15,England,20/08/2021
CUST14995,Olivia,Evans,Male,1996-02-12,England,07/02/2022
CUST14996,Noah,Evans,Female,2001-10-11,England,08/11/2023
CUST14997,Jack,Brown,Male,1986-12-15,England,02/01/2023
CUST14998,Michael,Jones,Male,1991-01-23,England,04/09/2021
CUST14999,Elizabeth,Taylor,Female,1981-08-27,England,23/11/2022
CUST15000,Jessica,White,Female,1996-01-02,England,23/01/2025
CUST15001,Richard,Wright,Male,1981-10-07,England,06/09/2024
CUST15002,Oliver,Davies,Male,1976-07-19,England,31/01/2024
CUST15003,Noah,Davies,Male,2001-01-05,England,12/08/2024
CUST15004,Karen,Evans,Male,2006-10-17,England,31/01/2025
CUST15005,Mary,Brown,Female,1986-10-12,England,05/10/2024
CUST15006,William,Thompson,Male,1976-12-06,England,19/09/2024
CUST15007,Sarah,Williams,Male,1981-06-14,England,02/10/2022
CUST15008,Emily,Walker,Male,1976-12-14,England,25/08/2024
CUST15009,Barbara,Thompson,Female,1991-08-20,England,08/05/2023
CUST15010,Olivia,Brown,Female,1996-07-23,England,25/09/2021
CUST15011,Joseph,Jones,Male,1986-05-26,England,07/09/2024
CUST15012,James,Taylor,Female,1996-04-12,England,15/08/2021
CUST15013,John,Robinson,Male,1976-08-19,England,03/05/2022
CUST15014,Linda,Williams,Male,1996-09-22,England,26/05/2023
CUST15015,Michael,White,Male,1996-01-27,Wales,14/12/2021
CUST15016,Charles,Walker,Female,1986-05-18,Scotland,04/02/2022
CUST15017,Karen,Williams,Female,1986-01-07,Scotland,06/10/2023
CUST15018,Charles,Brown,Male,1981-05-10,England,11/08/2024
CUST15019,Jessica,Wright,Male,1986-10-06,Scotland,21/10/2021
CUST15020,Amelia,Walker,Female,1966-09-06,England,17/01/2025
CUST15021,Jack,Brown,Female,1971-02-09,England,26/09/2024
CUST15022,George,Davies,Female,1971-09-14,England,30/10/2024
CUST15023,Jessica,Wright,Male,1981-01-22,England,06/10/2023
CUST15024,David,Roberts,Female,1981-01-08,England,07/07/2022
CUST15025,Charles,Evans,Male,1981-11-06,England,10/05/2024
CUST15026,James,Wright,Female,1986-01-04,England,17/05/2024
CUST15027,Linda,Thompson,Female,1991-04-06,England,30/07/2023
CUST15028,David,Taylor,Male,1981-02-12,England,23/02/2024
CUST15029,Jessica,Thompson,Female,2006-07-12,England,03/12/2023
CUST15030,Patricia,Davies,Male,2006-07-11,Scotland,04/10/2021
CUST15031,Jessica,Taylor,Male,1971-11-09,England,18/08/2023
CUST15032,Olivia,White,Female,2006-12-13,Scotland,12/10/2021
CUST15033,James,Wilson,Female,1986-09-18,England,13/05/2024
CUST15034,Richard,Robinson,Female,1981-06-02,England,23/06/2024
CUST15035,Joseph,Jones,Female,1996-01-25,England,05/08/2022
CUST15036,Sarah,Davies,Male,1966-12-09,England,29/01/2023
CUST15037,Jennifer,Williams,Male,1996-07-04,Northern Ireland,30/10/2022
CUST15038,Harry,Wilson,Male,1966-03-05,England,17/05/2024
CUST15039,Richard,Williams,Male,1976-07-15,England,21/06/2022
CUST15040,Patricia,Williams,Male,1996-05-15,England,17/05/2023
CUST15041,Olivia,Davies,Male,2001-05-03,England,17/08/2023
CUST15042,Joseph,Taylor,Male,1991-06-14,England,20/01/2022
CUST15043,David,Williams,Male,1991-10-06,England,23/08/2021
CUST15044,Olivia,Evans,Female,1996-02-25,England,05/06/2024
CUST15045,James,Wright,Male,1956-12-09,Scotland,01/10/2023
CUST15046,Noah,Thompson,Female,1996-01-27,England,29/09/2021
CUST15047,James,Robinson,Male,1971-02-16,England,21/01/2023
CUST15048,Charles,Jones,Male,2001-09-27,England,29/01/2022
CUST15049,Sarah,Thompson,Female,1956-02-15,England,12/01/2022
CUST15050,Patricia,Taylor,Male,1996-10-04,England,05/01/2023
CUST15051,Harry,Smith,Female,1991-09-18,England,26/02/2024
CUST15052,Sarah,Robinson,Male,1986-06-13,England,21/02/2024
CUST15053,Harry,Thompson,Female,2001-06-23,England,18/11/2023
CUST15054,Emily,Williams,Male,1971-12-11,England,10/08/2022
CUST15055,Jack,Williams,Male,1996-10-06,Scotland,17/01/2023
CUST15056,Thomas,Robinson,Male,1986-08-04,England,25/10/2023
CUST15057,Jack,Wilson,Female,1986-02-21,England,04/10/2021
CUST15058,Jack,Brown,Male,1981-08-07,England,08/09/2021
CUST15059,Elizabeth,Roberts,Female,2006-01-19,England,09/09/2021
CUST15060,Amelia,Wilson,Female,2001-04-04,Wales,10/05/2023
CUST15061,Oliver,Davies,Male,2001-09-03,England,04/04/2022
CUST15062,Jessica,Roberts,Male,1991-05-20,England,14/02/2024
CUST15063,Barbara,Smith,Male,2001-12-10,England,23/05/2022
CUST15064,Thomas,Robinson,Male,1966-12-16,England,23/10/2021
CUST15065,Thomas,Jones,Female,1986-02-01,England,26/02/2022
CUST15066,Amelia,Walker,Male,1981-11-06,England,28/02/2022
CUST15067,Jennifer,Evans,Male,1991-11-03,England,27/06/2022
CUST15068,Harry,Davies,Male,1996-02-08,England,08/10/2021
CUST15069,Harry,Johnson,Male,1986-05-08,England,01/09/2022
CUST15070,John,Davies,Female,1996-12-11,England,21/10/2023
CUST15071,Michael,Brown,Female,1991-01-07,England,15/02/2025
CUST15072,Jennifer,Brown,Female,1986-01-13,England,25/01/2025
CUST15073,William,Evans,Male,1986-07-25,England,13/01/2023
CUST15074,Olivia,Walker,Female,1956-12-03,England,21/09/2024
CUST15075,Charles,Wilson,Female,1996-04-25,England,23/12/2024
CUST15076,Jessica,Johnson,Male,1986-10-12,Scotland,17/10/2022
CUST15077,Jessica,Evans,Female,2001-09-16,England,23/12/2021
CUST15078,Noah,Davies,Female,1991-02-19,England,02/07/2022
CUST15079,Noah,Roberts,Female,1976-04-20,England,14/02/2025
CUST15080,John,Wilson,Male,2001-08-26,England,18/10/2023
CUST15081,Isla,Johnson,Male,1981-06-27,England,07/10/2023
CUST15082,Karen,Brown,Male,1991-03-03,England,25/01/2024
CUST15083,Jack,Wright,Female,2006-03-12,England,30/10/2022
CUST15084,Linda,Jones,Female,1966-07-15,England,14/08/2021
CUST15085,David,White,Male,1991-10-15,England,20/03/2023
CUST15086,Charles,Evans,Male,1976-05-27,Wales,16/02/2025
CUST15087,Thomas,Thompson,Female,1991-12-18,England,10/08/2022
CUST15088,Harry,Johnson,Male,1966-09-11,England,24/06/2023
CUST15089,William,Thompson,Male,1996-05-25,England,20/10/2023
CUST15090,James,White,Male,1991-09-20,England,27/06/2024
CUST15091,Susan,Smith,Male,1976-06-22,England,18/06/2024
CUST15092,Isla,Taylor,Female,1991-10-17,England,03/09/2023
CUST15093,Charles,Taylor,Male,1991-12-02,England,08/11/2021
CUST15094,Richard,Smith,Male,1956-10-27,England,07/10/2021
CUST15095,Olivia,Brown,Male,1986-02-20,England,23/06/2023
CUST15096,Amelia,Walker,Male,1981-01-05,England,10/02/2023
CUST15097,Jennifer,Taylor,Female,1981-10-07,England,18/09/2022
CUST15098,Thomas,White,Male,1971-11-10,Northern Ireland,11/11/2022
CUST15099,Susan,Smith,Female,1971-07-07,England,09/10/2022
CUST15100,Oliver,Smith,Male,1986-03-17,England,03/10/2023
CUST15101,Joseph,Robinson,Male,1996-11-15,England,04/01/2024
CUST15102,George,Wilson,Female,2006-06-06,England,28/07/2023
CUST15103,Elizabeth,Robinson,Male,1981-04-19,England,09/11/2024
CUST15104,George,Evans,Male,1971-05-08,England,24/03/2022
CUST15105,Noah,Jones,Male,1986-04-05,England,09/11/2024
CUST15106,Patricia,White,Female,2001-04-26,England,19/07/2022
CUST15107,Karen,Evans,Female,1996-04-09,England,24/11/2024
CUST15108,Emily,Brown,Female,1986-09-07,England,14/11/2021
CUST15109,Thomas,Johnson,Male,1971-01-20,England,10/03/2024
CUST15110,Joseph,Wright,Male,2001-05-21,England,01/06/2022
CUST15111,Elizabeth,Williams,Female,1981-03-05,England,28/12/2024
CUST15112,Jessica,Taylor,Male,1976-08-02,England,25/10/2024
CUST15113,Oliver,Johnson,Female,1966-12-23,England,21/10/2021
CUST15114,Mary,Wright,Male,2001-10-14,England,23/04/2022
CUST15115,Karen,White,Female,1966-03-13,England,14/03/2022
CUST15116,Sarah,White,Female,1981-07-12,England,04/09/2021
CUST15117,Patricia,Wright,Female,1976-01-16,England,21/08/2022
CUST15118,Jack,Taylor,Female,2006-05-19,England,29/10/2023
CUST15119,Linda,Williams,Female,1986-04-03,England,01/11/2021
CUST15120,George,Thompson,Female,1981-07-08,England,15/12/2024
CUST15121,Charles,Taylor,Female,1991-05-26,England,22/04/2022
CUST15122,William,Walker,Female,1986-09-05,Wales,25/05/2024
CUST15123,Robert,Wilson,Female,1986-07-25,England,24/01/2025
CUST15124,Olivia,Walker,Male,1986-12-11,England,04/01/2025
CUST15125,Susan,Brown,Male,2006-01-06,England,18/03/2024
CUST15126,Jessica,Jones,Female,1986-12-17,England,15/12/2024
CUST15127,Patricia,Walker,Female,1996-10-18,England,25/09/2021
CUST15128,William,Robinson,Female,1966-09-10,England,13/02/2023
CUST15129,Jessica,Williams,Female,1961-10-22,England,31/05/2024
CUST15130,Michael,Roberts,Male,1996-01-02,England,02/12/2023
CUST15131,William,Robinson,Female,2001-03-04,England,13/06/2022
CUST15132,Mary,Davies,Female,1996-01-17,England,19/03/2024
CUST15133,Joseph,Walker,Female,1986-10-16,England,06/05/2024
CUST15134,Jack,Wright,Male,1971-05-19,England,30/12/2021
CUST15135,Thomas,Smith,Female,1986-05-23,Wales,13/08/2021
CUST15136,Linda,Taylor,Female,2006-08-26,England,23/06/2023
CUST15137,Charles,Williams,Female,2006-06-14,England,16/04/2022
CUST15138,John,Robinson,Female,1996-08-14,England,18/10/2023
CUST15139,Noah,Roberts,Male,1971-12-25,England,14/09/2024
CUST15140,Charles,Taylor,Female,1981-04-26,England,10/12/2023
CUST15141,Patricia,Jones,Female,1986-11-02,England,21/04/2022
CUST15142,Charles,Wright,Female,1991-07-14,England,10/12/2021
CUST15143,Karen,Johnson,Female,1966-05-25,England,27/10/2024
CUST15144,Richard,Jones,Male,1991-12-02,England,03/05/2022
CUST15145,Thomas,Evans,Male,1971-06-27,England,21/08/2024
CUST15146,Oliver,Walker,Male,1966-02-21,England,21/01/2023
CUST15147,David,Wilson,Male,1986-04-05,England,24/12/2023
CUST15148,Patricia,Thompson,Male,1966-11-18,England,27/12/2021
CUST15149,Jack,Evans,Female,1996-07-12,England,25/01/2025
CUST15150,Barbara,Wilson,Male,1981-07-10,England,17/09/2024
CUST15151,Olivia,Brown,Male,2001-09-17,England,10/11/2021
CUST15152,Sarah,Brown,Male,1986-03-20,England,02/09/2021
CUST15153,Mary,Robinson,Male,1996-02-25,England,15/10/2023
CUST15154,John,Brown,Male,2006-06-12,England,17/02/2024
CUST15155,Oliver,Walker,Male,2006-12-05,Scotland,08/10/2022
CUST15156,Linda,Davies,Female,1991-02-24,Scotland,13/07/2023
CUST15157,George,White,Female,1981-09-10,England,14/08/2024
CUST15158,Jennifer,Thompson,Male,1986-12-21,England,19/12/2021
CUST15159,Mary,Roberts,Male,1991-02-22,England,12/09/2021
CUST15160,Noah,White,Female,1956-02-02,Northern Ireland,11/08/2023
CUST15161,Thomas,Taylor,Female,1966-11-12,England,30/06/2024
CUST15162,David,Jones,Male,2001-02-03,England,26/10/2022
CUST15163,Robert,Roberts,Male,1991-09-17,England,29/03/2023
CUST15164,Michael,Wright,Female,1981-10-22,England,14/08/2021
CUST15165,James,Evans,Female,1976-04-16,England,05/01/2023
CUST15166,William,Johnson,Female,1991-04-09,Wales,22/04/2024
CUST15167,Richard,Smith,Male,1976-07-27,England,01/10/2021
CUST15168,Oliver,Jones,Male,2001-07-03,England,01/07/2023
CUST15169,Michael,Wright,Male,1991-11-04,England,28/12/2024
CUST15170,David,Wright,Female,1976-08-10,England,27/03/2024
CUST15171,Jessica,Robinson,Male,1981-12-26,England,08/11/2021
CUST15172,Olivia,Wright,Male,1971-03-25,England,14/02/2025
CUST15173,Linda,Williams,Male,2006-04-16,England,28/06/2024
CUST15174,Sarah,Evans,Male,2001-03-26,Scotland,03/10/2022
CUST15175,Jessica,Roberts,Female,2006-08-25,England,10/08/2024
CUST15176,Elizabeth,Williams,Female,1996-01-16,England,15/06/2024
CUST15177,Amelia,Davies,Female,2006-11-04,England,04/10/2023
CUST15178,David,Davies,Female,1986-10-25,England,11/02/2025
CUST15179,Robert,Evans,Female,1986-12-18,England,13/02/2023
CUST15180,David,Wright,Female,1981-12-04,England,15/05/2022
CUST15181,Robert,White,Male,1991-01-23,England,01/10/2023
CUST15182,Mary,Robinson,Male,2006-09-11,England,31/05/2023
CUST15183,Charles,White,Female,1981-07-22,England,19/04/2024
CUST15184,Jack,Robinson,Female,2006-09-08,England,07/02/2024
CUST15185,Joseph,Brown,Male,1971-11-01,England,27/02/2022
CUST15186,David,Thompson,Male,2006-07-13,England,24/10/2024
CUST15187,Olivia,Johnson,Female,1986-01-13,England,16/10/2024
CUST15188,Joseph,Robinson,Male,1966-11-24,England,27/07/2022
CUST15189,Linda,Williams,Male,1981-06-04,England,16/08/2021
CUST15190,Michael,Taylor,Male,1981-06-25,England,25/10/2022
CUST15191,Jennifer,Evans,Female,1981-08-05,England,17/10/2021
CUST15192,Michael,Taylor,Female,2001-11-26,England,24/01/2022
CUST15193,Elizabeth,Davies,Male,1981-07-20,England,25/11/2023
CUST15194,Michael,Davies,Male,1966-03-10,Scotland,24/12/2022
CUST15195,Amelia,Johnson,Male,1961-09-26,England,25/06/2024
CUST15196,Linda,Wright,Female,1986-08-10,England,11/05/2024
CUST15197,William,Davies,Female,1991-01-18,England,30/01/2023
CUST15198,Karen,Wilson,Male,1976-07-01,England,23/07/2022
CUST15199,Olivia,Johnson,Male,1986-10-03,England,01/10/2024
CUST15200,Harry,Wilson,Male,1996-11-10,England,22/07/2023
CUST15201,Susan,White,Female,2001-04-07,Scotland,15/10/2021
CUST15202,Sarah,Taylor,Male,2001-07-07,England,02/10/2024
CUST15203,Olivia,Brown,Male,1986-10-11,England,24/12/2023
CUST15204,Elizabeth,Davies,Female,2001-08-17,England,25/06/2023
CUST15205,Noah,Taylor,Male,2006-06-04,Wales,07/09/2024
CUST15206,Mary,Walker,Female,2006-03-21,England,29/12/2021
CUST15207,James,Robinson,Male,1966-01-23,England,10/01/2024
CUST15208,Isla,Williams,Male,2006-09-23,England,09/03/2022
CUST15209,Michael,Thompson,Male,2006-12-06,England,31/08/2024
CUST15210,Mary,Thompson,Male,1986-08-24,England,18/04/2024
CUST15211,Richard,Taylor,Female,1996-10-04,England,01/12/2024
CUST15212,Olivia,Wright,Male,1961-09-03,England,12/06/2024
CUST15213,Jennifer,Roberts,Male,1966-05-20,England,02/02/2023
CUST15214,Noah,Williams,Female,1991-07-21,England,02/04/2023
CUST15215,Elizabeth,Thompson,Male,1986-04-04,England,08/10/2021
CUST15216,Isla,Jones,Female,1991-03-12,Northern Ireland,03/01/2024
CUST15217,Elizabeth,White,Female,2006-08-12,England,11/02/2023
CUST15218,Patricia,Brown,Male,1996-08-20,England,26/04/2022
CUST15219,Jessica,Taylor,Male,2001-12-14,England,25/03/2022
CUST15220,Jennifer,Walker,Female,2001-03-17,England,28/01/2024
CUST15221,Olivia,White,Male,1986-04-03,England,31/05/2023
CUST15222,Jessica,Walker,Male,2001-02-27,England,21/11/2021
CUST15223,Barbara,Wilson,Female,2001-12-16,England,18/01/2025
CUST15224,Jessica,Walker,Male,1986-10-19,England,20/11/2022
CUST15225,Richard,White,Male,1986-04-13,Scotland,13/08/2021
CUST15226,Olivia,Evans,Male,2001-12-07,England,07/01/2023
CUST15227,Olivia,Walker,Male,2006-09-19,England,23/08/2021
CUST15228,Amelia,Jones,Female,1996-06-08,England,05/08/2023
CUST15229,Robert,Evans,Female,1996-05-06,England,03/02/2024
CUST15230,Joseph,Davies,Female,1971-07-15,England,07/11/2024
CUST15231,James,Smith,Male,1966-02-10,England,12/07/2022
CUST15232,Harry,Wright,Female,1991-03-25,England,03/09/2024
CUST15233,Jack,Brown,Male,1991-12-18,England,11/05/2023
CUST15234,Olivia,Walker,Female,1976-03-11,England,14/12/2023
CUST15235,Jennifer,Thompson,Male,1981-02-01,England,10/07/2024
CUST15236,Olivia,Brown,Female,1996-11-10,Wales,05/08/2022
CUST15237,Jessica,Evans,Male,2001-12-04,England,30/01/2024
CUST15238,Linda,Evans,Male,1986-10-06,England,14/07/2023
CUST15239,Charles,Taylor,Female,1986-02-08,England,16/04/2024
CUST15240,Charles,Jones,Male,2001-11-18,England,04/02/2024
CUST15241,Susan,Wright,Female,1996-04-03,Northern Ireland,18/09/2022
CUST15242,Noah,Taylor,Male,1991-01-05,England,19/09/2023
CUST15243,Olivia,Wright,Female,1996-12-02,England,03/03/2023
CUST15244,Mary,Roberts,Female,1986-04-25,England,05/07/2022
CUST15245,Olivia,Davies,Female,1981-08-27,England,20/04/2024
CUST15246,Robert,Taylor,Male,1986-01-09,England,21/02/2023
CUST15247,Elizabeth,Thompson,Female,1996-03-13,England,15/01/2025
CUST15248,Jessica,White,Female,2001-11-09,England,16/12/2023
CUST15249,Elizabeth,Roberts,Female,1971-08-15,Wales,01/02/2024
CUST15250,Olivia,Brown,Female,1986-12-15,England,09/06/2024
CUST15251,William,Davies,Male,2006-03-07,England,19/02/2025
CUST15252,Isla,Taylor,Female,1996-11-18,England,01/07/2023
CUST15253,Jennifer,Williams,Male,1971-11-01,England,19/03/2022
CUST15254,Isla,Walker,Male,1976-12-18,England,14/05/2023
CUST15255,Elizabeth,Roberts,Female,1971-01-21,England,13/04/2024
CUST15256,Robert,Roberts,Male,1981-02-02,Scotland,08/02/2022
CUST15257,John,Evans,Male,1991-07-20,England,19/01/2025
CUST15258,Mary,Brown,Female,1991-02-20,England,08/03/2024
CUST15259,James,Evans,Male,1996-01-27,England,17/09/2021
CUST15260,Olivia,Wright,Female,1981-10-22,England,27/07/2023
CUST15261,Oliver,Taylor,Female,1981-09-01,Scotland,23/01/2024
CUST15262,Olivia,Jones,Female,2001-11-03,England,26/12/2021
CUST15263,Karen,Davies,Female,1966-12-04,England,07/02/2024
CUST15264,James,Brown,Male,1991-02-16,England,12/02/2025
CUST15265,Richard,Wilson,Male,2006-10-20,England,28/08/2022
CUST15266,Olivia,Davies,Female,1991-01-18,England,07/10/2021
CUST15267,Emily,Johnson,Female,1971-05-09,England,06/07/2022
CUST15268,Harry,Johnson,Female,1966-04-06,England,15/01/2023
CUST15269,Robert,Wright,Male,1986-03-02,England,28/04/2023
CUST15270,Olivia,Evans,Male,1961-09-11,England,22/08/2021
CUST15271,Olivia,White,Female,1971-02-09,England,21/01/2024
CUST15272,Joseph,Thompson,Male,1971-10-09,England,27/11/2023
CUST15273,Noah,Davies,Male,1971-11-03,England,01/01/2023
CUST15274,Elizabeth,Walker,Female,1991-08-08,England,30/05/2022
CUST15275,Patricia,Taylor,Female,1976-01-23,England,11/12/2024
CUST15276,John,Robinson,Female,1981-08-07,England,21/10/2021
CUST15277,Barbara,Jones,Male,1976-08-24,Scotland,05/01/2025
CUST15278,Robert,Taylor,Male,2001-05-03,England,27/11/2024
CUST15279,Joseph,Taylor,Female,1976-05-18,England,06/03/2024
CUST15280,Olivia,Brown,Male,1961-06-03,England,24/11/2023
CUST15281,Elizabeth,Johnson,Female,1991-12-11,England,27/10/2022
CUST15282,Charles,Davies,Male,1956-01-26,England,07/09/2022
CUST15283,Emily,Robinson,Female,1991-07-21,England,10/03/2024
CUST15284,Jack,Williams,Female,1996-04-14,England,20/07/2022
CUST15285,Isla,Wright,Male,2001-07-18,England,14/03/2024
CUST15286,Oliver,Thompson,Male,1976-01-18,Scotland,17/02/2025
CUST15287,Joseph,Evans,Female,1986-12-22,Northern Ireland,07/12/2021
CUST15288,John,Smith,Female,1991-06-17,Scotland,30/08/2022
CUST15289,Jack,Thompson,Male,1981-12-14,Northern Ireland,10/08/2022
CUST15290,Charles,Smith,Male,1991-02-03,England,02/07/2023
CUST15291,Mary,Wilson,Female,1986-08-26,England,18/07/2022
CUST15292,Thomas,Jones,Female,1971-09-16,England,03/07/2022
CUST15293,Emily,Jones,Female,1981-10-08,Northern Ireland,26/05/2023
CUST15294,Charles,Walker,Male,1976-01-04,England,08/02/2022
CUST15295,Jack,Williams,Male,1981-08-17,Scotland,26/08/2022
CUST15296,Olivia,Brown,Male,1956-02-22,England,05/12/2021
CUST15297,Amelia,Taylor,Female,1996-06-22,England,18/06/2023
CUST15298,Jessica,Wilson,Male,1996-01-24,England,08/12/2022
CUST15299,Barbara,Johnson,Female,2001-01-25,England,20/11/2023
CUST15300,Susan,Smith,Male,1986-10-17,Scotland,13/06/2023
CUST15301,Charles,Walker,Female,1981-09-26,England,04/01/2025
CUST15302,Olivia,Robinson,Male,1976-11-03,England,28/11/2023
CUST15303,Thomas,Johnson,Male,1991-09-11,Northern Ireland,23/05/2024
CUST15304,Olivia,Smith,Male,2006-08-14,Scotland,17/09/2021
CUST15305,Jack,Davies,Female,1981-02-19,England,03/01/2022
CUST15306,Charles,Taylor,Male,1956-10-09,England,25/01/2023
CUST15307,Jennifer,Robinson,Male,1996-03-08,England,26/01/2022
CUST15308,Joseph,Walker,Female,1996-02-25,England,21/08/2024
CUST15309,Isla,Roberts,Male,1996-09-18,England,03/11/2024
CUST15310,Joseph,Williams,Male,1991-08-18,Scotland,24/08/2021
CUST15311,Elizabeth,Taylor,Male,1996-02-05,Wales,11/12/2024
CUST15312,William,Taylor,Male,1991-07-14,England,08/01/2022
CUST15313,Jennifer,Williams,Female,1981-09-12,England,04/08/2024
CUST15314,Olivia,Walker,Female,1991-06-17,England,14/05/2022
CUST15315,Jennifer,Thompson,Male,1991-09-25,England,17/09/2021
CUST15316,David,Brown,Female,2006-07-08,England,22/11/2023
CUST15317,Robert,Brown,Female,1966-05-22,England,28/01/2023
CUST15318,Jack,Evans,Male,1991-03-18,England,14/12/2024
CUST15319,Sarah,Robinson,Male,1991-04-14,England,11/10/2023
CUST15320,Elizabeth,Johnson,Female,2001-10-26,England,16/01/2022
CUST15321,Jack,Johnson,Male,1981-05-04,England,08/01/2022
CUST15322,James,Johnson,Male,1971-09-19,England,04/09/2021
CUST15323,Barbara,Thompson,Female,2006-05-11,England,25/05/2024
CUST15324,Michael,Brown,Female,2001-07-19,England,26/08/2022
CUST15325,Harry,Davies,Female,2001-08-04,England,07/09/2023
CUST15326,Olivia,Evans,Male,1981-06-20,England,20/01/2025
CUST15327,Susan,Davies,Female,1966-09-02,England,16/02/2023
CUST15328,Karen,Thompson,Male,1986-12-10,England,18/07/2022
CUST15329,George,Wright,Female,1991-11-25,England,23/09/2024
CUST15330,Jack,Wright,Male,1976-12-18,Wales,06/12/2022
CUST15331,David,Evans,Female,1976-01-14,England,06/09/2023
CUST15332,Richard,Roberts,Male,1996-10-09,Scotland,30/11/2021
CUST15333,Olivia,Roberts,Male,2001-09-03,Wales,10/03/2022
CUST15334,David,Thompson,Female,1991-05-04,England,25/09/2022
CUST15335,Noah,Williams,Female,1976-04-20,Scotland,02/05/2023
CUST15336,Emily,Roberts,Male,1976-01-08,England,14/01/2022
CUST15337,Harry,Evans,Male,1981-11-03,England,04/08/2024
CUST15338,Isla,Wilson,Male,1971-11-12,Wales,05/02/2023
CUST15339,George,Robinson,Male,1996-01-11,England,23/11/2024
CUST15340,Isla,Johnson,Female,1991-07-26,England,27/03/2023
CUST15341,John,Walker,Female,2006-07-07,England,12/01/2023
CUST15342,Richard,Davies,Female,1971-03-08,Wales,20/01/2024
CUST15343,James,Roberts,Female,1981-07-05,Scotland,30/03/2022
CUST15344,Oliver,Brown,Male,1996-10-06,England,31/03/2023
CUST15345,William,Brown,Male,2006-04-15,England,17/03/2024
CUST15346,Michael,Davies,Male,1976-09-07,England,07/03/2022
CUST15347,Oliver,Roberts,Female,1976-12-20,England,02/09/2024
CUST15348,Amelia,Taylor,Female,1981-06-23,England,11/10/2023
CUST15349,Barbara,Wright,Male,1996-02-14,Scotland,01/09/2022
CUST15350,Susan,Roberts,Male,1966-04-07,England,25/05/2022
CUST15351,Karen,Jones,Female,1976-02-23,England,13/03/2024
CUST15352,David,Thompson,Female,1981-05-27,England,03/05/2023
CUST15353,David,Wilson,Female,1981-08-25,England,10/10/2021
CUST15354,Karen,Robinson,Male,1966-03-25,England,12/12/2024
CUST15355,Elizabeth,Roberts,Female,1966-07-22,England,15/09/2022
CUST15356,James,Evans,Female,1981-12-20,England,29/05/2023
CUST15357,Isla,Smith,Female,1991-04-26,Northern Ireland,01/03/2024
CUST15358,Jennifer,Williams,Male,1991-11-10,England,12/03/2022
CUST15359,Harry,Thompson,Female,1971-04-26,England,26/05/2022
CUST15360,Patricia,Jones,Female,1981-08-01,England,05/09/2023
CUST15361,Barbara,Smith,Male,2006-02-23,England,04/11/2024
CUST15362,Karen,Walker,Female,2001-04-10,England,04/12/2023
CUST15363,Isla,Taylor,Male,1966-11-08,England,06/05/2023
CUST15364,Sarah,Wright,Male,1966-08-19,England,24/10/2022
CUST15365,Karen,Brown,Male,1961-07-05,England,16/09/2022
CUST15366,Susan,Williams,Male,1991-07-27,England,28/09/2023
CUST15367,Joseph,Wilson,Female,1976-03-20,England,03/10/2024
CUST15368,James,Robinson,Female,1971-12-01,England,07/11/2024
CUST15369,Noah,Wilson,Female,1991-05-23,England,16/02/2022
CUST15370,Oliver,Smith,Male,2001-01-03,Scotland,12/09/2021
CUST15371,Mary,Davies,Female,1956-11-23,England,11/02/2025
CUST15372,Susan,Taylor,Male,2006-01-22,England,18/01/2023
CUST15373,Charles,Wright,Male,1981-11-18,England,27/01/2024
CUST15374,James,Williams,Male,1981-04-17,England,08/08/2022
CUST15375,Jessica,Jones,Female,1981-01-23,England,11/02/2023
CUST15376,Richard,Roberts,Female,1996-03-23,England,03/02/2023
CUST15377,Amelia,Johnson,Male,1976-08-20,England,13/12/2023
CUST15378,Michael,Davies,Female,1996-07-05,England,23/08/2021
CUST15379,William,Thompson,Male,1971-02-18,England,29/01/2022
CUST15380,Oliver,Williams,Female,1996-04-06,England,14/02/2023
CUST15381,Jessica,Roberts,Male,1976-03-02,England,07/08/2023
CUST15382,Olivia,Johnson,Male,1976-08-05,England,30/05/2023
CUST15383,Noah,Williams,Female,1996-11-13,England,02/12/2022
CUST15384,Joseph,Thompson,Female,1996-04-27,England,16/12/2023
CUST15385,James,Davies,Female,1976-11-01,England,08/03/2023
CUST15386,Isla,Smith,Female,2001-05-03,England,06/10/2021
CUST15387,Thomas,Evans,Male,1996-01-03,England,26/04/2024
CUST15388,Joseph,Johnson,Male,1986-04-06,England,21/02/2025
CUST15389,Oliver,Evans,Male,1966-11-15,England,08/02/2025
CUST15390,Oliver,Jones,Female,1986-10-23,England,03/09/2024
CUST15391,Jessica,Robinson,Male,1991-09-02,England,12/09/2021
CUST15392,Joseph,Evans,Female,1961-05-22,Wales,15/01/2024
CUST15393,Elizabeth,Johnson,Female,1986-10-25,Scotland,09/10/2024
CUST15394,John,Wright,Male,1986-09-03,Scotland,09/12/2022
CUST15395,Jessica,Walker,Female,1991-10-13,England,01/01/2022
CUST15396,Charles,Wilson,Male,1991-07-22,England,08/04/2023
CUST15397,Sarah,Evans,Female,1991-07-19,England,23/07/2022
CUST15398,William,Davies,Male,1981-12-05,Scotland,15/11/2021
CUST15399,Mary,Johnson,Male,2006-12-04,England,03/02/2024
CUST15400,Susan,Williams,Male,1981-07-13,Wales,07/02/2025
CUST15401,George,Robinson,Female,1996-03-23,England,17/07/2022
CUST15402,Jack,Jones,Male,1991-05-26,England,15/07/2022
CUST15403,John,White,Male,2001-07-13,Wales,23/02/2024
CUST15404,Isla,Williams,Male,1986-09-15,England,16/07/2022
CUST15405,Emily,Robinson,Female,1976-04-16,England,25/05/2023
CUST15406,Emily,Robinson,Male,1991-01-14,England,09/12/2024
CUST15407,Thomas,Taylor,Male,2001-10-18,England,04/02/2025
CUST15408,Sarah,Jones,Female,1996-12-08,England,06/07/2024
CUST15409,Charles,Taylor,Female,1971-01-15,England,28/08/2021
CUST15410,David,Davies,Female,1996-04-17,England,02/04/2024
CUST15411,James,Taylor,Male,1976-06-16,England,29/06/2023
CUST15412,Olivia,Taylor,Female,1991-10-27,England,29/11/2022
CUST15413,James,Roberts,Male,1996-10-21,England,16/02/2025
CUST15414,Joseph,Robinson,Male,1976-05-20,England,06/12/2022
CUST15415,Oliver,Wilson,Male,1986-04-22,England,30/07/2024
CUST15416,Patricia,Wright,Male,2006-05-15,England,08/11/2023
CUST15417,Jack,Roberts,Female,1961-03-09,England,10/05/2023
CUST15418,Emily,Wright,Female,2001-06-15,Northern Ireland,30/08/2023
CUST15419,Amelia,Walker,Male,1991-04-25,England,19/08/2022
CUST15420,Barbara,Wright,Female,1991-01-24,England,20/11/2023
CUST15421,Charles,Smith,Male,1986-09-10,England,12/11/2024
CUST15422,Robert,Jones,Male,1976-10-14,England,13/01/2024
CUST15423,David,White,Male,2006-04-08,Scotland,19/05/2023
CUST15424,Jessica,White,Female,1966-05-01,England,17/05/2022
CUST15425,James,White,Female,1981-05-09,Scotland,06/09/2024
CUST15426,Oliver,Wright,Female,1961-01-03,England,14/08/2022
CUST15427,Jennifer,Brown,Female,1971-07-10,England,11/01/2022
CUST15428,Harry,Thompson,Female,1966-06-02,England,27/11/2022
CUST15429,William,Thompson,Female,1981-12-09,England,10/03/2023
CUST15430,Karen,Taylor,Female,1991-05-20,England,12/01/2024
CUST15431,Charles,Evans,Female,1986-10-23,Wales,30/12/2022
CUST15432,David,Evans,Female,1981-05-24,Wales,21/06/2023
CUST15433,George,Williams,Male,1991-03-16,England,07/01/2024
CUST15434,Sarah,Taylor,Male,1976-05-15,England,30/07/2024
CUST15435,Karen,White,Male,2001-11-27,England,29/08/2022
CUST15436,Jennifer,Davies,Male,1971-04-16,England,22/07/2024
CUST15437,Michael,Jones,Male,1996-11-03,England,28/12/2023
CUST15438,Noah,Taylor,Male,1961-08-26,England,10/08/2024
CUST15439,Joseph,Walker,Female,2001-09-17,England,14/01/2024
CUST15440,Patricia,White,Male,2001-10-18,England,24/08/2024
CUST15441,Charles,Wilson,Female,1971-07-03,England,06/09/2024
CUST15442,Harry,Wilson,Male,1971-08-13,England,25/10/2024
CUST15443,Jack,White,Male,1976-01-13,Scotland,13/04/2024
CUST15444,Patricia,Williams,Male,1961-09-22,England,31/05/2024
CUST15445,Joseph,Roberts,Male,1996-09-11,England,27/05/2024
CUST15446,Jennifer,Brown,Male,1971-02-10,England,21/10/2022
CUST15447,Susan,Wright,Male,1991-07-19,England,04/03/2024
CUST15448,Amelia,Davies,Female,1986-07-01,England,21/07/2022
CUST15449,Barbara,Wilson,Female,1986-04-21,England,24/06/2023
CUST15450,Joseph,Wright,Male,2006-01-01,England,04/02/2025
CUST15451,Charles,Johnson,Male,1981-01-07,England,18/06/2023
CUST15452,Mary,Davies,Male,1976-03-14,England,06/02/2024
CUST15453,William,Jones,Female,2001-03-06,England,11/03/2022
CUST15454,Harry,Brown,Female,1966-03-01,England,19/04/2023
CUST15455,Jessica,Wright,Male,1986-08-12,England,21/12/2023
CUST15456,James,Evans,Male,2001-06-20,England,12/10/2024
CUST15457,Noah,Wilson,Female,1981-02-07,England,08/04/2024
CUST15458,Karen,Johnson,Female,1996-02-08,England,20/10/2023
CUST15459,Michael,Brown,Female,2006-08-19,England,15/07/2022
CUST15460,Sarah,Johnson,Male,1981-12-26,England,15/04/2024
CUST15461,Isla,Wright,Female,2001-10-14,England,14/01/2022
CUST15462,Isla,Walker,Female,2001-10-16,England,11/02/2022
CUST15463,Jessica,Walker,Female,1976-04-23,England,16/01/2024
CUST15464,Joseph,Wright,Male,2006-09-02,Wales,16/05/2024
CUST15465,Sarah,Robinson,Female,1971-01-27,England,13/01/2022
CUST15466,Linda,Brown,Female,1976-03-13,Scotland,05/05/2022
CUST15467,Isla,Wright,Male,2001-02-11,England,08/12/2024
CUST15468,Linda,White,Male,1986-03-17,England,17/06/2024
CUST15469,Noah,Taylor,Male,2001-05-25,England,04/01/2024
CUST15470,Olivia,Davies,Female,1981-01-26,England,10/11/2021
CUST15471,Harry,Davies,Male,2006-10-21,England,05/04/2022
CUST15472,Olivia,Williams,Female,1961-09-14,England,01/12/2022
CUST15473,Linda,Walker,Male,1996-08-05,Wales,30/01/2022
CUST15474,Sarah,Williams,Female,1981-03-06,England,14/02/2024
CUST15475,Linda,Davies,Male,2001-11-23,England,31/07/2022
CUST15476,Olivia,Thompson,Male,1996-01-04,Northern Ireland,13/03/2024
CUST15477,Michael,Roberts,Male,1986-12-14,England,24/04/2024
CUST15478,Jessica,Williams,Female,1981-09-12,England,30/12/2023
CUST15479,James,Taylor,Female,1956-03-20,England,09/06/2023
CUST15480,William,White,Male,2006-03-10,England,29/06/2023
CUST15481,George,Walker,Female,2006-09-19,England,19/01/2025
CUST15482,Noah,Brown,Female,1991-10-14,England,24/11/2022
CUST15483,Michael,Davies,Male,1991-06-24,England,13/05/2022
CUST15484,Richard,Williams,Female,1966-01-06,England,09/10/2021
CUST15485,William,Wilson,Male,1966-06-21,England,12/06/2023
CUST15486,Robert,Roberts,Male,1966-06-20,England,30/08/2024
CUST15487,Robert,Wilson,Male,2001-04-23,Wales,13/08/2024
CUST15488,Jessica,Roberts,Female,1991-11-14,England,26/07/2022
CUST15489,Mary,Evans,Male,1976-05-09,Northern Ireland,26/06/2024
CUST15490,Susan,Williams,Male,1991-03-14,Scotland,12/10/2021
CUST15491,Jennifer,Smith,Male,1981-09-27,Scotland,13/02/2022
CUST15492,Oliver,Evans,Male,1996-08-06,England,02/04/2023
CUST15493,Linda,Robinson,Male,1991-08-18,Northern Ireland,03/07/2022
CUST15494,Barbara,Davies,Male,1971-07-07,England,15/06/2024
CUST15495,Patricia,Wilson,Female,1996-04-21,England,03/03/2024
CUST15496,Elizabeth,Brown,Male,1961-04-12,England,05/10/2024
CUST15497,Charles,White,Male,1991-02-24,Scotland,11/09/2022
CUST15498,Mary,Taylor,Male,2006-03-05,England,01/11/2024
CUST15499,Amelia,Brown,Male,1996-07-04,England,30/03/2022
CUST15500,Charles,Evans,Female,2001-05-26,England,13/11/2023
CUST15501,Jack,Smith,Male,1986-09-10,England,29/03/2023
CUST15502,Noah,Jones,Male,2001-10-03,England,27/09/2024
CUST15503,Olivia,Johnson,Male,1981-07-23,England,30/10/2021
CUST15504,Jessica,Brown,Male,1971-02-12,England,20/10/2024
CUST15505,Elizabeth,Johnson,Male,1991-01-25,England,12/02/2024
CUST15506,Joseph,White,Female,2001-03-12,England,16/08/2022
CUST15507,Sarah,Davies,Male,1991-04-21,England,25/07/2023
CUST15508,Joseph,Johnson,Female,1976-01-16,England,18/10/2022
CUST15509,Emily,Taylor,Male,1981-10-14,Scotland,11/04/2022
CUST15510,David,Smith,Male,2001-05-14,England,08/09/2022
CUST15511,Olivia,Brown,Female,1986-09-07,England,05/09/2023
CUST15512,Emily,Evans,Male,1986-03-20,Wales,13/11/2023
CUST15513,Robert,Brown,Male,1991-01-15,England,06/08/2023
CUST15514,James,Davies,Female,2001-02-01,England,10/01/2024
CUST15515,Sarah,Thompson,Female,1956-06-11,England,04/06/2022
CUST15516,Mary,Evans,Male,2001-06-11,Scotland,30/04/2024
CUST15517,Jennifer,Brown,Male,1996-06-24,England,09/01/2022
CUST15518,Jennifer,Smith,Female,2001-12-12,England,16/01/2023
CUST15519,David,Brown,Female,1981-08-16,England,31/08/2022
CUST15520,David,Taylor,Female,1986-09-03,England,02/11/2021
CUST15521,Joseph,Brown,Female,1996-02-11,England,05/04/2023
CUST15522,Jessica,Williams,Male,1991-06-08,England,16/07/2024
CUST15523,Elizabeth,White,Male,1981-08-14,England,29/12/2024
CUST15524,Robert,Robinson,Male,1996-08-25,England,01/01/2024
CUST15525,Jack,Smith,Female,1966-12-26,Wales,02/02/2022
CUST15526,Jack,Brown,Female,1991-06-08,England,16/01/2022
CUST15527,Michael,Wilson,Male,1996-05-17,England,04/10/2022
CUST15528,David,Evans,Male,1961-12-26,England,01/11/2021
CUST15529,Sarah,Brown,Female,1971-05-07,England,01/11/2024
CUST15530,Amelia,Williams,Female,1991-07-12,England,12/04/2023
CUST15531,Robert,Williams,Male,1971-01-14,England,04/11/2023
CUST15532,Patricia,Thompson,Male,1986-02-01,England,31/12/2022
CUST15533,Barbara,Jones,Male,1991-01-13,England,16/05/2023
CUST15534,Patricia,Davies,Female,1971-06-04,England,29/05/2024
CUST15535,Linda,White,Male,1976-12-09,England,28/01/2022
CUST15536,Harry,Wright,Female,1996-01-04,England,18/10/2024
CUST15537,Susan,Wilson,Male,1981-12-20,England,08/07/2023
CUST15538,Jennifer,White,Male,1991-11-23,England,06/06/2024
CUST15539,Jack,Davies,Female,2006-01-08,Northern Ireland,15/12/2022
CUST15540,Jennifer,Wright,Male,1961-01-02,Scotland,05/12/2021
CUST15541,William,Brown,Female,1986-11-14,England,21/01/2024
CUST15542,Linda,Jones,Female,1981-08-04,Wales,14/11/2022
CUST15543,Richard,Smith,Male,1981-03-12,England,05/10/2024
CUST15544,Michael,Brown,Female,1986-12-15,Wales,30/12/2021
CUST15545,Noah,Robinson,Female,1996-07-13,England,22/12/2022
CUST15546,Jessica,Walker,Male,1961-08-15,England,22/03/2022
CUST15547,Charles,White,Male,1981-09-16,England,28/07/2024
CUST15548,Joseph,Wright,Female,1981-03-05,England,22/05/2024
CUST15549,David,Davies,Male,1986-05-19,England,05/11/2024
CUST15550,Michael,Thompson,Male,1996-02-19,England,19/02/2024
CUST15551,Elizabeth,Evans,Female,2006-07-04,England,24/03/2024
CUST15552,Emily,Williams,Male,1991-12-12,England,10/10/2022
CUST15553,Olivia,Robinson,Male,2001-08-08,England,14/11/2023
CUST15554,David,Brown,Female,1981-09-11,England,08/07/2023
CUST15555,George,Jones,Female,1971-03-21,England,09/01/2023
CUST15556,Elizabeth,Taylor,Male,1991-07-17,England,24/08/2021
CUST15557,Amelia,Walker,Female,1991-12-25,England,01/03/2023
CUST15558,Linda,Johnson,Male,1981-02-16,England,22/09/2023
CUST15559,Elizabeth,Evans,Female,2001-03-02,England,28/02/2024
CUST15560,Joseph,Robinson,Male,1966-09-20,England,10/12/2021
CUST15561,Charles,Jones,Female,1991-01-02,England,29/04/2024
CUST15562,Richard,Johnson,Female,2001-03-10,England,23/02/2022
CUST15563,Michael,Smith,Female,2001-12-26,Northern Ireland,29/07/2022
CUST15564,Jennifer,Johnson,Female,1966-01-27,England,21/09/2021
CUST15565,Karen,Smith,Male,1996-06-04,England,04/09/2023
CUST15566,Michael,Brown,Female,1981-04-27,England,03/04/2023
CUST15567,Harry,Williams,Female,2001-05-27,England,28/04/2023
CUST15568,Mary,Brown,Male,1996-04-24,England,15/11/2024
CUST15569,Emily,Williams,Male,1971-04-23,England,08/12/2023
CUST15570,Sarah,Williams,Female,2001-10-03,England,05/09/2024
CUST15571,Jack,Thompson,Male,2006-01-04,England,30/04/2024
CUST15572,Jessica,Thompson,Male,1986-02-17,England,17/12/2023
CUST15573,Amelia,Jones,Female,1971-04-03,England,09/05/2023
CUST15574,Olivia,Jones,Male,1991-10-07,England,19/05/2023
CUST15575,Isla,Walker,Female,2001-05-27,England,11/05/2024
CUST15576,James,Davies,Male,1956-01-25,Scotland,06/11/2022
CUST15577,Susan,Johnson,Male,1981-07-07,England,21/12/2021
CUST15578,Mary,Johnson,Male,1971-08-15,England,13/02/2024
CUST15579,Linda,Roberts,Female,1976-06-15,England,10/04/2022
CUST15580,Elizabeth,Evans,Male,1976-02-08,Scotland,11/11/2024
CUST15581,Olivia,Taylor,Male,1991-11-07,England,31/05/2022
CUST15582,Karen,Smith,Female,1991-11-12,England,16/12/2024
CUST15583,Olivia,Robinson,Male,1976-11-17,Scotland,30/03/2023
CUST15584,Emily,Roberts,Male,1976-12-22,England,02/10/2021
CUST15585,William,Smith,Male,1961-04-23,England,11/01/2024
CUST15586,Joseph,Davies,Male,1986-06-01,England,09/10/2024
CUST15587,Jack,Johnson,Female,1996-12-18,Scotland,17/03/2023
CUST15588,Noah,Walker,Female,1986-06-17,Scotland,07/01/2025
CUST15589,Elizabeth,Evans,Female,1981-11-02,England,03/09/2023
CUST15590,William,Wilson,Female,1991-08-23,England,29/12/2023
CUST15591,Richard,Brown,Male,1976-12-17,England,02/03/2024
CUST15592,Patricia,White,Male,1981-01-20,England,05/02/2025
CUST15593,William,Thompson,Female,2006-09-18,England,03/01/2024
CUST15594,Olivia,Robinson,Male,1986-10-10,England,30/08/2024
CUST15595,Elizabeth,Jones,Female,1981-03-06,England,02/11/2024
CUST15596,Karen,White,Female,1966-09-11,England,12/12/2023
CUST15597,Jessica,Robinson,Male,1991-03-21,England,15/01/2024
CUST15598,Olivia,Wright,Male,1981-11-18,England,30/08/2021
CUST15599,Amelia,Evans,Male,1986-11-17,England,24/10/2023
CUST15600,Richard,Taylor,Female,1986-01-04,England,16/02/2024
CUST15601,Linda,Davies,Male,2006-07-01,Northern Ireland,09/12/2024
CUST15602,Barbara,Johnson,Female,1966-05-19,Northern Ireland,09/05/2024
CUST15603,David,Robinson,Female,1966-11-26,England,22/01/2022
CUST15604,Mary,Wilson,Female,1986-04-10,England,15/11/2021
CUST15605,Thomas,Brown,Male,1986-09-13,England,11/05/2024
CUST15606,Isla,Thompson,Male,2006-02-26,Wales,04/02/2023
CUST15607,Harry,Thompson,Female,1981-03-07,England,22/01/2022
CUST15608,Karen,Roberts,Male,1991-12-15,England,20/07/2024
CUST15609,Thomas,Brown,Male,1976-05-03,Scotland,04/09/2023
CUST15610,Amelia,Jones,Male,2006-10-08,England,30/06/2023
CUST15611,Mary,Williams,Female,1976-12-11,Scotland,19/08/2024
CUST15612,Barbara,Williams,Male,1996-12-19,England,24/07/2022
CUST15613,Isla,Thompson,Male,1981-01-09,England,05/09/2023
CUST15614,David,Jones,Female,1981-03-13,England,31/08/2022
CUST15615,Amelia,Jones,Male,1996-09-09,England,07/04/2023
CUST15616,Olivia,Johnson,Male,1986-12-04,England,23/09/2021
CUST15617,Michael,Smith,Female,1971-12-22,England,21/10/2024
CUST15618,Amelia,Roberts,Female,1981-09-19,England,06/02/2024
CUST15619,Barbara,White,Male,2006-02-18,England,26/12/2022
CUST15620,Richard,Williams,Male,1986-09-16,Scotland,30/01/2022
CUST15621,John,Johnson,Male,1991-04-04,England,15/04/2023
CUST15622,James,Brown,Male,1981-10-14,Northern Ireland,12/08/2024
CUST15623,David,Roberts,Female,1981-07-20,England,24/05/2024
CUST15624,Joseph,Evans,Female,2006-03-14,England,16/09/2021
CUST15625,Mary,Taylor,Female,1981-11-20,England,11/02/2025
CUST15626,Patricia,Davies,Female,1976-12-09,England,24/10/2022
CUST15627,Jennifer,Williams,Male,1976-07-14,England,02/12/2022
CUST15628,Sarah,Johnson,Female,2006-10-11,England,13/04/2024
CUST15629,Robert,Johnson,Female,1991-01-27,England,16/09/2023
CUST15630,Amelia,Evans,Male,1991-04-05,England,19/01/2025
CUST15631,Barbara,White,Male,2001-02-08,England,03/11/2023
CUST15632,Joseph,Johnson,Female,1991-04-19,England,09/02/2022
CUST15633,Oliver,Davies,Male,2006-05-02,England,30/07/2022
CUST15634,Noah,Smith,Male,2001-06-14,England,30/07/2023
CUST15635,William,Walker,Female,1981-04-01,England,20/08/2023
CUST15636,Amelia,Jones,Female,1996-07-15,England,19/12/2023
CUST15637,Susan,Williams,Male,1976-03-09,England,16/10/2021
CUST15638,George,Brown,Male,2006-05-06,England,25/11/2023
CUST15639,Barbara,Brown,Male,1986-11-14,England,11/09/2022
CUST15640,Michael,Taylor,Female,1991-07-09,England,16/10/2021
CUST15641,James,Walker,Female,1976-01-03,England,02/12/2022
CUST15642,Richard,Wright,Male,1976-04-15,England,22/10/2023
CUST15643,Jennifer,Wright,Female,1991-10-16,England,31/01/2022
CUST15644,Susan,Brown,Male,1981-03-18,England,19/01/2025
CUST15645,Emily,Williams,Female,1996-12-25,England,08/05/2022
CUST15646,Emily,Evans,Female,1981-04-19,England,07/02/2023
CUST15647,Olivia,Brown,Female,2001-08-22,England,07/04/2022
CUST15648,Barbara,Taylor,Male,1986-06-18,England,03/01/2025
CUST15649,James,Evans,Male,1996-08-19,England,19/05/2022
CUST15650,Emily,Taylor,Female,1966-10-22,England,12/11/2024
CUST15651,Olivia,Wilson,Male,1986-02-18,England,24/08/2023
CUST15652,Jennifer,Brown,Male,1981-05-14,England,25/10/2022
CUST15653,William,Smith,Female,1991-07-20,England,16/12/2024
CUST15654,Harry,Wilson,Male,1996-04-27,England,25/01/2025
CUST15655,Susan,Smith,Male,1996-05-14,England,11/08/2023
CUST15656,Karen,White,Female,1966-11-07,England,29/04/2023
CUST15657,Linda,White,Male,1976-03-11,England,06/06/2024
CUST15658,James,Davies,Male,2001-03-01,Scotland,21/03/2023
CUST15659,Thomas,Williams,Male,1976-07-09,England,02/12/2023
CUST15660,Elizabeth,Wilson,Female,1991-02-24,England,26/07/2022
CUST15661,Richard,Roberts,Female,2006-01-03,Wales,23/01/2023
CUST15662,Susan,Thompson,Male,1986-11-24,England,14/10/2023
CUST15663,George,Walker,Female,2001-04-16,Scotland,16/04/2022
CUST15664,Jennifer,Thompson,Male,1996-02-09,England,18/09/2024
CUST15665,Olivia,Taylor,Female,1976-08-13,Wales,25/01/2023
CUST15666,Joseph,Thompson,Female,1996-06-24,England,09/06/2022
CUST15667,Karen,Jones,Male,1966-06-04,England,23/04/2023
CUST15668,Charles,Evans,Male,1981-06-16,England,24/08/2021
CUST15669,Amelia,Davies,Female,1971-02-08,Scotland,26/03/2022
CUST15670,Mary,Thompson,Female,1981-11-15,England,21/12/2021
CUST15671,Noah,Davies,Female,1971-01-22,England,01/04/2022
CUST15672,Jennifer,Smith,Male,1991-06-25,Scotland,24/09/2024
CUST15673,Barbara,Johnson,Male,1986-04-07,England,14/02/2022
CUST15674,Emily,Wilson,Female,1986-08-18,England,11/06/2023
CUST15675,Noah,Taylor,Male,1966-07-12,England,26/04/2022
CUST15676,Linda,Smith,Female,2001-05-14,England,15/12/2021
CUST15677,Karen,Thompson,Female,1981-07-05,England,17/02/2022
CUST15678,Jack,Walker,Female,1976-03-24,England,30/08/2021
CUST15679,Olivia,Johnson,Male,1991-02-05,England,15/12/2023
CUST15680,Robert,Roberts,Male,1971-11-02,England,27/11/2021
CUST15681,Thomas,Wilson,Male,1991-08-21,England,02/05/2024
CUST15682,Joseph,Wright,Female,2001-08-11,England,29/12/2021
CUST15683,Jennifer,Davies,Female,1981-12-02,England,04/11/2021
CUST15684,Patricia,Smith,Male,1991-11-19,England,21/01/2023
CUST15685,Isla,Taylor,Female,2006-08-08,England,06/05/2023
CUST15686,Karen,Robinson,Female,2006-10-27,England,20/02/2023
CUST15687,Jack,Evans,Male,1996-07-27,England,26/08/2024
CUST15688,Charles,Wilson,Female,1976-03-15,England,06/05/2023
CUST15689,Richard,Wright,Female,1966-08-13,England,24/10/2023
CUST15690,Patricia,Brown,Female,1986-11-13,England,02/06/2023
CUST15691,James,Williams,Male,2001-11-17,England,27/12/2021
CUST15692,Mary,Walker,Male,1986-07-25,England,12/06/2023
CUST15693,Joseph,Evans,Male,1971-12-18,Wales,15/10/2021
CUST15694,George,Wilson,Male,1976-03-03,England,04/11/2023
CUST15695,Jack,Wright,Male,1996-01-06,England,11/04/2023
CUST15696,Olivia,Thompson,Female,2001-05-17,England,28/05/2023
CUST15697,George,Robinson,Male,1966-03-10,England,24/05/2024
CUST15698,Karen,White,Male,1971-12-13,England,19/05/2022
CUST15699,Olivia,Taylor,Female,2006-02-11,England,01/02/2024
CUST15700,Amelia,Brown,Male,1971-07-17,England,21/11/2024
CUST15701,Elizabeth,Thompson,Male,2001-10-07,England,12/12/2023
CUST15702,Elizabeth,Jones,Male,2006-02-02,England,13/03/2024
CUST15703,James,Thompson,Male,1976-01-07,England,12/08/2021
CUST15704,Jennifer,Taylor,Male,1986-07-19,England,11/06/2024
CUST15705,Susan,Robinson,Female,1991-11-17,England,21/01/2022
CUST15706,Richard,Wilson,Male,1966-01-22,England,06/02/2024
CUST15707,Elizabeth,Davies,Male,1971-01-03,England,03/09/2023
CUST15708,Mary,Evans,Female,2006-12-04,England,12/05/2022
CUST15709,George,Thompson,Female,1981-08-04,England,01/12/2023
CUST15710,Richard,Smith,Male,1976-09-16,England,29/10/2022
CUST15711,Barbara,Evans,Male,1986-04-16,England,12/01/2024
CUST15712,Jack,Davies,Male,1956-04-05,England,29/03/2023
CUST15713,Olivia,Jones,Female,1981-06-13,England,07/03/2024
CUST15714,Karen,Johnson,Male,2001-03-02,England,20/03/2024
CUST15715,Isla,Wright,Female,1996-06-17,England,21/07/2024
CUST15716,Susan,Johnson,Male,1971-12-16,Scotland,22/03/2024
CUST15717,Elizabeth,Roberts,Female,1956-09-01,England,06/05/2023
CUST15718,Sarah,Smith,Female,2001-11-03,England,11/01/2025
CUST15719,Joseph,White,Male,2001-06-20,England,02/12/2021
CUST15720,David,Williams,Female,1976-10-25,England,10/09/2022
CUST15721,David,Jones,Male,2006-06-23,England,06/09/2024
CUST15722,Linda,Evans,Female,2006-08-16,England,10/03/2024
CUST15723,Barbara,Roberts,Male,1966-09-15,England,10/12/2023
CUST15724,Jennifer,Jones,Male,1971-10-22,England,06/04/2024
CUST15725,Robert,Roberts,Female,1966-12-23,England,01/02/2022
CUST15726,Oliver,Brown,Female,1981-02-25,England,02/04/2023
CUST15727,Michael,Davies,Male,1991-10-11,England,22/10/2022
CUST15728,Emily,Evans,Female,1966-09-13,England,04/02/2025
CUST15729,Jack,Jones,Male,1996-09-03,England,24/11/2023
CUST15730,Jack,Robinson,Male,1996-01-05,England,09/05/2022
CUST15731,Michael,Brown,Female,1966-06-11,England,19/12/2021
CUST15732,Jessica,Williams,Female,1981-12-22,England,08/08/2024
CUST15733,Thomas,Evans,Male,1966-11-13,England,04/01/2023
CUST15734,Thomas,Wilson,Female,2001-03-16,Wales,23/11/2021
CUST15735,Isla,Thompson,Female,1961-06-24,England,24/05/2024
CUST15736,Robert,Wright,Female,1981-11-13,England,18/01/2025
CUST15737,Emily,Taylor,Male,1981-12-10,Northern Ireland,07/11/2023
CUST15738,Charles,Wilson,Male,1966-04-20,Northern Ireland,22/11/2021
CUST15739,Jack,Williams,Male,1991-10-09,England,06/07/2023
CUST15740,Barbara,White,Female,1976-11-11,England,21/07/2023
CUST15741,Patricia,Robinson,Female,1981-02-24,England,22/03/2022
CUST15742,Amelia,Johnson,Male,1976-01-12,England,28/07/2023
CUST15743,Susan,Johnson,Male,1966-01-07,England,26/05/2024
CUST15744,Sarah,Wright,Female,1981-02-23,England,03/09/2023
CUST15745,Elizabeth,Smith,Male,2006-09-18,Scotland,14/12/2022
CUST15746,Thomas,Smith,Female,1996-05-21,England,08/07/2023
CUST15747,Robert,Brown,Female,1961-09-09,England,06/05/2022
CUST15748,David,Jones,Male,1961-02-22,England,18/10/2021
CUST15749,Emily,Johnson,Male,1961-08-26,England,17/11/2023
CUST15750,Linda,Wright,Female,2006-09-05,England,12/08/2023
CUST15751,Linda,Thompson,Male,1991-12-06,England,02/02/2022
CUST15752,Joseph,Thompson,Female,1976-04-16,Wales,25/08/2021
CUST15753,Jennifer,Johnson,Female,1976-07-20,England,30/11/2021
CUST15754,Noah,Robinson,Female,2001-06-01,England,27/01/2023
CUST15755,Jennifer,Davies,Female,1981-05-15,England,08/02/2022
CUST15756,Harry,Walker,Male,2001-08-04,Scotland,08/06/2024
CUST15757,David,Evans,Male,1986-07-27,England,23/07/2024
CUST15758,John,Davies,Male,1996-10-20,England,13/08/2023
CUST15759,Olivia,Taylor,Male,2006-01-27,England,12/02/2025
CUST15760,Olivia,Taylor,Female,2001-03-06,England,25/09/2021
CUST15761,Joseph,Roberts,Male,1966-07-22,England,09/03/2022
CUST15762,Thomas,Walker,Male,1976-07-11,England,17/03/2024
CUST15763,Sarah,Jones,Female,1966-11-03,England,23/07/2024
CUST15764,Karen,Williams,Male,1986-09-13,England,05/01/2023
CUST15765,Elizabeth,Taylor,Male,1991-01-13,England,23/11/2023
CUST15766,George,Robinson,Male,1991-06-14,England,08/05/2023
CUST15767,Jack,Johnson,Female,1981-11-24,England,05/01/2025
CUST15768,Linda,Taylor,Female,1991-11-08,England,01/11/2024
CUST15769,Noah,Davies,Male,1976-10-18,England,02/04/2024
CUST15770,Linda,Robinson,Female,1971-06-06,Scotland,01/06/2024
CUST15771,Elizabeth,Taylor,Female,1971-02-24,Scotland,22/12/2021
CUST15772,Harry,Smith,Male,1996-03-13,England,05/09/2021
CUST15773,Amelia,Evans,Female,1986-11-22,England,17/11/2022
CUST15774,Charles,Wilson,Male,1996-05-08,Scotland,11/09/2022
CUST15775,Sarah,Davies,Female,2006-10-09,England,01/12/2022
CUST15776,Harry,Roberts,Male,1976-01-27,England,04/03/2022
CUST15777,Mary,Robinson,Female,1986-06-06,Wales,09/08/2024
CUST15778,Harry,Williams,Female,1976-12-16,England,28/12/2022
CUST15779,Jennifer,Robinson,Female,2001-03-09,Scotland,07/02/2023
CUST15780,Emily,Wright,Male,1956-01-11,England,08/02/2025
CUST15781,Linda,Roberts,Male,1956-04-19,England,27/01/2025
CUST15782,Linda,Davies,Male,1986-01-22,England,14/10/2021
CUST15783,Michael,Johnson,Female,1971-08-13,England,17/04/2024
CUST15784,Sarah,Johnson,Male,1996-03-18,England,15/08/2023
CUST15785,Michael,Jones,Female,1976-03-02,Northern Ireland,09/01/2023
CUST15786,Emily,Taylor,Female,1971-08-07,England,30/08/2022
CUST15787,David,Wilson,Female,1971-04-21,England,01/06/2024
CUST15788,Jack,Roberts,Male,1971-08-18,Scotland,26/06/2024
CUST15789,Amelia,Davies,Female,1986-12-02,England,09/08/2022
CUST15790,Oliver,Smith,Female,1971-12-25,England,27/05/2023
CUST15791,Barbara,Wilson,Female,1976-09-12,England,17/12/2024
CUST15792,Patricia,Thompson,Male,2001-12-09,England,29/03/2024
CUST15793,Elizabeth,Walker,Male,2001-09-13,Scotland,26/10/2021
CUST15794,Olivia,Brown,Female,1976-01-11,England,08/12/2024
CUST15795,Barbara,Roberts,Male,1981-12-14,England,07/01/2022
CUST15796,George,White,Male,1986-07-05,England,01/03/2024
CUST15797,Elizabeth,Williams,Male,1966-01-04,England,03/10/2022
CUST15798,Linda,Thompson,Female,1981-08-27,England,14/02/2025
CUST15799,Barbara,Thompson,Male,1991-03-21,Wales,10/10/2024
CUST15800,John,Evans,Male,1991-07-10,England,06/12/2024
CUST15801,Sarah,Thompson,Male,1981-08-23,England,09/09/2022
CUST15802,Jack,Walker,Male,1976-01-22,England,22/05/2024
CUST15803,Michael,White,Male,1986-06-19,England,27/01/2024
CUST15804,Elizabeth,Williams,Female,1986-01-20,England,26/01/2024
CUST15805,Jessica,Roberts,Male,1976-02-26,England,27/02/2023
CUST15806,Michael,Brown,Female,1976-03-23,England,24/12/2024
CUST15807,Emily,Taylor,Female,1971-10-07,England,18/10/2024
CUST15808,Jessica,Wilson,Male,2006-05-20,England,20/05/2022
CUST15809,Sarah,Walker,Female,1976-01-05,England,11/02/2024
CUST15810,Michael,Roberts,Male,1986-09-14,England,25/11/2022
CUST15811,Olivia,Jones,Female,2006-07-02,England,18/03/2024
CUST15812,Susan,Johnson,Female,1981-02-05,England,08/02/2023
CUST15813,Elizabeth,Thompson,Male,1976-07-20,England,04/10/2023
CUST15814,Amelia,Johnson,Male,1986-03-11,England,18/05/2022
CUST15815,Olivia,Davies,Male,1976-08-05,England,26/03/2022
CUST15816,Oliver,Taylor,Male,1991-12-27,England,23/11/2023
CUST15817,Thomas,Robinson,Male,1996-04-26,England,01/03/2023
CUST15818,Charles,Taylor,Female,1991-09-07,Scotland,20/09/2023
CUST15819,Elizabeth,Thompson,Male,1991-01-17,England,21/09/2023
CUST15820,Emily,Roberts,Male,1976-05-08,England,09/02/2024
CUST15821,Charles,Smith,Female,1971-11-22,England,26/09/2024
CUST15822,Charles,Brown,Female,1976-01-19,England,17/07/2023
CUST15823,Jessica,Williams,Female,2001-12-12,England,17/03/2022
CUST15824,Emily,Brown,Male,1991-02-26,England,03/02/2023
CUST15825,Elizabeth,Brown,Female,2001-06-20,England,14/10/2024
CUST15826,Michael,White,Female,1981-03-05,England,24/04/2022
CUST15827,Robert,Robinson,Male,1996-01-12,England,29/10/2024
CUST15828,Elizabeth,Wilson,Female,1986-05-23,England,22/02/2025
CUST15829,Harry,Smith,Male,1976-07-15,England,24/12/2024
CUST15830,Michael,Walker,Male,1981-09-03,England,19/04/2022
CUST15831,Patricia,Thompson,Female,1996-04-21,England,24/03/2024
CUST15832,Elizabeth,Johnson,Female,1991-06-13,England,11/03/2022
CUST15833,Joseph,Johnson,Male,1981-03-07,England,20/12/2023
CUST15834,Jennifer,Wright,Female,1986-09-23,England,16/04/2023
CUST15835,Jessica,Roberts,Male,2001-03-24,England,30/08/2021
CUST15836,Elizabeth,Walker,Male,1971-11-16,Wales,01/01/2024
CUST15837,Jessica,Wilson,Male,1986-03-20,England,24/08/2024
CUST15838,William,Walker,Female,1986-08-07,England,18/03/2024
CUST15839,Emily,Wilson,Female,1996-04-21,Northern Ireland,07/11/2022
CUST15840,Charles,Johnson,Female,1991-12-25,England,16/06/2024
CUST15841,Isla,Smith,Male,1991-04-07,England,07/08/2023
CUST15842,Jessica,Smith,Female,1996-12-26,England,11/03/2024
CUST15843,Barbara,White,Female,1986-11-03,Wales,11/09/2021
CUST15844,Robert,Taylor,Male,1986-06-13,Scotland,29/01/2022
CUST15845,Olivia,Thompson,Male,1966-06-02,England,07/04/2024
CUST15846,Olivia,Smith,Male,1961-05-13,England,16/09/2022
CUST15847,Robert,Walker,Female,1996-06-18,England,05/08/2021
CUST15848,Harry,Taylor,Female,2001-06-24,England,09/12/2022
CUST15849,Mary,Davies,Female,1976-02-05,Scotland,13/11/2023
CUST15850,Joseph,Johnson,Female,1956-04-24,England,02/03/2022
CUST15851,Michael,Evans,Male,1971-11-27,England,10/07/2023
CUST15852,Amelia,Thompson,Male,2006-12-02,England,27/06/2023
CUST15853,David,White,Female,1996-01-26,England,12/09/2022
CUST15854,Richard,Roberts,Male,2006-09-25,England,21/09/2023
CUST15855,David,Thompson,Male,1971-03-01,England,23/08/2024
CUST15856,John,Wright,Male,1981-08-02,England,12/12/2021
CUST15857,James,White,Male,1986-08-20,England,02/12/2021
CUST15858,Jennifer,Robinson,Female,1986-11-12,England,20/04/2022
CUST15859,Jennifer,Walker,Female,1996-09-08,England,23/03/2023
CUST15860,Robert,Evans,Female,1981-10-11,England,05/09/2023
CUST15861,Susan,Brown,Female,2006-10-10,England,03/04/2024
CUST15862,Charles,Thompson,Female,1981-08-27,Northern Ireland,06/05/2023
CUST15863,Charles,Johnson,Female,1976-05-07,England,16/10/2022
CUST15864,William,White,Female,1981-05-03,England,08/09/2021
CUST15865,Robert,Taylor,Male,1991-05-23,England,05/11/2023
CUST15866,Harry,Jones,Female,1971-05-23,England,11/08/2021
CUST15867,Charles,Davies,Female,1976-04-25,England,01/12/2024
CUST15868,Joseph,Evans,Female,2001-04-27,England,13/12/2023
CUST15869,Harry,Williams,Female,1996-07-02,England,21/01/2025
CUST15870,Isla,Walker,Male,1981-04-21,England,31/08/2023
CUST15871,Barbara,Roberts,Female,1996-05-08,Scotland,12/05/2022
CUST15872,Jack,Evans,Female,2001-09-12,England,17/12/2023
CUST15873,Linda,Williams,Male,2001-04-13,Wales,17/09/2023
CUST15874,Karen,Williams,Female,2001-02-27,England,30/06/2022
CUST15875,Joseph,Davies,Male,1986-01-15,England,01/10/2024
CUST15876,Jessica,Williams,Female,1981-10-07,Scotland,20/12/2021
CUST15877,Charles,Johnson,Female,2001-12-03,Scotland,23/03/2024
CUST15878,Robert,Johnson,Female,1976-09-16,England,03/11/2024
CUST15879,Jennifer,Jones,Female,1996-01-23,England,16/03/2024
CUST15880,Joseph,Taylor,Male,1991-07-20,England,12/11/2022
CUST15881,Elizabeth,Walker,Male,1996-04-26,England,26/12/2021
CUST15882,Thomas,Williams,Female,1976-04-02,Scotland,30/08/2023
CUST15883,Jessica,Brown,Male,1961-12-11,Northern Ireland,31/12/2024
CUST15884,Charles,Johnson,Female,1986-10-17,England,25/06/2022
CUST15885,Sarah,Robinson,Female,2006-09-24,England,17/06/2022
CUST15886,Noah,Wright,Male,1996-07-09,England,17/06/2022
CUST15887,Olivia,Smith,Male,2001-07-19,England,01/12/2024
CUST15888,Mary,Wright,Male,1971-11-06,England,12/01/2022
CUST15889,Richard,White,Female,2001-08-16,England,22/07/2023
CUST15890,Harry,Roberts,Male,1961-07-21,England,25/09/2024
CUST15891,John,Taylor,Male,1981-02-23,England,13/04/2024
CUST15892,Isla,Wright,Female,1986-12-13,England,02/04/2023
CUST15893,Elizabeth,Smith,Male,1971-10-13,England,05/08/2022
CUST15894,Isla,Robinson,Male,2006-05-24,England,01/12/2021
CUST15895,Emily,Walker,Male,1976-04-15,England,06/08/2024
CUST15896,Jennifer,Wright,Female,2001-12-10,England,08/12/2021
CUST15897,Mary,Thompson,Male,1971-12-08,England,08/12/2024
CUST15898,William,Thompson,Female,1986-06-20,England,21/07/2024
CUST15899,Olivia,Johnson,Female,2006-03-20,England,03/02/2024
CUST15900,Jack,Robinson,Male,1971-10-15,England,31/08/2023
CUST15901,Sarah,Robinson,Female,2006-08-05,Wales,09/06/2024
CUST15902,Joseph,Smith,Female,2001-11-05,Scotland,20/10/2022
CUST15903,Olivia,White,Female,1976-07-07,England,13/05/2024
CUST15904,Robert,Williams,Male,1986-07-01,England,12/02/2025
CUST15905,Harry,Johnson,Male,1966-02-13,England,13/05/2024
CUST15906,Olivia,Smith,Female,1981-08-12,England,12/09/2024
CUST15907,Richard,Wilson,Male,1981-05-11,England,16/08/2021
CUST15908,Oliver,Johnson,Female,1996-03-26,Wales,17/07/2023
CUST15909,Jessica,Walker,Female,2001-10-07,England,27/10/2021
CUST15910,Michael,Robinson,Male,1961-05-22,England,04/08/2022
CUST15911,George,Wright,Female,2001-03-06,England,12/12/2024
CUST15912,Michael,Wright,Male,1986-12-17,England,02/01/2023
CUST15913,Elizabeth,Taylor,Female,1996-12-24,England,04/02/2024
CUST15914,Amelia,Roberts,Male,1996-06-23,England,19/05/2023
CUST15915,Barbara,Thompson,Female,1981-04-16,England,04/09/2024
CUST15916,Michael,Walker,Female,1976-02-06,England,09/10/2024
CUST15917,Susan,Taylor,Male,1976-08-11,England,10/12/2024
CUST15918,Isla,Jones,Male,1971-08-12,England,26/05/2023
CUST15919,George,Johnson,Male,1996-08-23,Scotland,15/03/2024
CUST15920,Charles,Evans,Female,1986-10-11,England,06/02/2023
CUST15921,Richard,Evans,Female,2006-06-23,England,12/02/2023
CUST15922,Olivia,Jones,Male,1976-09-26,England,01/05/2022
CUST15923,Jennifer,Evans,Female,1991-08-03,England,09/06/2024
CUST15924,Patricia,Robinson,Female,1986-10-26,England,21/05/2023
CUST15925,Mary,Williams,Female,2001-09-16,England,25/01/2023
CUST15926,Olivia,Robinson,Female,1971-01-17,England,05/01/2022
CUST15927,Susan,Evans,Male,1971-08-09,England,14/02/2024
CUST15928,Robert,Walker,Male,1971-12-10,England,09/10/2022
CUST15929,Patricia,Wilson,Female,2006-07-15,England,12/12/2024
CUST15930,William,Robinson,Male,1956-07-06,England,29/01/2024
CUST15931,Elizabeth,Taylor,Female,1996-08-20,England,12/02/2024
CUST15932,Karen,Evans,Male,1991-07-19,England,24/06/2022
CUST15933,Charles,Taylor,Male,1996-05-01,England,02/12/2021
CUST15934,David,Evans,Female,1996-12-06,England,29/01/2024
CUST15935,Thomas,Brown,Male,1986-01-14,England,30/03/2022
CUST15936,Robert,Robinson,Male,1996-10-21,England,14/05/2024
CUST15937,Patricia,Johnson,Female,1991-02-08,England,09/07/2023
CUST15938,Jessica,Evans,Male,1981-03-24,England,03/11/2021
CUST15939,George,Johnson,Female,1971-08-15,Wales,02/12/2024
CUST15940,Sarah,Smith,Male,1976-08-15,England,14/07/2023
CUST15941,Susan,Davies,Female,1981-12-03,England,29/09/2021
CUST15942,Richard,Wright,Female,2001-04-17,England,29/01/2024
CUST15943,Robert,Robinson,Female,1971-01-23,England,23/08/2023
CUST15944,Jack,Evans,Male,2006-04-06,England,28/03/2022
CUST15945,Thomas,Robinson,Male,1996-07-15,England,27/09/2024
CUST15946,Harry,Johnson,Female,2006-05-01,England,14/11/2022
CUST15947,Isla,Evans,Male,1981-04-06,England,11/11/2024
CUST15948,Richard,Brown,Male,1991-11-02,England,19/05/2023
CUST15949,George,Taylor,Female,1981-07-21,England,13/06/2024
CUST15950,William,Jones,Female,1991-09-27,England,29/11/2024
CUST15951,Amelia,Evans,Male,1986-09-02,England,16/09/2021
CUST15952,David,Jones,Female,1986-05-19,England,18/10/2022
CUST15953,Harry,Taylor,Male,2006-09-17,England,05/11/2023
CUST15954,Mary,Taylor,Male,1986-12-19,England,30/04/2024
CUST15955,Barbara,Williams,Male,1981-09-14,England,08/05/2023
CUST15956,Elizabeth,Wilson,Female,1986-04-27,England,24/10/2023
CUST15957,Olivia,Taylor,Female,2006-10-02,England,25/06/2022
CUST15958,Emily,Davies,Female,1981-03-05,England,05/06/2022
CUST15959,Jennifer,Walker,Male,1991-01-07,Scotland,13/01/2024
CUST15960,Patricia,Taylor,Female,2006-06-22,England,25/11/2023
CUST15961,Oliver,Smith,Male,2001-07-03,England,27/12/2021
CUST15962,Michael,White,Male,1986-06-04,England,14/12/2022
CUST15963,Sarah,Walker,Female,1991-04-20,England,09/05/2024
CUST15964,Joseph,Evans,Male,1976-04-12,England,28/02/2024
CUST15965,Mary,Williams,Female,1996-12-20,England,14/01/2022
CUST15966,Thomas,Smith,Female,1976-04-10,England,22/11/2021
CUST15967,Patricia,Wilson,Female,1996-10-03,England,02/09/2022
CUST15968,John,Johnson,Female,1981-04-17,England,12/06/2022
CUST15969,George,Smith,Male,1976-02-03,England,03/02/2025
CUST15970,Sarah,Thompson,Male,1991-01-13,England,02/11/2024
CUST15971,Elizabeth,Brown,Female,2006-03-24,Scotland,11/03/2022
CUST15972,Noah,Walker,Male,1986-11-05,England,29/11/2022
CUST15973,William,Walker,Male,1956-06-06,England,06/09/2021
CUST15974,Joseph,Davies,Female,1961-09-26,England,05/03/2022
CUST15975,Sarah,Taylor,Male,1996-12-09,England,09/07/2023
CUST15976,Michael,Robinson,Male,1976-01-11,England,03/11/2021
CUST15977,Mary,Robinson,Female,1991-02-19,England,02/04/2023
CUST15978,James,Evans,Female,2001-12-04,Wales,09/02/2025
CUST15979,John,Wilson,Female,1981-07-02,England,06/06/2024
CUST15980,Linda,Walker,Male,1986-08-23,England,03/01/2022
CUST15981,Noah,Johnson,Female,1986-05-26,Scotland,06/08/2023
CUST15982,Barbara,Smith,Male,1971-10-27,England,18/10/2024
CUST15983,Charles,Robinson,Male,1991-08-01,England,22/06/2023
CUST15984,William,Walker,Male,1981-04-15,Scotland,12/07/2024
CUST15985,John,White,Male,1991-08-23,England,17/03/2024
CUST15986,Isla,Robinson,Male,2006-01-23,England,04/02/2025
CUST15987,Olivia,Walker,Female,1991-03-10,England,08/05/2023
CUST15988,George,Roberts,Male,1961-03-14,Scotland,03/05/2024
CUST15989,Emily,Taylor,Female,1986-10-05,England,28/03/2022
CUST15990,Jessica,Roberts,Male,2001-09-04,England,05/02/2025
CUST15991,George,Thompson,Male,1981-02-11,England,13/09/2024
CUST15992,Patricia,Evans,Male,1961-11-07,England,28/01/2023
CUST15993,Patricia,Robinson,Female,1966-10-27,England,06/04/2022
CUST15994,Charles,Johnson,Female,1981-06-03,England,30/05/2024
CUST15995,Emily,White,Female,1991-03-15,England,07/08/2023
CUST15996,James,Roberts,Male,1981-06-16,England,18/01/2022
CUST15997,Patricia,White,Female,1971-08-02,England,10/09/2021
CUST15998,Charles,Wright,Female,1971-08-12,England,24/03/2023
CUST15999,Charles,Roberts,Female,1971-05-26,England,03/11/2021
CUST16000,Olivia,Wilson,Female,1986-02-03,England,07/05/2023
CUST16001,Susan,Wilson,Male,2001-08-04,England,12/07/2022
CUST16002,Linda,White,Female,1986-09-05,England,29/05/2024
CUST16003,Thomas,Taylor,Female,2001-04-02,England,13/09/2023
CUST16004,Elizabeth,Jones,Male,2006-08-24,England,26/09/2023
CUST16005,Sarah,Robinson,Male,1986-07-02,England,10/10/2022
CUST16006,Jessica,White,Male,1981-07-08,Scotland,06/10/2023
CUST16007,Olivia,Brown,Male,1971-01-23,England,08/11/2023
CUST16008,Karen,Wilson,Female,1976-04-27,England,06/11/2024
CUST16009,Jennifer,Robinson,Female,1971-05-05,Wales,04/11/2024
CUST16010,Patricia,Roberts,Male,1976-11-10,Scotland,11/08/2022
CUST16011,Michael,Davies,Male,1976-10-05,England,09/11/2021
CUST16012,Patricia,Smith,Male,2006-11-06,England,29/03/2023
CUST16013,Charles,Wilson,Male,1981-06-26,England,18/07/2023
CUST16014,Susan,Davies,Male,2001-04-10,England,25/02/2023
CUST16015,Harry,Williams,Female,2006-06-17,England,01/03/2024
CUST16016,Jack,Jones,Male,2001-10-05,Scotland,08/02/2022
CUST16017,Amelia,Smith,Male,1971-08-08,England,21/10/2023
CUST16018,Karen,Taylor,Female,1976-08-10,Wales,10/04/2022
CUST16019,Jennifer,Taylor,Male,1961-06-16,England,10/01/2023
CUST16020,Harry,Roberts,Male,1961-09-25,England,30/04/2024
CUST16021,Barbara,Wright,Female,1966-11-07,England,30/04/2024
CUST16022,Harry,Smith,Male,2001-09-18,England,03/12/2023
CUST16023,Patricia,Taylor,Female,1971-05-14,England,23/09/2021
CUST16024,William,Johnson,Male,1971-11-22,England,17/10/2021
CUST16025,Harry,Wilson,Female,1971-12-10,England,03/09/2023
CUST16026,William,Davies,Male,2001-10-12,England,11/02/2022
CUST16027,Sarah,White,Female,2001-11-17,England,26/07/2024
CUST16028,Karen,Taylor,Female,1966-04-12,Scotland,08/09/2024
CUST16029,Jack,Davies,Female,2001-06-21,Wales,31/05/2023
CUST16030,Sarah,Davies,Female,1991-03-01,England,03/03/2023
CUST16031,Jessica,Wright,Male,1986-05-10,England,06/10/2024
CUST16032,Richard,Brown,Male,2001-09-05,England,06/11/2021
CUST16033,William,Smith,Male,2006-09-04,England,28/06/2023
CUST16034,Joseph,Williams,Male,1956-01-02,England,02/08/2024
CUST16035,Linda,White,Male,1971-10-10,England,10/09/2024
CUST16036,Patricia,Brown,Male,1966-03-06,England,10/08/2024
CUST16037,Isla,Taylor,Male,1996-03-21,England,10/02/2024
CUST16038,Emily,Roberts,Female,1996-07-14,England,14/12/2024
CUST16039,Richard,Robinson,Female,1991-03-22,England,23/09/2023
CUST16040,Jessica,Davies,Female,1986-12-24,England,05/08/2022
CUST16041,Oliver,Evans,Male,2006-02-22,England,08/10/2024
CUST16042,Richard,Johnson,Male,1976-02-12,England,07/05/2022
CUST16043,Linda,Wright,Female,1956-10-27,England,03/12/2022
CUST16044,Oliver,Taylor,Female,1986-04-11,England,08/02/2025
CUST16045,Patricia,Williams,Female,1991-09-23,England,03/09/2021
CUST16046,Elizabeth,Brown,Male,1991-09-05,England,24/07/2022
CUST16047,Elizabeth,Thompson,Male,2001-03-27,England,25/05/2022
CUST16048,John,Brown,Male,1996-07-09,England,30/01/2022
CUST16049,Jennifer,Roberts,Male,1986-07-17,Scotland,20/09/2022
CUST16050,Oliver,Jones,Female,1986-02-10,England,06/02/2025
CUST16051,Robert,Smith,Male,1986-10-07,England,18/05/2023
CUST16052,Harry,Smith,Female,1971-11-09,England,20/04/2022
CUST16053,Emily,Evans,Male,1996-12-17,Northern Ireland,02/08/2022
CUST16054,Jessica,Williams,Female,2006-02-04,Wales,25/11/2023
CUST16055,Isla,Taylor,Male,2006-03-06,Scotland,03/03/2022
CUST16056,Robert,Davies,Female,2001-10-25,England,06/11/2024
CUST16057,William,Walker,Female,1981-04-03,England,26/09/2021
CUST16058,Emily,Jones,Female,1971-08-20,England,24/05/2024
CUST16059,Charles,Jones,Female,1966-05-09,Scotland,18/01/2024
CUST16060,David,Robinson,Female,1981-03-09,England,16/01/2024
CUST16061,John,White,Male,1991-08-10,Scotland,12/06/2024
CUST16062,Jack,Wilson,Male,2001-03-11,England,09/10/2022
CUST16063,Robert,Jones,Female,1991-02-20,England,24/05/2023
CUST16064,Susan,Smith,Male,1991-07-22,England,14/10/2022
CUST16065,Olivia,Taylor,Male,1971-03-10,England,03/02/2023
CUST16066,John,Jones,Female,1986-03-05,England,18/02/2022
CUST16067,Jessica,Taylor,Female,1996-10-01,England,16/04/2024
CUST16068,Jennifer,Johnson,Male,1996-07-20,Northern Ireland,01/04/2024
CUST16069,Olivia,Johnson,Male,2001-07-25,England,26/12/2024
CUST16070,Emily,Evans,Female,1966-02-01,England,05/12/2021
CUST16071,William,Wilson,Female,2006-02-16,England,03/01/2024
CUST16072,Karen,Wright,Female,2006-05-06,Scotland,20/08/2022
CUST16073,William,Davies,Female,1996-05-06,England,19/03/2022
CUST16074,Emily,Wright,Male,1971-06-23,Scotland,25/12/2023
CUST16075,Patricia,Wilson,Male,1986-02-07,England,21/07/2024
CUST16076,Jessica,Wright,Male,1981-11-09,Wales,20/05/2024
CUST16077,Susan,Taylor,Male,1991-05-04,England,25/09/2023
CUST16078,James,Wilson,Female,2006-10-25,England,24/02/2024
CUST16079,Richard,Taylor,Male,1971-05-25,England,25/08/2023
CUST16080,Isla,Davies,Female,1996-06-25,England,18/02/2022
CUST16081,Elizabeth,Smith,Female,2006-02-07,England,03/02/2025
CUST16082,Isla,Brown,Female,1981-09-06,Wales,13/09/2023
CUST16083,Sarah,Roberts,Male,2001-01-26,England,08/04/2022
CUST16084,Olivia,Taylor,Male,2001-09-17,Scotland,13/05/2023
CUST16085,Oliver,Roberts,Male,1971-11-08,England,20/04/2022
CUST16086,Olivia,Wright,Female,1986-05-02,England,18/09/2022
CUST16087,Elizabeth,Williams,Female,1996-11-22,Northern Ireland,07/05/2024
CUST16088,Karen,Brown,Male,1991-09-22,England,12/08/2022
CUST16089,Amelia,Thompson,Male,1976-01-01,England,03/12/2023
CUST16090,Barbara,Wilson,Female,2006-03-13,Scotland,10/04/2022
CUST16091,Susan,Johnson,Male,2001-08-14,England,08/10/2023
CUST16092,Elizabeth,Roberts,Female,1981-09-13,England,23/07/2024
CUST16093,Charles,Taylor,Male,1981-02-10,England,24/11/2023
CUST16094,Karen,Thompson,Female,1961-09-09,Wales,01/10/2021
CUST16095,David,Walker,Female,1991-10-10,England,23/07/2024
CUST16096,Charles,Jones,Female,2006-02-25,Scotland,11/02/2022
CUST16097,Harry,Davies,Female,1986-11-27,England,12/11/2024
CUST16098,James,Thompson,Male,1981-07-04,England,05/11/2024
CUST16099,George,Thompson,Male,2001-08-20,England,13/09/2023
CUST16100,Emily,Taylor,Male,1986-01-16,England,08/12/2022
CUST16101,Harry,Williams,Female,1996-08-07,England,06/11/2024
CUST16102,Isla,Wilson,Female,1971-06-06,England,26/08/2024
CUST16103,Barbara,Robinson,Male,1971-05-21,England,12/03/2022
CUST16104,Michael,Taylor,Male,1991-10-10,England,23/10/2021
CUST16105,Thomas,Taylor,Female,1961-03-04,Northern Ireland,22/02/2024
CUST16106,Amelia,Wright,Male,1961-01-27,Wales,24/01/2023
CUST16107,Thomas,Davies,Female,2001-06-26,England,04/12/2022
CUST16108,Susan,Smith,Male,1991-09-12,Northern Ireland,13/09/2024
CUST16109,Harry,Davies,Female,1981-02-12,England,05/12/2023
CUST16110,Karen,White,Female,2001-12-12,England,04/05/2023
CUST16111,Emily,Davies,Female,1991-09-06,England,24/02/2025
CUST16112,Elizabeth,Thompson,Female,1996-12-03,England,26/03/2022
CUST16113,Jessica,Jones,Female,1961-06-08,England,28/07/2023
CUST16114,Charles,Thompson,Female,1991-02-11,England,28/09/2021
CUST16115,Oliver,Robinson,Male,1976-03-05,Scotland,04/01/2023
CUST16116,Amelia,Roberts,Female,1991-07-01,England,03/01/2023
CUST16117,Amelia,Wilson,Female,2001-08-26,England,17/01/2025
CUST16118,Richard,Smith,Female,1971-09-24,England,25/01/2022
CUST16119,Oliver,Roberts,Male,2006-10-09,England,11/10/2021
CUST16120,Amelia,Roberts,Male,2006-10-17,England,15/05/2023
CUST16121,David,Smith,Male,1991-08-04,England,30/08/2021
CUST16122,Emily,White,Female,1981-01-26,England,01/07/2022
CUST16123,Elizabeth,Walker,Female,1991-07-22,England,19/05/2022
CUST16124,Jennifer,Smith,Female,2006-10-05,England,13/05/2023
CUST16125,Charles,Robinson,Female,1991-11-06,England,28/08/2022
CUST16126,Oliver,Williams,Male,1996-11-09,England,10/02/2024
CUST16127,Richard,Jones,Female,2006-01-03,England,02/07/2022
CUST16128,Michael,Roberts,Male,1986-06-10,England,03/08/2022
CUST16129,Michael,Johnson,Female,2001-08-19,England,11/06/2024
CUST16130,John,Robinson,Male,1996-03-20,England,21/02/2025
CUST16131,Karen,Jones,Female,1981-05-01,England,19/08/2023
CUST16132,Richard,Evans,Male,1976-02-10,England,28/06/2024
CUST16133,Richard,White,Female,1996-03-23,England,11/07/2024
CUST16134,Patricia,Taylor,Female,1991-01-24,England,16/09/2023
CUST16135,Olivia,Wilson,Male,1996-12-16,England,05/07/2024
CUST16136,Robert,Robinson,Female,1961-11-20,England,10/12/2022
CUST16137,Robert,Taylor,Male,1996-05-07,England,27/12/2023
CUST16138,Patricia,Thompson,Female,1996-01-24,England,07/06/2022
CUST16139,Thomas,Taylor,Male,1986-05-13,England,15/04/2023
CUST16140,Robert,Davies,Male,1996-06-19,England,24/05/2023
CUST16141,Oliver,Brown,Female,2001-03-08,England,09/01/2025
CUST16142,William,White,Female,2001-08-05,England,04/09/2022
CUST16143,Harry,Walker,Male,1981-12-15,England,24/02/2022
CUST16144,Linda,Walker,Female,1981-11-15,England,08/07/2024
CUST16145,Susan,Thompson,Female,1981-11-16,England,22/09/2024
CUST16146,Michael,Thompson,Female,1976-10-22,England,25/01/2023
CUST16147,Amelia,Thompson,Male,1991-01-21,England,30/05/2022
CUST16148,Jack,Thompson,Female,1966-07-09,England,11/07/2022
CUST16149,David,Thompson,Male,1976-07-13,England,12/12/2022
CUST16150,Amelia,Jones,Male,1971-02-03,England,07/11/2021
CUST16151,Thomas,Wilson,Female,1976-02-22,England,19/08/2021
CUST16152,Barbara,Roberts,Male,1991-07-04,England,12/01/2023
CUST16153,Amelia,Wilson,Female,1996-09-02,England,18/06/2024
CUST16154,Amelia,Brown,Male,1991-03-15,England,14/03/2024
CUST16155,James,Davies,Male,2001-06-25,England,03/05/2024
CUST16156,William,Brown,Female,1986-01-11,England,18/09/2021
CUST16157,Jennifer,Jones,Male,2006-02-06,England,12/05/2023
CUST16158,Karen,Wilson,Male,2006-07-05,England,05/06/2024
CUST16159,Jessica,Robinson,Female,1966-07-23,England,28/11/2024
CUST16160,Olivia,Wright,Male,1981-10-18,England,17/06/2024
CUST16161,Michael,Brown,Male,1986-11-14,England,09/02/2025
CUST16162,Susan,Davies,Female,1991-03-26,England,22/04/2022
CUST16163,William,Robinson,Male,1981-05-03,England,12/08/2023
CUST16164,Jennifer,Davies,Male,1966-11-17,England,21/03/2022
CUST16165,Emily,Johnson,Female,1981-01-10,England,26/12/2023
CUST16166,Thomas,Evans,Female,1981-10-07,Wales,27/12/2023
CUST16167,Joseph,Roberts,Male,1986-12-25,England,28/06/2024
CUST16168,Emily,Walker,Female,1991-02-26,England,20/04/2022
CUST16169,Linda,Roberts,Male,1976-02-23,England,07/01/2025
CUST16170,Isla,White,Female,1956-09-05,Wales,02/07/2024
CUST16171,Emily,Brown,Male,1991-06-20,England,07/12/2024
CUST16172,Jessica,Robinson,Female,1991-12-10,England,04/07/2024
CUST16173,Noah,Wilson,Female,1991-07-11,England,01/03/2024
CUST16174,Noah,Evans,Male,1991-08-06,England,08/01/2024
CUST16175,Olivia,Walker,Male,1956-03-16,England,09/06/2023
CUST16176,Charles,Davies,Female,1976-04-24,Northern Ireland,17/02/2024
CUST16177,John,Evans,Female,1991-03-07,England,02/11/2022
CUST16178,Oliver,Evans,Female,1991-02-15,England,02/01/2022
CUST16179,Noah,Robinson,Female,1986-02-18,England,29/03/2023
CUST16180,James,Robinson,Male,2006-11-18,England,13/01/2024
CUST16181,Amelia,Evans,Male,1986-01-08,Scotland,08/02/2025
CUST16182,Robert,Taylor,Female,1971-07-01,England,10/05/2022
CUST16183,John,Johnson,Male,1981-07-23,England,01/04/2024
CUST16184,William,Davies,Female,1996-01-17,England,06/08/2024
CUST16185,Jack,Wilson,Male,1976-11-20,England,29/05/2024
CUST16186,Olivia,Roberts,Female,1976-07-15,England,20/04/2023
CUST16187,Olivia,Johnson,Female,1996-02-11,England,30/01/2022
CUST16188,Thomas,Roberts,Male,1981-02-07,England,14/02/2024
CUST16189,Harry,Robinson,Male,1981-09-18,England,11/01/2023
CUST16190,David,Williams,Male,1971-08-23,England,03/04/2022
CUST16191,Jennifer,Johnson,Female,2001-05-09,Northern Ireland,16/08/2024
CUST16192,Richard,Robinson,Male,1996-05-01,England,11/01/2023
CUST16193,Karen,Taylor,Male,1986-01-05,Northern Ireland,08/05/2024
CUST16194,Jennifer,Wright,Female,2006-01-16,Scotland,31/07/2024
CUST16195,Patricia,Wright,Female,1991-07-07,England,27/04/2023
CUST16196,Oliver,Brown,Male,1976-05-22,England,10/10/2021
CUST16197,Susan,Evans,Male,2001-04-08,England,06/06/2022
CUST16198,Emily,Evans,Male,1986-05-14,England,06/07/2024
CUST16199,James,Smith,Female,1956-08-07,England,16/09/2023
CUST16200,Linda,Davies,Female,1986-04-13,England,01/05/2024
CUST16201,George,Johnson,Male,1986-05-19,England,04/12/2023
CUST16202,Elizabeth,Taylor,Female,1986-04-22,England,03/01/2025
CUST16203,Olivia,Johnson,Female,1996-08-20,England,04/08/2024
CUST16204,David,Johnson,Female,2001-01-14,Wales,18/03/2023
CUST16205,Robert,Wright,Female,1981-12-13,England,15/11/2024
CUST16206,Noah,White,Female,1991-07-09,England,09/10/2023
CUST16207,Noah,Williams,Male,1996-03-27,England,03/05/2024
CUST16208,James,White,Male,2006-10-20,England,21/01/2023
CUST16209,Patricia,Wright,Female,1971-12-25,England,27/06/2022
CUST16210,George,Evans,Male,2006-01-20,England,19/08/2022
CUST16211,Olivia,Johnson,Male,1976-03-03,England,21/06/2024
CUST16212,Jennifer,Williams,Female,1991-02-08,England,13/09/2023
CUST16213,James,Evans,Male,1981-01-13,Scotland,20/07/2023
CUST16214,Sarah,Robinson,Male,1996-09-09,England,08/08/2023
CUST16215,Susan,Johnson,Female,2001-03-25,England,10/02/2022
CUST16216,Charles,Robinson,Male,1986-05-14,Northern Ireland,12/03/2022
CUST16217,Michael,Williams,Male,1976-10-06,England,21/12/2022
CUST16218,Oliver,Roberts,Male,1996-08-17,England,01/09/2024
CUST16219,Olivia,Walker,Male,1986-09-11,England,06/03/2023
CUST16220,David,Johnson,Female,1986-02-04,England,14/10/2024
CUST16221,Thomas,Williams,Male,1996-12-26,England,10/11/2021
CUST16222,Barbara,Robinson,Male,1986-01-26,England,11/06/2022
CUST16223,Barbara,Williams,Female,2001-09-21,England,05/01/2024
CUST16224,Patricia,Evans,Male,1986-08-09,England,27/01/2023
CUST16225,Linda,Wilson,Male,2001-05-23,England,09/08/2022
CUST16226,Emily,Jones,Male,1986-11-08,Northern Ireland,25/01/2024
CUST16227,Patricia,Thompson,Female,1991-11-24,England,02/10/2021
CUST16228,Karen,Williams,Male,1986-01-24,England,30/04/2022
CUST16229,David,Davies,Female,1986-12-05,England,10/04/2023
CUST16230,Charles,Thompson,Female,1966-03-09,England,12/09/2022
CUST16231,Isla,Wright,Female,1986-10-19,England,25/11/2024
CUST16232,Charles,Johnson,Male,1971-10-07,England,14/08/2023
CUST16233,Richard,Roberts,Female,1996-07-22,England,15/11/2023
CUST16234,Joseph,Brown,Male,1991-11-19,England,12/10/2024
CUST16235,William,Robinson,Female,2006-10-07,England,07/01/2022
CUST16236,Mary,Robinson,Male,1991-07-21,England,13/03/2024
CUST16237,Richard,Walker,Female,1981-03-02,England,23/04/2022
CUST16238,Olivia,Smith,Female,1971-06-11,England,12/04/2023
CUST16239,Richard,Davies,Female,1986-11-05,Wales,12/12/2023
CUST16240,Linda,Davies,Female,1981-03-01,England,06/02/2023
CUST16241,Sarah,Brown,Female,2001-12-21,England,17/04/2023
CUST16242,Noah,Williams,Male,2006-03-05,England,26/12/2024
CUST16243,Thomas,Wright,Female,1976-08-19,England,04/06/2023
CUST16244,Amelia,White,Male,2001-08-03,England,18/11/2024
CUST16245,Linda,Williams,Male,2001-03-25,England,24/08/2024
CUST16246,Noah,Williams,Male,1966-06-27,England,01/06/2022
CUST16247,William,Jones,Female,1961-02-09,England,25/11/2022
CUST16248,Isla,Wilson,Female,1981-05-14,England,13/02/2024
CUST16249,Olivia,Smith,Female,1991-12-17,England,20/12/2021
CUST16250,Olivia,Robinson,Female,1971-01-16,England,13/05/2022
CUST16251,Patricia,Taylor,Female,1996-11-01,Northern Ireland,10/02/2023
CUST16252,Mary,Brown,Female,1991-09-27,England,29/10/2023
CUST16253,Linda,Wright,Male,1991-09-26,Northern Ireland,10/01/2025
CUST16254,William,Evans,Male,1966-04-14,England,12/06/2024
CUST16255,John,Davies,Male,1966-12-15,England,04/09/2023
CUST16256,Jessica,Taylor,Female,1981-04-05,Wales,16/10/2024
CUST16257,Sarah,Wright,Male,2001-07-21,England,05/02/2023
CUST16258,George,Johnson,Male,1986-01-14,England,28/07/2022
CUST16259,Karen,Thompson,Male,1996-11-08,England,11/04/2022
CUST16260,Isla,Taylor,Female,1966-09-09,England,09/01/2025
CUST16261,Olivia,Johnson,Female,2001-02-03,England,06/09/2023
CUST16262,Elizabeth,Wilson,Male,2006-08-22,England,01/02/2025
CUST16263,Mary,Jones,Male,1976-03-02,England,28/02/2022
CUST16264,Sarah,Davies,Female,1986-06-16,England,18/05/2022
CUST16265,Joseph,Williams,Male,1971-07-22,Northern Ireland,09/07/2022
CUST16266,Linda,Williams,Female,2006-12-02,Northern Ireland,10/02/2025
CUST16267,Jennifer,Robinson,Male,1971-04-05,Scotland,07/11/2021
CUST16268,David,Thompson,Male,2006-01-21,England,06/07/2023
CUST16269,Richard,Smith,Female,2006-06-23,Scotland,25/04/2022
CUST16270,Patricia,Johnson,Male,1986-12-03,England,21/04/2024
CUST16271,Mary,Evans,Female,1996-10-08,England,02/03/2023
CUST16272,Emily,Jones,Female,1981-01-17,England,14/09/2023
CUST16273,Noah,Wilson,Male,2006-01-15,England,29/06/2024
CUST16274,Noah,Robinson,Male,2006-10-14,Scotland,19/02/2024
CUST16275,Olivia,Wright,Male,1976-09-08,England,05/04/2023
CUST16276,Olivia,Jones,Male,1996-07-15,England,06/10/2021
CUST16277,Barbara,Wilson,Male,1981-02-02,England,28/09/2024
CUST16278,Olivia,White,Female,1976-04-24,England,07/05/2023
CUST16279,John,Johnson,Female,2006-11-15,England,19/10/2022
CUST16280,Susan,Johnson,Male,1976-02-11,England,22/01/2022
CUST16281,Sarah,Johnson,Female,1996-03-10,England,28/02/2024
CUST16282,Michael,Walker,Female,1991-06-10,Northern Ireland,27/02/2022
CUST16283,Emily,Wilson,Male,2001-09-12,England,21/03/2024
CUST16284,John,Brown,Female,1971-10-06,England,15/07/2024
CUST16285,David,Walker,Male,1986-08-17,England,16/11/2021
CUST16286,Olivia,Smith,Female,1986-06-05,England,25/11/2023
CUST16287,Elizabeth,Walker,Female,1961-05-09,Wales,07/09/2024
CUST16288,Harry,White,Female,1991-01-24,England,12/03/2022
CUST16289,Thomas,Thompson,Male,1966-04-16,England,12/12/2021
CUST16290,David,Smith,Female,1976-03-25,Wales,08/09/2024
CUST16291,Jessica,Wilson,Female,1966-01-18,England,13/07/2023
CUST16292,Linda,Robinson,Male,1966-09-22,England,04/11/2021
CUST16293,Charles,Williams,Male,1956-05-03,England,13/01/2022
CUST16294,Noah,Roberts,Female,2001-07-14,Wales,09/07/2022
CUST16295,Noah,Davies,Male,1976-03-10,England,28/06/2024
CUST16296,William,Evans,Female,1971-08-01,England,02/10/2022
CUST16297,John,Taylor,Male,1981-02-03,Wales,11/01/2025
CUST16298,Noah,Taylor,Female,1996-09-06,England,02/08/2024
CUST16299,James,Wright,Female,1961-09-01,England,12/01/2022
CUST16300,Robert,Evans,Male,1996-04-12,England,16/02/2025
CUST16301,William,Evans,Female,1986-03-02,England,03/11/2022
CUST16302,Richard,Evans,Male,1986-10-23,England,19/07/2023
CUST16303,Susan,Wright,Female,2001-03-16,England,22/08/2021
CUST16304,Jennifer,Johnson,Female,1976-03-27,England,24/05/2023
CUST16305,Thomas,Brown,Male,2001-05-03,England,23/10/2024
CUST16306,Patricia,Robinson,Male,1976-12-03,Wales,22/05/2024
CUST16307,Mary,Wilson,Male,1971-06-24,Wales,19/09/2024
CUST16308,Jessica,Smith,Female,1991-04-11,England,21/09/2024
CUST16309,Thomas,Evans,Male,1976-07-21,England,17/07/2022
CUST16310,Jennifer,Roberts,Male,2001-05-06,England,09/01/2025
CUST16311,Olivia,White,Female,1971-08-01,England,28/10/2021
CUST16312,Sarah,Thompson,Male,1961-06-14,Scotland,18/11/2024
CUST16313,Olivia,Walker,Male,2001-08-16,England,26/10/2024
CUST16314,Jennifer,Walker,Male,1976-06-04,England,11/02/2022
CUST16315,William,Jones,Male,1986-06-01,Scotland,31/07/2022
CUST16316,Karen,Robinson,Female,1986-06-06,England,05/07/2023
CUST16317,Linda,Brown,Male,1976-05-03,England,13/02/2024
CUST16318,Emily,Davies,Male,1986-12-27,England,18/03/2024
CUST16319,Charles,Wright,Male,1981-04-27,Northern Ireland,10/01/2025
CUST16320,William,Williams,Female,1996-10-01,England,23/03/2023
CUST16321,Charles,Jones,Female,1991-09-13,England,27/10/2022
CUST16322,Robert,Thompson,Female,1971-07-11,England,10/05/2023
CUST16323,Barbara,White,Male,2001-04-01,England,16/10/2022
CUST16324,Mary,White,Female,1981-06-18,Scotland,27/08/2021
CUST16325,Thomas,Wilson,Female,1996-11-23,England,26/09/2021
CUST16326,Linda,Thompson,Female,1971-03-17,England,16/05/2024
CUST16327,Jessica,Taylor,Male,1981-08-25,England,04/08/2022
CUST16328,Jessica,Walker,Female,1991-10-18,England,09/10/2023
CUST16329,Jennifer,Walker,Female,1996-08-15,England,23/09/2021
CUST16330,Olivia,Brown,Female,1986-02-26,England,29/12/2021
CUST16331,Oliver,Evans,Male,1961-07-20,England,19/09/2022
CUST16332,Susan,Evans,Male,1986-03-21,England,25/10/2022
CUST16333,Michael,Walker,Female,1986-12-22,England,12/06/2022
CUST16334,Barbara,Smith,Male,1976-05-01,England,11/10/2023
CUST16335,Olivia,Smith,Female,1991-06-20,Wales,16/01/2024
CUST16336,Oliver,Robinson,Female,1991-11-21,Wales,18/07/2022
CUST16337,Olivia,Williams,Female,1991-06-14,England,24/11/2024
CUST16338,Susan,Jones,Female,2001-03-16,England,10/02/2022
CUST16339,Olivia,Taylor,Male,1976-11-23,England,21/02/2025
CUST16340,Isla,Roberts,Female,1971-08-04,England,01/09/2022
CUST16341,Oliver,Evans,Male,1966-08-15,England,20/07/2023
CUST16342,Jennifer,Brown,Female,1966-01-21,England,14/11/2022
CUST16343,Jessica,Thompson,Male,1986-06-08,England,24/12/2024
CUST16344,Barbara,Roberts,Female,1996-06-08,England,01/10/2022
CUST16345,Amelia,Walker,Female,1981-04-01,England,26/08/2023
CUST16346,Thomas,White,Female,1961-07-09,England,27/02/2022
CUST16347,Olivia,Williams,Female,1976-03-10,England,15/02/2024
CUST16348,John,Thompson,Male,1986-06-26,England,10/09/2021
CUST16349,Emily,Roberts,Male,1981-10-03,England,26/01/2025
CUST16350,Emily,Johnson,Female,1976-09-18,England,01/11/2022
CUST16351,Emily,Thompson,Male,1966-04-02,England,24/01/2022
CUST16352,Harry,Thompson,Male,1976-03-22,England,31/08/2021
CUST16353,Susan,Davies,Male,1986-01-13,England,18/10/2021
CUST16354,Linda,Taylor,Female,1996-05-12,England,10/06/2024
CUST16355,Elizabeth,Smith,Male,1986-01-26,England,28/08/2023
CUST16356,Mary,Roberts,Female,1991-02-21,England,15/09/2024
CUST16357,Jennifer,Walker,Male,1961-12-03,England,25/06/2023
CUST16358,Robert,Robinson,Male,1986-11-08,England,20/05/2023
CUST16359,David,Roberts,Male,1986-07-08,England,05/12/2023
CUST16360,Noah,Wright,Female,1991-10-17,England,18/01/2025
CUST16361,Jack,Smith,Female,1981-06-23,England,14/08/2023
CUST16362,Oliver,Wilson,Male,1986-08-18,Scotland,03/11/2021
CUST16363,Patricia,Jones,Female,2001-12-11,England,25/02/2024
CUST16364,George,Wright,Male,1971-01-21,England,15/04/2022
CUST16365,George,Evans,Male,1991-05-21,England,23/12/2022
CUST16366,Linda,White,Female,1986-02-03,England,09/05/2023
CUST16367,Olivia,Wright,Female,1996-10-15,Northern Ireland,21/10/2023
CUST16368,Jennifer,Taylor,Male,1986-10-20,England,18/09/2022
CUST16369,Jennifer,Davies,Male,1976-09-17,England,13/08/2022
CUST16370,Barbara,Wilson,Male,1966-08-07,England,20/03/2024
CUST16371,Susan,Wilson,Male,2006-06-05,England,12/10/2024
CUST16372,Jennifer,Davies,Male,1961-01-08,Scotland,31/12/2022
CUST16373,Jessica,Smith,Male,1976-10-10,England,24/06/2024
CUST16374,Harry,Davies,Female,1996-11-25,England,05/10/2023
CUST16375,David,Walker,Male,1996-12-17,Northern Ireland,17/03/2023
CUST16376,George,Walker,Female,1996-05-23,England,25/08/2021
CUST16377,Olivia,Robinson,Female,1971-03-01,England,04/11/2024
CUST16378,Michael,White,Male,1996-08-22,England,07/08/2021
CUST16379,Isla,White,Female,1986-01-06,England,24/06/2023
CUST16380,Elizabeth,Taylor,Male,1976-01-16,England,21/09/2024
CUST16381,Isla,Johnson,Female,1971-10-11,England,14/08/2021
CUST16382,James,Williams,Male,1981-12-24,England,23/12/2021
CUST16383,Amelia,Taylor,Female,1976-05-19,England,08/07/2024
CUST16384,Michael,Wright,Female,2001-07-13,England,04/02/2024
CUST16385,Olivia,Walker,Female,1971-07-14,England,11/02/2025
CUST16386,Barbara,Walker,Female,1996-02-20,England,07/06/2023
CUST16387,Oliver,Thompson,Male,2001-03-20,England,13/02/2023
CUST16388,Susan,Evans,Female,1961-04-16,England,14/11/2021
CUST16389,Joseph,Wilson,Female,1996-11-20,England,02/10/2022
CUST16390,Susan,Davies,Male,2001-06-22,England,20/02/2024
CUST16391,Jessica,Wilson,Male,1981-09-01,England,26/11/2021
CUST16392,Barbara,Wilson,Female,1991-03-10,England,09/12/2021
CUST16393,Joseph,Roberts,Male,2001-12-25,England,09/02/2024
CUST16394,Harry,Wright,Female,1981-11-09,Scotland,02/02/2023
CUST16395,David,Wright,Female,1976-06-23,England,04/06/2024
CUST16396,Charles,Robinson,Male,1976-03-15,England,28/11/2024
CUST16397,Karen,Walker,Male,2001-12-08,England,06/02/2024
CUST16398,James,Williams,Male,1986-10-10,Northern Ireland,01/12/2023
CUST16399,Patricia,Johnson,Male,1971-07-14,England,24/11/2021
CUST16400,John,Taylor,Female,2001-04-04,England,18/11/2022
CUST16401,Thomas,Wright,Male,1996-08-09,England,11/05/2023
CUST16402,Charles,Taylor,Male,2006-05-19,England,06/02/2022
CUST16403,Jack,White,Female,1986-09-25,England,08/09/2022
CUST16404,Emily,Evans,Male,1996-10-26,England,02/01/2025
CUST16405,John,Smith,Male,1976-06-11,England,01/10/2024
CUST16406,William,Davies,Male,1961-01-22,England,03/06/2022
CUST16407,John,Johnson,Male,1996-07-11,England,28/06/2024
CUST16408,Olivia,Jones,Male,1981-11-22,England,25/12/2023
CUST16409,James,Davies,Male,1996-03-25,Wales,06/08/2024
CUST16410,Robert,Wilson,Male,2006-12-13,England,01/10/2024
CUST16411,Amelia,Davies,Female,1976-05-17,England,16/10/2024
CUST16412,Isla,Wright,Male,1986-09-24,Northern Ireland,15/04/2024
CUST16413,David,Wilson,Female,1961-09-04,England,14/09/2021
CUST16414,Oliver,White,Male,1986-03-07,England,08/02/2023
CUST16415,Linda,Johnson,Female,2001-01-17,England,20/08/2023
CUST16416,Karen,Robinson,Male,1986-12-05,Scotland,20/08/2024
CUST16417,Barbara,Evans,Female,1996-09-22,England,05/09/2021
CUST16418,Thomas,Jones,Male,1971-08-08,England,18/12/2022
CUST16419,Harry,Wilson,Male,1976-04-10,England,17/09/2024
CUST16420,Linda,Wilson,Female,1991-02-22,England,14/02/2025
CUST16421,Charles,White,Male,1986-04-15,England,27/12/2021
CUST16422,Emily,Davies,Female,1981-07-22,England,17/12/2022
CUST16423,Emily,Brown,Male,1976-09-17,England,15/10/2021
CUST16424,Thomas,Taylor,Female,2001-04-14,England,06/04/2023
CUST16425,Sarah,Smith,Female,2006-03-14,England,27/01/2023
CUST16426,Emily,Davies,Male,2001-03-22,Wales,04/08/2023
CUST16427,Robert,Taylor,Female,1991-12-27,England,31/03/2024
CUST16428,Susan,Davies,Female,1986-08-01,England,20/09/2023
CUST16429,Charles,Wilson,Male,2001-12-14,England,27/10/2022
CUST16430,Olivia,Roberts,Male,1991-01-22,England,03/09/2022
CUST16431,Sarah,Taylor,Male,1986-06-18,England,21/12/2024
CUST16432,Elizabeth,Williams,Male,2001-06-14,England,28/10/2024
CUST16433,Olivia,Robinson,Male,1966-05-22,England,06/08/2024
CUST16434,Joseph,Wilson,Female,1981-05-13,England,16/04/2023
CUST16435,Patricia,Taylor,Female,1991-01-04,England,08/02/2022
CUST16436,Oliver,Davies,Male,1986-01-08,England,15/07/2023
CUST16437,Olivia,Brown,Male,1991-10-02,England,14/05/2023
CUST16438,Olivia,Robinson,Male,1971-06-19,England,29/12/2023
CUST16439,Olivia,Smith,Female,1981-02-27,England,07/02/2025
CUST16440,Oliver,White,Female,1986-05-11,Northern Ireland,01/07/2024
CUST16441,Robert,Wilson,Male,1966-12-20,England,19/08/2023
CUST16442,Linda,Wilson,Male,1971-06-27,England,02/11/2022
CUST16443,Joseph,Wilson,Male,1971-12-11,Scotland,30/11/2023
CUST16444,Elizabeth,Smith,Male,1996-02-24,England,24/03/2022
CUST16445,Harry,Taylor,Male,2001-02-01,England,06/02/2023
CUST16446,Elizabeth,Smith,Male,1976-07-19,England,22/07/2023
CUST16447,Joseph,Taylor,Male,1986-09-05,England,22/05/2023
CUST16448,George,Smith,Female,1981-12-22,England,10/01/2024
CUST16449,Michael,Smith,Male,1976-06-01,England,24/03/2023
CUST16450,Emily,Wilson,Male,1996-03-23,England,24/04/2023
CUST16451,Sarah,Jones,Male,1996-07-11,Scotland,29/03/2022
CUST16452,Harry,Wright,Female,1986-04-07,Scotland,13/12/2021
CUST16453,George,Williams,Female,1996-03-15,Scotland,21/07/2024
CUST16454,Oliver,Brown,Female,1981-02-27,England,12/06/2024
CUST16455,Michael,Roberts,Male,1976-09-05,England,18/08/2021
CUST16456,John,Johnson,Male,1986-08-09,England,26/08/2024
CUST16457,James,Davies,Male,1976-02-18,England,25/03/2022
CUST16458,Robert,Davies,Female,1986-07-03,England,11/10/2021
CUST16459,John,Johnson,Female,1976-11-26,England,28/04/2024
CUST16460,Noah,Thompson,Male,1996-10-15,England,31/08/2021
CUST16461,John,Williams,Female,1976-06-27,England,10/05/2024
CUST16462,Karen,Wilson,Female,1976-01-12,England,30/09/2021
CUST16463,Michael,Jones,Female,1996-08-23,England,11/11/2023
CUST16464,Isla,Wilson,Male,1986-07-09,England,16/07/2024
CUST16465,Isla,Thompson,Male,1971-12-12,England,17/04/2022
CUST16466,James,Johnson,Male,1996-07-10,England,18/07/2024
CUST16467,Noah,Smith,Male,1976-09-15,England,05/04/2024
CUST16468,Michael,Davies,Male,1961-07-07,Wales,24/06/2023
CUST16469,Charles,Walker,Male,1971-07-14,England,05/06/2024
CUST16470,Jennifer,Taylor,Male,1991-04-23,England,30/08/2023
CUST16471,Michael,Williams,Female,1981-05-05,Northern Ireland,04/08/2022
CUST16472,Olivia,Wright,Female,1956-04-22,England,28/08/2023
CUST16473,Richard,Wilson,Male,1986-06-24,England,15/06/2024
CUST16474,Jack,White,Female,2001-12-01,England,12/11/2022
CUST16475,Harry,Walker,Male,2006-05-19,England,20/01/2023
CUST16476,Olivia,White,Male,1976-06-14,England,31/07/2024
CUST16477,Oliver,White,Male,1991-12-18,England,19/11/2024
CUST16478,Robert,Smith,Female,1996-02-08,Scotland,25/07/2022
CUST16479,Sarah,Wright,Female,1991-04-06,England,28/11/2021
CUST16480,Olivia,Wilson,Female,1976-06-08,Scotland,20/11/2023
CUST16481,Elizabeth,Walker,Male,1986-05-05,England,28/04/2024
CUST16482,Olivia,White,Male,1971-05-11,England,13/10/2024
CUST16483,Elizabeth,Wright,Male,1976-10-24,England,31/08/2022
CUST16484,Patricia,Evans,Female,1961-06-22,England,31/03/2023
CUST16485,George,Jones,Male,1966-05-05,England,25/10/2022
CUST16486,Noah,Robinson,Male,1996-06-16,Wales,02/03/2022
CUST16487,Noah,Thompson,Male,1981-11-02,Wales,07/05/2022
CUST16488,David,Thompson,Male,2006-12-02,England,13/09/2023
CUST16489,Barbara,Wilson,Male,1956-03-17,England,15/08/2021
CUST16490,James,Wilson,Male,1996-01-09,England,08/12/2024
CUST16491,James,Wright,Female,1981-01-20,England,13/11/2023
CUST16492,Karen,Jones,Male,1971-06-05,England,25/08/2021
CUST16493,William,Brown,Female,2001-08-04,England,03/10/2022
CUST16494,David,Walker,Female,1971-01-20,England,27/10/2021
CUST16495,John,Wright,Female,2006-07-06,England,01/08/2024
CUST16496,Harry,Taylor,Female,1986-05-02,England,08/08/2024
CUST16497,Robert,Wilson,Female,1986-12-22,Wales,22/11/2022
CUST16498,John,Walker,Female,1991-08-20,England,31/01/2022
CUST16499,Robert,Johnson,Male,1981-06-26,England,06/04/2022
CUST16500,Elizabeth,Evans,Female,1966-08-17,Scotland,17/03/2022
CUST16501,David,Smith,Male,1991-02-13,England,27/12/2022
CUST16502,Isla,Taylor,Female,1981-06-19,England,09/08/2023
CUST16503,Charles,Wright,Male,1971-04-22,England,05/08/2023
CUST16504,Richard,Brown,Female,1976-03-17,England,18/11/2022
CUST16505,John,Wilson,Male,2006-05-09,England,09/03/2024
CUST16506,James,Taylor,Female,1961-08-25,England,23/07/2023
CUST16507,Amelia,Jones,Male,2006-07-19,England,16/11/2021
CUST16508,Charles,Roberts,Female,1981-12-24,Wales,15/08/2024
CUST16509,Jack,Johnson,Male,1981-04-16,Northern Ireland,05/05/2024
CUST16510,Thomas,Wright,Male,1976-09-13,England,14/06/2024
CUST16511,Richard,Thompson,Female,2001-07-23,England,08/08/2023
CUST16512,Olivia,Robinson,Male,2001-11-17,England,21/02/2024
CUST16513,Sarah,Robinson,Female,1976-11-21,England,23/12/2024
CUST16514,Elizabeth,Evans,Male,2001-09-25,England,07/03/2022
CUST16515,Richard,Walker,Male,1986-06-08,Wales,21/06/2024
CUST16516,Richard,Wright,Male,1976-07-06,England,17/09/2024
CUST16517,Barbara,Wright,Female,1981-08-05,England,08/05/2022
CUST16518,Karen,Wilson,Male,1996-10-17,England,21/01/2022
CUST16519,Robert,Johnson,Female,1991-03-22,England,29/03/2022
CUST16520,Mary,Taylor,Female,1961-11-27,Wales,25/06/2023
CUST16521,Robert,Wright,Female,1986-10-01,England,08/10/2022
CUST16522,Susan,Walker,Female,2006-02-01,England,22/07/2024
CUST16523,John,Robinson,Female,1996-04-19,England,14/06/2023
CUST16524,Jack,Smith,Male,1991-03-08,England,09/06/2024
CUST16525,Jessica,Williams,Male,1956-07-13,England,25/10/2023
CUST16526,Patricia,Walker,Female,1991-03-03,England,19/04/2024
CUST16527,David,Wilson,Male,2006-04-03,England,05/09/2023
CUST16528,Jack,Johnson,Female,1986-03-15,England,08/01/2024
CUST16529,Isla,Robinson,Female,2001-01-19,England,05/01/2023
CUST16530,Joseph,Roberts,Female,1996-06-24,England,30/12/2022
CUST16531,Joseph,White,Female,1956-04-14,England,06/05/2023
CUST16532,Noah,Taylor,Male,1976-07-18,England,15/04/2023
CUST16533,Sarah,Smith,Male,2006-03-24,England,10/10/2022
CUST16534,Emily,Thompson,Male,1986-04-12,Scotland,23/07/2022
CUST16535,Elizabeth,Brown,Male,2001-11-06,England,04/08/2022
CUST16536,Oliver,Wilson,Male,2001-10-23,England,01/04/2024
CUST16537,Susan,Wilson,Female,1981-04-01,England,26/09/2023
CUST16538,Jack,Evans,Female,1986-02-08,England,21/10/2021
CUST16539,Michael,Jones,Female,1976-12-04,England,21/09/2022
CUST16540,Sarah,Smith,Female,1966-09-18,England,09/08/2023
CUST16541,Emily,Jones,Female,1996-06-08,England,22/09/2023
CUST16542,Richard,Roberts,Male,1966-09-10,England,28/10/2021
CUST16543,Patricia,White,Male,1986-03-18,Wales,14/01/2024
CUST16544,Charles,Johnson,Male,1996-06-08,England,04/02/2025
CUST16545,Elizabeth,Williams,Male,1971-05-10,England,04/07/2024
CUST16546,Amelia,Evans,Male,2006-09-14,England,26/05/2023
CUST16547,William,Evans,Male,1986-03-04,England,14/10/2024
CUST16548,Olivia,Jones,Female,1976-06-26,England,31/03/2024
CUST16549,Jennifer,Evans,Female,1996-11-27,England,28/01/2022
CUST16550,Susan,Thompson,Male,1971-03-20,England,13/12/2023
CUST16551,William,Evans,Female,1996-02-03,England,18/04/2024
CUST16552,Thomas,Johnson,Female,1971-10-13,England,01/05/2024
CUST16553,Richard,Roberts,Female,2006-11-10,England,20/08/2023
CUST16554,Elizabeth,Taylor,Male,2001-06-05,England,18/04/2024
CUST16555,Robert,Taylor,Male,1991-01-24,England,12/02/2023
CUST16556,Olivia,Walker,Male,1971-07-12,England,28/02/2023
CUST16557,Richard,Evans,Female,2001-04-18,England,26/03/2022
CUST16558,Barbara,Wilson,Male,1971-08-19,England,07/05/2024
CUST16559,Amelia,Wilson,Male,1996-02-09,England,06/12/2024
CUST16560,David,Thompson,Male,1986-10-10,England,27/08/2023
CUST16561,Noah,Jones,Female,1991-09-27,England,12/12/2021
CUST16562,Isla,Jones,Female,2001-08-23,England,11/11/2022
CUST16563,Charles,White,Male,1961-07-14,England,24/01/2023
CUST16564,Harry,Evans,Female,1986-03-15,England,29/04/2024
CUST16565,Jennifer,Williams,Female,1976-12-01,England,22/09/2022
CUST16566,Karen,Robinson,Female,1981-04-06,England,21/09/2021
CUST16567,Noah,Williams,Female,1986-05-01,England,21/06/2023
CUST16568,Isla,Davies,Male,1981-12-22,England,07/02/2023
CUST16569,Jennifer,Brown,Male,1966-01-26,England,24/02/2022
CUST16570,Mary,Thompson,Male,1976-02-05,Wales,29/04/2023
CUST16571,Olivia,Williams,Male,1986-10-08,England,17/02/2022
CUST16572,Joseph,Thompson,Female,1981-05-10,England,27/04/2024
CUST16573,David,Smith,Male,1981-07-22,England,06/11/2024
CUST16574,Michael,Wright,Male,1986-07-11,England,04/10/2024
CUST16575,Richard,Davies,Male,1981-10-02,England,08/12/2021
CUST16576,Oliver,Brown,Female,1986-08-16,England,25/10/2023
CUST16577,Joseph,Wright,Female,1976-06-04,England,13/03/2022
CUST16578,James,Thompson,Male,1961-07-18,England,04/11/2022
CUST16579,Jessica,Brown,Female,1961-09-24,England,28/09/2021
CUST16580,Jennifer,Williams,Male,1971-05-02,England,19/05/2024
CUST16581,Joseph,Roberts,Male,1981-03-27,England,27/04/2023
CUST16582,Karen,Taylor,Female,1976-06-18,England,09/08/2024
CUST16583,Oliver,Davies,Male,2001-12-02,England,03/05/2022
CUST16584,Richard,Smith,Male,1986-02-06,England,27/11/2024
CUST16585,Jack,White,Male,1996-03-05,Scotland,24/11/2023
CUST16586,Amelia,Taylor,Female,2006-12-24,Scotland,23/04/2022
CUST16587,Noah,Jones,Female,1961-10-20,England,18/01/2025
CUST16588,Olivia,Johnson,Female,1971-02-11,England,24/01/2025
CUST16589,Joseph,Davies,Female,1986-03-15,England,09/05/2024
CUST16590,William,Johnson,Female,1996-09-10,England,30/08/2024
CUST16591,Linda,Taylor,Male,1976-10-11,England,12/10/2021
CUST16592,Richard,Jones,Female,1986-09-18,England,01/02/2025
CUST16593,Jack,Walker,Male,1971-11-06,England,07/04/2022
CUST16594,Jennifer,Robinson,Male,1956-07-21,England,07/10/2023
CUST16595,Olivia,Walker,Female,1991-11-26,England,21/07/2022
CUST16596,Michael,Smith,Female,1996-08-27,England,10/03/2023
CUST16597,John,Robinson,Male,1996-06-05,England,04/09/2021
CUST16598,Charles,Jones,Male,2001-08-12,England,25/10/2023
CUST16599,David,Wright,Male,1991-06-08,England,01/11/2021
CUST16600,Jessica,Wilson,Male,2006-08-18,England,02/07/2024
CUST16601,Susan,Smith,Male,2001-11-09,England,01/02/2025
CUST16602,Karen,Wright,Female,1996-12-11,England,09/02/2022
CUST16603,Olivia,Roberts,Female,2001-07-04,England,19/08/2021
CUST16604,Sarah,Smith,Male,1976-01-16,England,04/07/2023
CUST16605,William,Taylor,Female,2001-08-15,England,26/02/2023
CUST16606,George,Jones,Female,1971-04-15,England,02/09/2024
CUST16607,Susan,Evans,Male,1996-03-10,England,13/11/2024
CUST16608,Jack,White,Female,2001-11-21,England,08/09/2021
CUST16609,Jennifer,Taylor,Male,2006-06-17,England,07/11/2022
CUST16610,Susan,Wright,Male,1976-10-05,England,30/05/2023
CUST16611,Barbara,Walker,Male,1996-05-10,England,30/11/2021
CUST16612,Sarah,Johnson,Male,1986-08-18,Scotland,19/03/2024
CUST16613,David,Johnson,Male,2001-08-04,England,26/02/2022
CUST16614,William,Roberts,Male,1956-11-10,Scotland,26/12/2024
CUST16615,Barbara,Roberts,Female,2001-03-24,England,16/04/2022
CUST16616,Noah,Davies,Female,1991-07-12,Scotland,03/03/2023
CUST16617,Susan,Taylor,Male,1971-05-14,Wales,23/07/2022
CUST16618,Jennifer,Williams,Male,1996-06-19,Wales,16/05/2023
CUST16619,Jack,Wright,Male,1996-11-09,Scotland,30/04/2023
CUST16620,Michael,Smith,Female,1971-02-23,England,14/05/2024
CUST16621,Noah,Taylor,Male,1996-07-01,England,02/03/2024
CUST16622,Harry,Walker,Male,2006-05-13,Wales,31/10/2024
CUST16623,Barbara,Roberts,Female,1991-11-17,England,17/01/2022
CUST16624,Patricia,Evans,Male,2006-03-07,England,03/12/2021
CUST16625,Harry,Jones,Male,1966-03-22,England,14/10/2022
CUST16626,Amelia,Jones,Male,1981-02-03,England,11/09/2022
CUST16627,Karen,Smith,Female,1981-06-18,England,04/03/2022
CUST16628,Oliver,Roberts,Female,1996-01-18,Wales,30/03/2022
CUST16629,Linda,White,Male,1976-07-22,England,18/12/2022
CUST16630,Elizabeth,Walker,Male,1981-03-06,Wales,20/05/2022
CUST16631,Thomas,Robinson,Female,2006-05-05,England,25/06/2024
CUST16632,Jennifer,Jones,Male,1966-08-16,England,06/01/2025
CUST16633,Jessica,Wright,Male,1981-09-27,England,02/02/2024
CUST16634,Mary,Thompson,Female,1976-01-22,England,25/06/2023
CUST16635,Amelia,White,Male,1996-02-06,England,12/03/2023
CUST16636,Isla,Jones,Male,2001-04-12,England,30/08/2023
CUST16637,Charles,Smith,Male,1976-07-08,England,14/02/2023
CUST16638,Charles,Walker,Female,1976-11-22,England,29/05/2022
CUST16639,Robert,Wright,Male,1991-02-14,England,31/10/2021
CUST16640,David,Taylor,Male,2006-01-12,England,15/10/2023
CUST16641,Harry,Taylor,Male,1971-08-01,England,13/04/2024
CUST16642,Isla,White,Male,1996-12-18,England,12/01/2023
CUST16643,James,Walker,Female,1991-10-12,England,03/11/2023
CUST16644,Mary,Davies,Female,1981-07-02,England,07/08/2023
CUST16645,Mary,Davies,Male,2001-01-06,England,25/06/2022
CUST16646,Jack,Robinson,Female,2006-07-20,England,21/09/2024
CUST16647,Joseph,Evans,Female,2006-06-21,England,04/12/2024
CUST16648,Karen,Taylor,Female,1966-06-14,England,14/12/2024
CUST16649,Robert,Williams,Male,1991-06-21,England,13/05/2023
CUST16650,John,Jones,Female,1981-07-20,England,27/09/2022
CUST16651,John,Johnson,Female,1956-09-17,England,10/01/2023
CUST16652,William,Wilson,Female,1981-03-06,England,26/02/2022
CUST16653,Jack,White,Male,1986-01-12,England,12/06/2022
CUST16654,Sarah,Wright,Male,1986-01-23,England,08/06/2024
CUST16655,Thomas,Wilson,Female,1991-05-09,England,17/10/2023
CUST16656,Oliver,Walker,Male,1981-07-18,England,15/08/2021
CUST16657,Olivia,Walker,Female,1961-10-23,Wales,25/07/2023
CUST16658,Olivia,Thompson,Male,1976-06-15,England,20/11/2022
CUST16659,Harry,Brown,Female,1991-07-14,England,25/06/2023
CUST16660,Noah,Smith,Male,1991-12-06,England,23/05/2022
CUST16661,Elizabeth,Johnson,Male,1966-09-14,England,09/09/2024
CUST16662,William,Davies,Female,2001-09-02,England,09/06/2024
CUST16663,John,Williams,Male,1971-05-04,Scotland,30/09/2023
CUST16664,Olivia,Smith,Female,1996-02-15,England,21/08/2024
CUST16665,Oliver,Brown,Male,1976-12-06,England,07/03/2024
CUST16666,Joseph,Thompson,Female,1971-07-10,Northern Ireland,29/10/2024
CUST16667,Olivia,Thompson,Male,1986-01-10,England,29/03/2024
CUST16668,Barbara,Evans,Female,1996-06-13,England,17/01/2025
CUST16669,Emily,Johnson,Male,1971-02-19,England,14/09/2023
CUST16670,William,Smith,Male,1991-12-13,England,07/03/2024
CUST16671,Linda,Roberts,Male,1991-07-23,England,02/12/2021
CUST16672,Noah,Wright,Male,1986-10-14,England,21/11/2021
CUST16673,John,Wilson,Male,1986-06-27,England,05/11/2024
CUST16674,Linda,Taylor,Female,1981-01-27,England,24/09/2024
CUST16675,Emily,Brown,Male,2001-08-12,England,17/08/2023
CUST16676,Patricia,Johnson,Female,1986-08-21,Scotland,07/10/2021
CUST16677,George,Smith,Male,1966-03-13,England,18/08/2021
CUST16678,Isla,Robinson,Male,2006-09-24,England,06/03/2023
CUST16679,Emily,Brown,Male,1986-03-21,England,02/03/2023
CUST16680,Robert,Wilson,Female,1981-09-10,England,28/12/2024
CUST16681,Isla,Brown,Female,1966-09-09,England,06/02/2024
CUST16682,James,Brown,Female,1981-02-24,England,19/02/2025
CUST16683,Amelia,Wright,Female,1971-04-15,Wales,01/03/2023
CUST16684,David,Johnson,Female,1996-02-19,England,12/05/2023
CUST16685,Jack,Wilson,Female,1991-09-19,England,22/11/2021
CUST16686,Mary,White,Male,1961-03-05,England,25/10/2021
CUST16687,Harry,Thompson,Female,1966-08-07,England,08/09/2022
CUST16688,Susan,Robinson,Male,1986-06-25,England,26/10/2024
CUST16689,Elizabeth,Walker,Male,1986-01-08,England,25/11/2023
CUST16690,Patricia,Thompson,Male,1986-11-24,Wales,15/02/2024
CUST16691,Barbara,White,Female,2006-09-10,England,03/09/2024
CUST16692,Patricia,Thompson,Female,1966-04-23,England,14/01/2023
CUST16693,Jennifer,Smith,Male,1971-11-16,England,30/01/2025
CUST16694,Jessica,Robinson,Female,1986-09-03,Northern Ireland,03/08/2024
CUST16695,Thomas,Wright,Female,1996-10-08,England,15/04/2023
CUST16696,Karen,Brown,Female,1991-03-26,England,01/05/2024
CUST16697,Patricia,Wilson,Male,2001-01-06,England,12/12/2024
CUST16698,Jessica,Robinson,Male,1976-01-07,England,11/05/2022
CUST16699,Elizabeth,Johnson,Male,1986-07-05,England,22/02/2024
CUST16700,Richard,Wilson,Female,1996-10-17,England,08/01/2023
CUST16701,Oliver,Brown,Female,1981-11-22,England,15/11/2022
CUST16702,Emily,Robinson,Female,1961-12-26,England,12/06/2022
CUST16703,James,Thompson,Female,2001-08-24,England,21/02/2022
CUST16704,Emily,Jones,Female,1986-08-24,England,29/06/2024
CUST16705,James,Walker,Female,1986-04-25,England,16/10/2024
CUST16706,Noah,Davies,Female,2001-01-16,England,23/09/2024
CUST16707,Mary,Wright,Male,1986-03-23,Scotland,24/04/2023
CUST16708,Karen,Davies,Male,1981-01-18,England,11/04/2024
CUST16709,Noah,Williams,Female,2001-09-04,England,07/02/2024
CUST16710,Thomas,Wright,Female,2001-07-01,England,27/01/2023
CUST16711,Michael,Taylor,Female,1971-10-03,England,21/02/2022
CUST16712,William,Davies,Male,1991-02-10,England,16/03/2024
CUST16713,Mary,Jones,Female,1981-11-14,England,04/01/2024
CUST16714,Olivia,Davies,Male,1981-09-18,England,07/11/2023
CUST16715,Harry,Davies,Female,1971-11-15,England,19/05/2024
CUST16716,Emily,Evans,Female,1976-08-10,England,01/11/2021
CUST16717,David,Brown,Female,1971-05-20,Scotland,30/09/2021
CUST16718,Isla,White,Female,1981-08-24,England,19/10/2021
CUST16719,Olivia,Robinson,Male,1986-08-07,England,05/12/2024
CUST16720,Joseph,Taylor,Female,1991-03-08,England,02/06/2024
CUST16721,Jack,Smith,Male,1991-02-26,Northern Ireland,16/12/2023
CUST16722,Jessica,Taylor,Female,1991-08-27,England,03/12/2022
CUST16723,John,Walker,Male,2001-02-09,England,26/01/2024
CUST16724,George,Johnson,Male,1991-02-14,England,18/05/2024
CUST16725,Harry,Walker,Female,1991-01-16,England,10/11/2023
CUST16726,Sarah,Taylor,Male,2006-08-18,England,03/05/2022
CUST16727,Robert,White,Male,1996-12-24,England,01/03/2022
CUST16728,John,Williams,Female,1976-06-03,England,02/11/2021
CUST16729,Sarah,Walker,Female,1981-02-15,England,20/07/2024
CUST16730,James,White,Male,1971-07-06,England,16/07/2024
CUST16731,David,Thompson,Male,1986-06-21,England,06/04/2023
CUST16732,Thomas,Thompson,Male,1971-08-17,England,02/06/2024
CUST16733,Jessica,Taylor,Female,1976-06-21,England,20/04/2022
CUST16734,Jessica,Taylor,Male,2001-07-25,Wales,06/06/2023
CUST16735,Mary,White,Female,1961-04-22,Scotland,17/04/2023
CUST16736,Linda,Wright,Female,2006-11-24,England,20/08/2024
CUST16737,Thomas,Thompson,Female,1981-07-22,England,20/12/2021
CUST16738,Susan,Taylor,Female,1976-04-17,Wales,07/04/2023
CUST16739,Elizabeth,White,Male,1991-01-11,England,21/04/2024
CUST16740,Noah,Robinson,Male,1981-09-10,England,10/04/2024
CUST16741,Susan,Roberts,Male,1991-05-10,England,25/12/2023
CUST16742,Emily,Jones,Male,2006-03-17,England,16/09/2024
CUST16743,George,Taylor,Male,2006-06-22,England,22/04/2023
CUST16744,Michael,Williams,Male,2001-06-10,England,16/08/2022
CUST16745,Karen,Williams,Male,2001-10-16,England,16/01/2024
CUST16746,Harry,Thompson,Female,1981-07-12,England,06/04/2023
CUST16747,Harry,Johnson,Male,1986-09-17,England,01/03/2022
CUST16748,Karen,White,Male,1986-08-23,England,12/04/2023
CUST16749,George,Williams,Female,1976-11-12,England,15/01/2025
CUST16750,George,Robinson,Female,2006-01-11,England,11/01/2023
CUST16751,Amelia,Evans,Female,1996-05-06,England,08/08/2024
CUST16752,Sarah,Walker,Female,1976-09-14,England,20/01/2023
CUST16753,Richard,Jones,Female,1966-02-13,England,15/09/2024
CUST16754,Patricia,Robinson,Female,1986-06-05,Wales,17/02/2024
CUST16755,Elizabeth,Wilson,Male,2001-05-27,England,05/06/2022
CUST16756,Isla,Brown,Male,1976-10-24,England,09/02/2024
CUST16757,William,Thompson,Female,1966-12-08,England,02/08/2024
CUST16758,Amelia,Williams,Male,1991-02-26,England,08/02/2024
CUST16759,Barbara,Wright,Male,1996-03-08,England,23/10/2024
CUST16760,George,Smith,Female,2006-10-12,England,03/11/2024
CUST16761,Oliver,Evans,Male,1981-03-04,Northern Ireland,14/04/2024
CUST16762,Noah,White,Male,1966-06-17,England,21/11/2021
CUST16763,Jessica,Thompson,Female,1981-12-13,England,13/12/2022
CUST16764,Jack,Smith,Female,1991-12-08,Northern Ireland,08/04/2023
CUST16765,Mary,Smith,Female,1981-12-08,England,15/10/2022
CUST16766,Noah,Johnson,Female,1971-02-26,England,05/02/2022
CUST16767,Oliver,Williams,Female,1986-02-19,England,10/03/2022
CUST16768,Thomas,Wright,Female,1971-03-05,England,18/08/2021
CUST16769,Mary,Thompson,Female,1991-10-04,Scotland,12/12/2022
CUST16770,Emily,Davies,Male,1991-03-02,Northern Ireland,15/05/2022
CUST16771,Richard,Brown,Male,1981-06-07,England,19/01/2025
CUST16772,Noah,Johnson,Female,1986-10-20,England,28/01/2024
CUST16773,Barbara,Evans,Male,1961-06-02,England,20/03/2024
CUST16774,Barbara,White,Male,1986-12-07,England,20/02/2022
CUST16775,William,White,Female,1991-06-02,England,21/09/2022
CUST16776,Robert,Robinson,Male,1991-05-18,England,27/10/2022
CUST16777,Harry,Brown,Male,1986-12-22,England,06/12/2022
CUST16778,Thomas,Roberts,Female,1991-07-15,England,02/09/2021
CUST16779,Noah,White,Female,1976-03-25,England,12/06/2023
CUST16780,Linda,Wright,Male,1991-08-19,England,24/11/2022
CUST16781,William,Wright,Male,1991-10-21,England,19/09/2024
CUST16782,Linda,Jones,Male,1981-11-09,Northern Ireland,20/06/2023
CUST16783,Barbara,Roberts,Male,2006-01-24,Scotland,22/09/2023
CUST16784,John,Thompson,Male,1981-02-18,Northern Ireland,26/12/2022
CUST16785,William,Davies,Male,1986-08-03,England,11/07/2022
CUST16786,Oliver,White,Male,1986-09-03,Northern Ireland,17/05/2022
CUST16787,Olivia,Taylor,Female,1976-08-25,England,19/07/2024
CUST16788,David,Jones,Male,1976-05-08,Scotland,18/06/2022
CUST16789,Linda,Robinson,Male,1971-10-13,England,05/09/2024
CUST16790,Linda,Williams,Male,1991-07-21,England,23/09/2023
CUST16791,Emily,Wright,Male,1991-12-21,England,20/10/2022
CUST16792,Barbara,Wilson,Male,1976-05-01,England,05/05/2022
CUST16793,John,Evans,Male,1981-10-17,England,10/10/2021
CUST16794,Harry,Evans,Male,1981-02-25,England,08/04/2022
CUST16795,Barbara,Johnson,Male,1986-09-10,England,14/01/2023
CUST16796,Jessica,Walker,Male,1976-09-15,England,11/01/2025
CUST16797,Olivia,Wright,Female,1996-04-08,Scotland,01/10/2024
CUST16798,James,Robinson,Female,1986-01-20,England,16/05/2022
CUST16799,Susan,Roberts,Female,2001-12-04,England,12/01/2025
CUST16800,Olivia,Thompson,Male,1991-01-15,England,03/01/2025
CUST16801,Elizabeth,Smith,Female,1981-06-12,England,11/04/2024
CUST16802,James,Evans,Female,1986-01-18,England,17/01/2025
CUST16803,Barbara,Evans,Male,1991-06-14,England,01/12/2024
CUST16804,Olivia,Brown,Male,1966-10-27,England,11/09/2023
CUST16805,Isla,Davies,Female,1976-07-27,Scotland,21/09/2022
CUST16806,Mary,White,Male,1986-03-08,England,21/09/2023
CUST16807,Sarah,Roberts,Female,1961-05-02,England,27/04/2022
CUST16808,Charles,Brown,Female,1991-02-14,England,03/10/2021
CUST16809,Oliver,Jones,Female,1976-08-16,England,19/01/2025
CUST16810,Linda,Wilson,Female,2001-01-21,Northern Ireland,10/08/2022
CUST16811,Jessica,Roberts,Female,1996-05-15,England,31/10/2021
CUST16812,William,Williams,Female,1991-01-16,England,13/10/2021
CUST16813,David,Thompson,Male,2001-03-01,England,05/01/2023
CUST16814,Robert,Robinson,Female,1986-01-21,England,24/09/2024
CUST16815,Sarah,Robinson,Male,1996-12-09,England,04/06/2023
CUST16816,Jennifer,Robinson,Male,1981-10-11,England,01/07/2024
CUST16817,Jack,Wilson,Male,1996-12-12,England,02/04/2024
CUST16818,Thomas,White,Female,2001-09-02,England,18/11/2021
CUST16819,Jennifer,Johnson,Female,1961-06-14,Scotland,20/04/2024
CUST16820,Patricia,Robinson,Male,1981-03-11,England,12/05/2023
CUST16821,Charles,Davies,Male,1966-12-07,England,23/03/2022
CUST16822,Oliver,White,Male,1986-12-07,England,07/01/2024
CUST16823,Richard,Johnson,Male,2006-05-01,England,01/04/2023
CUST16824,Sarah,Williams,Male,1981-03-24,England,27/02/2023
CUST16825,Linda,Walker,Male,1986-05-08,England,01/04/2023
CUST16826,Susan,Robinson,Male,2006-05-24,England,06/06/2023
CUST16827,Jessica,Brown,Male,1971-12-23,England,26/06/2024
CUST16828,John,Robinson,Male,1981-01-13,England,29/11/2022
CUST16829,Thomas,Robinson,Female,1976-08-22,Northern Ireland,30/06/2024
CUST16830,Robert,Evans,Male,1986-10-06,England,17/09/2023
CUST16831,Oliver,Evans,Male,1981-10-05,England,28/12/2021
CUST16832,Olivia,Davies,Female,1996-03-25,England,24/12/2023
CUST16833,Harry,Williams,Female,1961-05-18,England,17/09/2021
CUST16834,Harry,Wilson,Male,1991-05-19,England,14/09/2022
CUST16835,John,Walker,Female,2001-05-25,England,26/08/2024
CUST16836,Robert,Davies,Female,2006-02-01,England,29/12/2022
CUST16837,Thomas,Roberts,Male,1981-01-05,Northern Ireland,17/08/2021
CUST16838,Linda,Williams,Female,1956-01-26,England,29/12/2021
CUST16839,Olivia,Taylor,Female,1966-12-04,England,17/09/2022
CUST16840,Jack,Roberts,Female,1976-06-13,England,24/09/2021
CUST16841,Linda,Johnson,Female,1956-03-01,England,18/01/2023
CUST16842,William,Walker,Male,1976-10-09,England,15/04/2022
CUST16843,Patricia,Thompson,Female,1991-06-05,England,26/05/2023
CUST16844,John,Walker,Female,1981-05-07,England,15/12/2024
CUST16845,David,Wright,Male,2006-02-22,England,28/09/2021
CUST16846,Jennifer,Jones,Male,1996-05-08,England,07/12/2021
CUST16847,Jack,Brown,Female,1991-08-22,Northern Ireland,03/06/2023
CUST16848,George,Thompson,Female,1996-08-25,England,30/09/2021
CUST16849,James,Brown,Female,1961-05-15,England,05/11/2023
CUST16850,Emily,Davies,Male,1956-08-15,England,08/08/2021
CUST16851,David,White,Female,1991-10-10,Northern Ireland,02/01/2024
CUST16852,Olivia,Thompson,Female,1976-12-19,Wales,08/11/2022
CUST16853,Oliver,Wright,Female,1991-07-22,England,24/08/2022
CUST16854,Harry,White,Female,2001-03-24,England,21/10/2024
CUST16855,Noah,White,Female,1991-02-06,Scotland,17/12/2021
CUST16856,Thomas,Wilson,Female,1996-02-19,England,27/04/2024
CUST16857,Patricia,Wilson,Male,1991-01-04,England,18/11/2021
CUST16858,Michael,Wright,Female,1996-07-14,Wales,11/07/2024
CUST16859,Harry,Evans,Female,2001-03-03,England,06/02/2022
CUST16860,Olivia,Wilson,Male,1996-03-15,England,21/06/2023
CUST16861,Olivia,Taylor,Male,1966-09-23,England,16/11/2024
CUST16862,Jessica,Taylor,Male,2001-04-23,England,09/05/2024
CUST16863,Thomas,Walker,Male,1991-10-20,England,05/01/2024
CUST16864,William,Johnson,Male,1986-02-16,England,22/02/2024
CUST16865,Isla,Thompson,Female,1991-05-17,England,28/12/2024
CUST16866,David,Robinson,Female,1986-01-03,England,11/05/2022
CUST16867,Jennifer,Thompson,Male,2006-07-20,England,22/09/2023
CUST16868,David,Walker,Female,1981-02-19,England,09/10/2022
CUST16869,Sarah,White,Female,1986-03-04,England,08/08/2022
CUST16870,Sarah,Thompson,Male,1981-09-18,England,08/08/2023
CUST16871,Amelia,Thompson,Male,1986-11-11,Scotland,11/04/2024
CUST16872,Joseph,Williams,Male,1986-07-14,England,15/02/2023
CUST16873,Olivia,Davies,Male,1991-12-22,England,18/05/2023
CUST16874,Joseph,Brown,Female,1996-10-09,England,08/12/2021
CUST16875,Harry,Davies,Female,1986-10-25,England,13/02/2025
CUST16876,Karen,Davies,Male,2006-12-12,England,27/01/2025
CUST16877,Elizabeth,Davies,Male,1991-02-14,England,09/08/2024
CUST16878,Joseph,Walker,Male,1981-03-01,England,29/12/2021
CUST16879,Oliver,Roberts,Female,2001-06-04,England,14/07/2023
CUST16880,William,Brown,Female,2006-08-08,Scotland,08/09/2022
CUST16881,Olivia,Wright,Female,1981-12-27,England,15/10/2024
CUST16882,Noah,Wilson,Male,1991-02-08,England,14/07/2022
CUST16883,Oliver,Walker,Male,1971-03-11,England,06/01/2023
CUST16884,William,Davies,Female,1966-04-24,England,17/04/2022
CUST16885,Karen,Evans,Male,1961-09-09,Northern Ireland,06/01/2024
CUST16886,Joseph,Wright,Female,1991-12-22,England,22/12/2022
CUST16887,Karen,Jones,Female,1996-12-04,England,05/06/2024
CUST16888,Harry,Davies,Male,1981-09-04,England,10/12/2022
CUST16889,Barbara,Smith,Female,1981-10-01,Scotland,24/04/2022
CUST16890,Emily,Jones,Female,1981-05-04,Scotland,06/10/2024
CUST16891,Amelia,Robinson,Male,1991-08-17,England,10/09/2022
CUST16892,James,Evans,Female,2006-03-03,England,19/01/2023
CUST16893,Olivia,Jones,Male,1996-07-17,England,03/07/2022
CUST16894,Mary,Williams,Female,2001-04-17,England,14/02/2025
CUST16895,Oliver,Smith,Male,2001-12-07,England,14/08/2024
CUST16896,Patricia,Smith,Female,1966-05-02,England,29/10/2021
CUST16897,Linda,Johnson,Female,2006-05-05,England,08/03/2024
CUST16898,Robert,Williams,Male,1981-05-04,England,27/11/2024
CUST16899,Isla,Wright,Female,1961-11-15,England,06/02/2022
CUST16900,Emily,Evans,Male,1991-12-26,England,11/12/2023
CUST16901,David,Roberts,Female,1986-06-12,England,26/08/2024
CUST16902,Mary,Johnson,Male,1976-12-18,England,31/08/2023
CUST16903,Thomas,Robinson,Female,1991-10-09,Scotland,21/08/2024
CUST16904,Jessica,Roberts,Female,1986-11-03,Wales,17/09/2022
CUST16905,Jack,Robinson,Male,1971-11-06,England,26/07/2024
CUST16906,John,White,Female,1976-04-13,England,25/03/2023
CUST16907,Karen,Williams,Female,1971-07-24,England,08/05/2024
CUST16908,Susan,Jones,Female,1956-04-07,England,07/08/2023
CUST16909,Isla,Thompson,Male,1991-04-27,England,20/09/2023
CUST16910,Elizabeth,Jones,Male,1976-06-18,England,30/04/2023
CUST16911,William,Wilson,Female,1981-01-10,England,13/06/2022
CUST16912,Karen,Davies,Female,1981-03-17,England,24/05/2022
CUST16913,Patricia,Walker,Female,1976-10-19,England,06/11/2024
CUST16914,Jennifer,Williams,Female,1976-02-19,England,14/03/2022
CUST16915,George,Walker,Male,1966-08-24,England,20/05/2022
CUST16916,Robert,Brown,Male,1991-10-18,England,25/01/2024
CUST16917,Olivia,Taylor,Female,1981-04-01,England,06/02/2022
CUST16918,Jennifer,Thompson,Female,1996-06-11,England,27/10/2021
CUST16919,Robert,Johnson,Male,1981-11-25,England,14/06/2023
CUST16920,Michael,Smith,Female,1976-11-06,England,05/03/2022
CUST16921,Patricia,Smith,Female,1976-12-14,England,02/12/2021
CUST16922,Olivia,Davies,Male,1991-08-14,England,16/02/2024
CUST16923,Oliver,Robinson,Male,1986-11-16,England,18/12/2021
CUST16924,Michael,Thompson,Male,1991-05-24,England,18/01/2025
CUST16925,Oliver,White,Male,2001-08-15,England,03/11/2022
CUST16926,Robert,Robinson,Female,1996-09-01,England,26/04/2024
CUST16927,Thomas,Robinson,Male,1966-12-07,England,14/01/2024
CUST16928,Mary,Robinson,Male,1991-05-18,Scotland,12/10/2023
CUST16929,Noah,Davies,Male,1961-11-22,England,25/09/2024
CUST16930,Elizabeth,Davies,Male,1996-07-18,England,11/01/2025
CUST16931,Barbara,Evans,Female,1976-02-20,England,30/11/2024
CUST16932,Susan,Davies,Female,1981-08-07,England,17/01/2022
CUST16933,Barbara,Robinson,Male,1976-12-03,England,10/12/2023
CUST16934,Susan,Jones,Male,1981-06-26,England,30/01/2022
CUST16935,Richard,Robinson,Female,1976-07-16,England,15/08/2021
CUST16936,Michael,Williams,Male,1966-12-20,England,06/08/2021
CUST16937,Patricia,Brown,Male,1986-12-26,England,19/02/2025
CUST16938,Mary,White,Female,2006-05-05,England,22/08/2022
CUST16939,Isla,Johnson,Female,1996-10-24,England,27/12/2024
CUST16940,Mary,Taylor,Male,1976-08-10,England,09/01/2025
CUST16941,Emily,Taylor,Male,1986-08-17,England,15/07/2022
CUST16942,Charles,Evans,Male,1986-09-11,England,08/11/2023
CUST16943,Oliver,Wright,Female,1981-04-06,England,31/05/2023
CUST16944,Thomas,White,Female,1991-04-24,England,10/11/2023
CUST16945,Charles,Taylor,Male,1976-01-10,England,18/05/2023
CUST16946,Richard,Evans,Male,1976-11-01,England,13/11/2023
CUST16947,Emily,White,Male,1976-04-05,Northern Ireland,10/02/2025
CUST16948,Linda,Jones,Male,1976-09-26,Scotland,05/03/2024
CUST16949,Mary,Roberts,Male,1966-09-23,England,20/01/2023
CUST16950,Jack,Robinson,Male,1981-09-18,Scotland,04/10/2024
CUST16951,Olivia,Jones,Female,1961-11-22,England,02/05/2022
CUST16952,Richard,Roberts,Female,2001-11-18,England,19/05/2023
CUST16953,Linda,Brown,Female,1981-01-25,England,05/02/2023
CUST16954,Noah,Thompson,Female,1976-11-03,England,31/05/2022
CUST16955,Joseph,Wright,Female,1986-03-02,England,22/05/2024
CUST16956,Olivia,Robinson,Male,1996-08-19,England,28/12/2023
CUST16957,George,Johnson,Male,1986-09-27,Wales,15/09/2022
CUST16958,Jack,Williams,Female,1991-01-16,England,02/07/2023
CUST16959,Joseph,Brown,Male,1966-04-27,England,01/09/2022
CUST16960,Thomas,Robinson,Female,1991-11-11,England,31/01/2023
CUST16961,Jack,White,Female,2001-02-19,England,12/02/2024
CUST16962,Joseph,Davies,Male,1981-03-14,England,22/11/2021
CUST16963,Jennifer,Evans,Male,1991-01-24,England,30/12/2023
CUST16964,Oliver,Williams,Male,2001-03-18,England,17/08/2023
CUST16965,Mary,Johnson,Female,1986-08-12,England,02/08/2023
CUST16966,Oliver,White,Female,1986-11-07,England,06/08/2023
CUST16967,Charles,Roberts,Male,2001-08-09,England,06/09/2021
CUST16968,Charles,Davies,Male,1981-04-03,England,02/02/2024
CUST16969,Jack,Walker,Female,1986-11-05,England,31/12/2023
CUST16970,Jennifer,Taylor,Male,1976-05-14,Wales,20/10/2024
CUST16971,George,Jones,Male,1991-04-01,England,17/11/2024
CUST16972,Elizabeth,Evans,Male,1996-07-13,England,11/10/2022
CUST16973,Michael,Davies,Female,1961-02-02,England,26/03/2022
CUST16974,Jennifer,Taylor,Female,1986-05-05,England,06/09/2021
CUST16975,Karen,Robinson,Female,2006-10-19,England,28/02/2023
CUST16976,Noah,Evans,Male,1971-08-01,England,18/07/2023
CUST16977,Elizabeth,Walker,Female,1996-12-10,England,29/08/2021
CUST16978,Noah,Brown,Female,1976-10-06,England,28/07/2024
CUST16979,John,Johnson,Male,1976-05-02,England,22/11/2023
CUST16980,Barbara,Davies,Female,1961-10-06,England,28/04/2023
CUST16981,George,Robinson,Female,1961-11-04,England,30/01/2024
CUST16982,Linda,Johnson,Male,1996-08-03,England,27/01/2025
CUST16983,Michael,Thompson,Female,1976-10-18,England,31/01/2025
CUST16984,Thomas,Wright,Male,1991-07-04,England,02/09/2023
CUST16985,Susan,Jones,Male,1981-11-26,England,24/10/2021
CUST16986,Olivia,Johnson,Male,1981-03-14,England,24/09/2022
CUST16987,Jennifer,Johnson,Male,2006-06-12,England,15/07/2023
CUST16988,Olivia,Williams,Male,2006-04-24,England,22/12/2022
CUST16989,Olivia,Brown,Male,2006-02-21,England,01/12/2022
CUST16990,John,Walker,Male,2001-08-12,England,26/04/2022
CUST16991,Sarah,Wilson,Male,1996-02-27,Wales,28/10/2024
CUST16992,Michael,Robinson,Female,1966-03-15,England,09/08/2021
CUST16993,Jack,Smith,Female,1986-10-20,Scotland,07/11/2023
CUST16994,Jack,Taylor,Male,1976-03-27,England,07/02/2022
CUST16995,Elizabeth,Brown,Male,1971-11-20,England,09/02/2022
CUST16996,David,Smith,Male,1976-01-16,England,28/09/2022
CUST16997,Jennifer,Thompson,Male,1991-06-17,England,21/02/2025
CUST16998,Elizabeth,Smith,Male,1971-01-18,Wales,27/04/2024
CUST16999,Jessica,Thompson,Female,1976-01-27,England,12/02/2022
CUST17000,Charles,Williams,Female,1976-10-19,England,25/11/2024
CUST17001,Charles,Evans,Male,1966-01-09,England,09/10/2022
CUST17002,George,Davies,Male,1981-11-01,England,15/05/2024
CUST17003,Elizabeth,Williams,Female,1986-08-22,England,30/08/2021
CUST17004,Emily,Thompson,Female,1966-06-14,Wales,07/10/2023
CUST17005,Emily,Thompson,Male,1986-12-12,Wales,27/10/2021
CUST17006,Charles,White,Male,1971-05-26,England,13/04/2024
CUST17007,Joseph,Robinson,Female,2006-05-05,England,11/06/2022
CUST17008,Richard,Williams,Female,2006-05-02,England,26/09/2023
CUST17009,Amelia,Jones,Male,1986-08-20,Scotland,26/12/2023
CUST17010,Jennifer,Johnson,Female,2006-11-25,England,26/09/2024
CUST17011,Amelia,Williams,Female,1961-07-23,England,18/03/2024
CUST17012,Sarah,Brown,Female,2006-04-24,England,17/10/2024
CUST17013,Amelia,White,Male,1976-11-24,England,16/09/2024
CUST17014,Robert,Evans,Male,1996-08-19,England,16/04/2023
CUST17015,James,White,Male,1961-10-25,England,04/10/2022
CUST17016,Charles,Roberts,Female,1991-06-10,England,01/11/2023
CUST17017,Karen,Brown,Female,2006-03-21,Scotland,02/01/2024
CUST17018,Elizabeth,Jones,Male,2006-12-03,England,12/01/2024
CUST17019,Richard,Robinson,Female,1986-09-15,Wales,04/09/2021
CUST17020,William,Evans,Female,1956-04-08,England,16/03/2024
CUST17021,Emily,Jones,Male,1961-11-26,England,24/12/2024
CUST17022,Karen,Walker,Male,1991-01-12,Wales,18/06/2023
CUST17023,Charles,Jones,Male,1986-12-06,Northern Ireland,02/11/2022
CUST17024,Jack,Smith,Male,2001-07-16,England,21/12/2024
CUST17025,Jessica,White,Female,1986-08-03,England,11/06/2024
CUST17026,Oliver,Robinson,Female,1981-01-04,England,01/05/2022
CUST17027,Susan,Brown,Male,1996-03-12,England,09/10/2021
CUST17028,Olivia,Taylor,Female,1981-09-18,Scotland,22/09/2024
CUST17029,John,Jones,Male,1966-07-16,Scotland,06/02/2023
CUST17030,William,Wright,Male,2006-02-02,England,29/11/2023
CUST17031,Barbara,Evans,Female,1996-08-19,England,15/07/2023
CUST17032,James,Johnson,Female,1996-09-02,England,21/04/2024
CUST17033,Elizabeth,Smith,Female,2001-04-23,England,19/12/2023
CUST17034,Olivia,Johnson,Male,2001-09-02,England,21/01/2025
CUST17035,James,White,Male,1981-12-01,England,13/06/2024
CUST17036,Harry,Evans,Female,2001-06-14,England,15/06/2022
CUST17037,Thomas,Johnson,Male,1976-03-22,England,26/10/2022
CUST17038,Karen,Williams,Male,1966-12-21,England,29/09/2023
CUST17039,Karen,White,Female,1966-11-17,England,14/11/2021
CUST17040,Robert,Johnson,Female,1981-06-05,England,22/03/2024
CUST17041,Sarah,Johnson,Male,1996-06-26,England,13/09/2022
CUST17042,David,Taylor,Female,2001-11-01,England,19/08/2024
CUST17043,Thomas,Thompson,Female,1996-01-10,England,02/07/2022
CUST17044,Jack,Robinson,Female,1961-04-21,England,03/06/2024
CUST17045,Charles,Williams,Male,1961-07-17,Wales,30/01/2025
CUST17046,Michael,Walker,Female,1991-08-22,England,04/09/2022
CUST17047,Barbara,Williams,Male,1991-08-21,England,18/05/2024
CUST17048,Susan,Jones,Male,1986-05-26,England,28/05/2023
CUST17049,James,Taylor,Female,1996-11-14,England,12/07/2024
CUST17050,Amelia,Williams,Male,1961-08-23,England,26/03/2023
CUST17051,Linda,Robinson,Female,1996-07-05,Scotland,30/08/2022
CUST17052,Michael,Smith,Male,1991-12-05,England,05/07/2023
CUST17053,Sarah,Williams,Male,1991-02-02,Scotland,31/01/2024
CUST17054,Charles,Evans,Female,2001-09-06,England,07/05/2022
CUST17055,Linda,Roberts,Male,1991-12-04,Scotland,22/08/2023
CUST17056,George,Walker,Male,1971-08-23,England,02/01/2025
CUST17057,George,Wright,Female,2001-07-14,England,07/09/2023
CUST17058,Mary,Walker,Female,1981-05-12,England,18/12/2021
CUST17059,Amelia,Robinson,Male,1991-04-18,England,01/11/2022
CUST17060,Linda,Wilson,Female,2001-07-10,England,26/08/2024
CUST17061,Olivia,White,Male,2006-11-16,Scotland,12/02/2025
CUST17062,Barbara,Taylor,Male,1996-06-01,England,08/08/2022
CUST17063,Linda,Davies,Male,2006-02-20,England,06/04/2023
CUST17064,Joseph,Wright,Male,1991-06-24,England,18/12/2022
CUST17065,Robert,Wilson,Female,1971-02-02,England,09/08/2024
CUST17066,Patricia,Johnson,Male,1976-12-03,England,12/01/2025
CUST17067,James,Roberts,Male,1961-07-04,Northern Ireland,08/02/2024
CUST17068,Joseph,White,Male,1991-03-17,Northern Ireland,01/11/2023
CUST17069,Michael,Evans,Male,1976-08-21,England,09/02/2025
CUST17070,Mary,Smith,Female,1981-07-23,England,14/08/2024
CUST17071,Harry,Roberts,Female,1996-07-22,Scotland,12/12/2023
CUST17072,Olivia,Thompson,Female,1991-08-16,England,06/02/2025
CUST17073,Jennifer,Wright,Male,1986-12-19,England,03/01/2023
CUST17074,Jack,Evans,Female,1976-11-08,England,04/12/2023
CUST17075,Emily,Evans,Male,1986-04-21,England,20/12/2023
CUST17076,John,Wright,Male,1996-03-05,England,11/09/2024
CUST17077,Mary,Roberts,Female,1956-12-27,England,30/03/2022
CUST17078,Emily,Jones,Female,2001-08-02,England,07/08/2023
CUST17079,Charles,Thompson,Female,1961-01-26,England,17/10/2024
CUST17080,Mary,Johnson,Male,1971-07-13,Scotland,17/08/2023
CUST17081,Robert,Johnson,Male,1971-02-18,England,09/02/2025
CUST17082,Patricia,Smith,Male,1976-01-05,England,15/08/2022
CUST17083,Karen,Thompson,Male,1996-03-09,Wales,14/02/2023
CUST17084,David,Williams,Male,1981-04-24,England,23/12/2021
CUST17085,Emily,Walker,Male,1976-01-01,Wales,07/01/2023
CUST17086,Emily,Taylor,Male,1976-11-06,Wales,08/10/2023
CUST17087,Jennifer,Taylor,Male,1996-06-18,England,21/02/2024
CUST17088,Robert,Johnson,Male,1996-07-22,England,08/09/2021
CUST17089,Amelia,Williams,Male,1991-11-12,Wales,21/08/2021
CUST17090,Jack,Evans,Male,1986-11-03,England,27/07/2022
CUST17091,Linda,Robinson,Female,1981-10-04,England,03/05/2024
CUST17092,Charles,White,Male,1971-03-25,England,09/06/2023
CUST17093,Olivia,Evans,Female,1976-09-06,England,10/09/2023
CUST17094,Elizabeth,Wilson,Male,1981-12-16,England,24/10/2023
CUST17095,Thomas,Wright,Male,1996-01-26,England,04/02/2023
CUST17096,Isla,Walker,Female,1986-11-11,England,12/09/2022
CUST17097,Emily,Evans,Male,1991-11-02,England,17/09/2021
CUST17098,Jennifer,Wright,Female,1996-11-22,England,15/04/2023
CUST17099,David,Brown,Female,2006-05-22,England,14/10/2023
CUST17100,Robert,Evans,Male,1991-03-18,England,25/07/2022
CUST17101,John,Walker,Female,1996-09-25,England,18/06/2024
CUST17102,Isla,Brown,Male,1981-08-21,England,02/04/2023
CUST17103,Robert,White,Female,2006-09-19,England,11/04/2022
CUST17104,Emily,Taylor,Female,1996-04-10,England,02/09/2023
CUST17105,Elizabeth,Johnson,Male,2006-03-02,England,06/10/2021
CUST17106,Charles,Davies,Female,1981-11-20,Scotland,26/02/2024
CUST17107,Sarah,Thompson,Male,1986-07-23,Scotland,27/07/2022
CUST17108,Patricia,Williams,Male,1991-11-19,England,08/11/2023
CUST17109,Olivia,Johnson,Female,2001-12-18,Wales,30/03/2023
CUST17110,Mary,Taylor,Male,1961-06-20,England,18/11/2023
CUST17111,Olivia,Davies,Male,1981-04-08,Wales,23/08/2023
CUST17112,Karen,Smith,Female,1981-11-04,England,08/06/2023
CUST17113,Isla,Wilson,Female,1986-09-18,England,20/08/2023
CUST17114,Jessica,Walker,Male,1971-08-26,England,02/12/2022
CUST17115,Richard,Wilson,Female,1966-12-04,England,05/01/2022
CUST17116,Amelia,Jones,Female,1991-03-02,England,23/12/2021
CUST17117,Emily,Walker,Female,1976-05-20,Scotland,12/12/2022
CUST17118,Karen,Taylor,Male,1996-01-12,England,28/12/2023
CUST17119,Olivia,Taylor,Female,1981-05-25,England,12/11/2021
CUST17120,Elizabeth,Davies,Female,1991-06-13,England,25/02/2022
CUST17121,Thomas,Davies,Female,2006-06-15,England,14/11/2021
CUST17122,Noah,Walker,Female,1961-02-02,England,20/01/2025
CUST17123,Noah,Robinson,Female,1971-10-26,England,04/10/2023
CUST17124,Barbara,Wright,Female,1996-06-09,Scotland,13/03/2022
CUST17125,Karen,Brown,Female,1956-06-12,England,26/03/2023
CUST17126,Olivia,Jones,Female,1991-11-17,England,27/03/2022
CUST17127,Joseph,Johnson,Female,1986-06-24,England,08/04/2022
CUST17128,Susan,Robinson,Female,1971-11-22,England,23/07/2022
CUST17129,Barbara,Johnson,Female,1991-03-21,Scotland,01/10/2023
CUST17130,Olivia,Johnson,Male,1986-11-03,Wales,24/12/2021
CUST17131,Linda,Johnson,Female,1981-12-03,England,23/10/2023
CUST17132,Jack,Jones,Female,2001-10-23,England,08/05/2022
CUST17133,Mary,Thompson,Female,1991-11-25,Scotland,26/06/2023
CUST17134,Jack,Jones,Female,1991-09-17,England,15/08/2023
CUST17135,Isla,Taylor,Female,1981-08-25,England,23/10/2023
CUST17136,James,Wilson,Female,2001-10-09,Wales,12/07/2023
CUST17137,Michael,Taylor,Female,1996-12-10,England,30/12/2022
CUST17138,Amelia,Johnson,Female,1976-08-05,England,28/09/2022
CUST17139,George,Williams,Male,2001-09-22,England,20/06/2024
CUST17140,Linda,Smith,Female,1991-01-19,England,22/08/2021
CUST17141,Linda,Jones,Female,1976-12-07,England,20/11/2023
CUST17142,Patricia,Brown,Male,1976-10-27,England,02/09/2021
CUST17143,Olivia,White,Male,2001-02-01,Scotland,12/10/2023
CUST17144,Jack,Jones,Male,1971-04-21,England,14/06/2023
CUST17145,Amelia,Thompson,Male,1976-03-06,England,04/01/2023
CUST17146,Jack,Brown,Female,1991-04-22,England,01/07/2023
CUST17147,Patricia,Evans,Female,1976-11-14,England,13/07/2022
CUST17148,Charles,Smith,Female,1976-06-07,England,12/03/2023
CUST17149,Elizabeth,Wright,Female,1981-06-02,England,19/09/2024
CUST17150,Robert,Thompson,Female,1986-10-17,England,10/07/2022
CUST17151,Richard,Brown,Male,1976-05-05,Scotland,03/08/2022
CUST17152,Thomas,White,Female,1956-11-13,England,30/09/2024
CUST17153,Harry,Brown,Female,1981-10-26,England,26/06/2023
CUST17154,Isla,Wilson,Male,1971-04-24,England,30/03/2024
CUST17155,Robert,Brown,Female,1976-08-14,England,11/07/2023
CUST17156,Olivia,Johnson,Male,1971-06-20,England,01/02/2024
CUST17157,Harry,Brown,Male,1961-05-23,England,16/01/2023
CUST17158,William,Taylor,Female,1996-11-17,England,15/02/2023
CUST17159,John,Johnson,Male,2001-05-06,England,21/05/2022
CUST17160,Noah,Wilson,Male,1981-02-22,Northern Ireland,10/04/2022
CUST17161,Patricia,Davies,Female,1986-05-03,England,30/09/2023
CUST17162,Karen,Johnson,Female,1981-07-15,England,06/03/2022
CUST17163,John,Thompson,Female,1976-02-22,England,26/08/2022
CUST17164,Barbara,Walker,Male,1966-09-16,England,03/01/2023
CUST17165,Sarah,Roberts,Female,1991-03-10,England,20/05/2023
CUST17166,Charles,Thompson,Male,1976-02-12,England,29/04/2023
CUST17167,David,Robinson,Female,1996-07-13,England,21/11/2024
CUST17168,Jessica,Walker,Male,1986-02-21,England,29/04/2024
CUST17169,Jack,Evans,Male,2006-10-27,England,12/11/2024
CUST17170,Olivia,Smith,Male,1986-01-22,England,15/07/2024
CUST17171,Noah,Smith,Female,1986-06-09,England,26/11/2021
CUST17172,Olivia,Davies,Male,1976-01-04,England,07/06/2023
CUST17173,David,Thompson,Female,1981-05-13,England,07/02/2023
CUST17174,Patricia,Brown,Female,1991-12-24,England,06/03/2023
CUST17175,William,Jones,Female,2006-08-18,England,25/11/2021
CUST17176,William,Evans,Male,2001-07-09,England,03/04/2024
CUST17177,Jennifer,Smith,Female,1961-02-03,England,01/10/2021
CUST17178,Charles,Evans,Male,1966-04-07,England,30/10/2022
CUST17179,Emily,Johnson,Female,1991-05-20,England,02/07/2023
CUST17180,Richard,Roberts,Male,1996-07-19,England,08/04/2023
CUST17181,Harry,White,Male,1986-03-13,England,30/12/2022
CUST17182,Patricia,Roberts,Male,1981-12-10,England,27/07/2022
CUST17183,Charles,Roberts,Male,1991-08-05,England,04/10/2022
CUST17184,Emily,Smith,Female,2006-04-27,England,17/03/2024
CUST17185,Michael,Walker,Female,1991-02-12,England,11/07/2023
CUST17186,Barbara,Williams,Male,1996-08-21,England,04/04/2023
CUST17187,Emily,Roberts,Male,1991-06-13,Wales,01/04/2023
CUST17188,Barbara,Roberts,Male,2001-09-16,England,20/04/2024
CUST17189,Barbara,Taylor,Female,1981-08-18,England,19/09/2024
CUST17190,Joseph,Taylor,Male,1986-08-10,England,22/07/2022
CUST17191,Olivia,Robinson,Male,1996-11-26,England,05/03/2022
CUST17192,Elizabeth,Williams,Female,1986-07-13,Scotland,04/09/2021
CUST17193,Mary,White,Female,1986-09-21,England,27/10/2024
CUST17194,Emily,White,Female,1976-05-25,England,19/03/2022
CUST17195,Isla,Smith,Female,1961-12-11,England,16/07/2023
CUST17196,Joseph,Evans,Male,2001-05-07,England,01/09/2023
CUST17197,Karen,Thompson,Female,1966-09-27,England,15/09/2023
CUST17198,Elizabeth,Johnson,Female,1976-12-22,England,18/11/2024
CUST17199,Sarah,Thompson,Male,1976-05-22,England,14/01/2023
CUST17200,Barbara,Thompson,Male,1991-02-26,England,12/09/2023
CUST17201,Thomas,Walker,Female,1991-03-01,England,20/08/2021
CUST17202,Jessica,Robinson,Male,2006-03-26,Wales,20/05/2024
CUST17203,Jessica,Wilson,Female,1956-01-04,England,29/08/2023
CUST17204,Linda,Johnson,Female,1981-07-04,England,20/01/2023
CUST17205,Charles,Roberts,Male,1991-04-06,England,26/03/2022
CUST17206,Oliver,Roberts,Female,1986-02-04,England,13/11/2023
CUST17207,Amelia,Roberts,Female,2006-02-03,England,23/12/2021
CUST17208,Elizabeth,Walker,Male,2001-04-04,England,01/04/2022
CUST17209,Noah,Taylor,Female,1981-05-14,Northern Ireland,01/07/2022
CUST17210,Oliver,Taylor,Female,1986-12-11,England,22/09/2023
CUST17211,Harry,White,Male,1976-09-10,England,14/01/2023
CUST17212,Olivia,Davies,Female,1981-09-05,England,11/10/2023
CUST17213,Jessica,White,Male,1981-09-27,England,21/04/2022
CUST17214,Jennifer,Johnson,Male,1971-10-09,England,28/04/2023
CUST17215,Karen,Wright,Female,2006-04-13,England,24/04/2024
CUST17216,David,Brown,Female,1976-02-04,England,10/10/2023
CUST17217,Jack,Johnson,Male,1976-07-06,England,02/06/2024
CUST17218,Sarah,Roberts,Male,1996-01-07,England,22/01/2023
CUST17219,David,Johnson,Female,1996-03-27,England,10/04/2022
CUST17220,George,Wright,Male,1996-10-05,England,30/04/2023
CUST17221,Isla,Williams,Male,1996-07-14,England,27/08/2022
CUST17222,Sarah,Smith,Male,1986-09-15,England,22/10/2021
CUST17223,Charles,Jones,Male,2001-07-02,England,17/09/2021
CUST17224,Harry,Johnson,Male,1981-07-10,England,19/01/2024
CUST17225,Jack,Evans,Male,2001-04-03,England,18/06/2022
CUST17226,Amelia,Smith,Female,2006-03-05,England,27/08/2022
CUST17227,Harry,Smith,Female,1991-04-19,Scotland,12/06/2023
CUST17228,Oliver,Jones,Male,1996-10-16,England,03/11/2024
CUST17229,Olivia,Wilson,Male,1956-12-14,England,08/11/2023
CUST17230,Richard,Smith,Male,1991-01-06,England,28/04/2022
CUST17231,Susan,Walker,Female,1996-07-17,Wales,10/07/2022
CUST17232,Olivia,Davies,Male,1996-06-25,England,01/09/2023
CUST17233,Oliver,Brown,Male,1991-07-23,England,02/03/2023
CUST17234,William,Thompson,Female,1981-03-05,England,23/07/2024
CUST17235,Karen,Williams,Female,1976-01-19,England,26/05/2024
CUST17236,Emily,Robinson,Male,1991-03-07,England,18/03/2023
CUST17237,Elizabeth,Johnson,Male,1981-03-24,England,21/05/2023
CUST17238,George,Walker,Female,1986-01-13,England,24/09/2022
CUST17239,Oliver,Roberts,Female,1971-05-21,England,14/06/2024
CUST17240,Olivia,Brown,Male,1986-09-15,England,14/08/2023
CUST17241,Barbara,Wright,Female,1996-12-19,England,21/05/2024
CUST17242,Noah,Evans,Female,1976-08-26,England,07/10/2023
CUST17243,Amelia,Evans,Female,1971-03-04,England,09/01/2022
CUST17244,Emily,Evans,Female,1986-05-25,England,25/08/2024
CUST17245,Richard,Robinson,Male,1956-04-14,England,29/07/2024
CUST17246,Olivia,Davies,Female,1971-03-04,England,03/03/2022
CUST17247,James,Wilson,Female,1996-12-12,England,13/11/2024
CUST17248,Thomas,Roberts,Male,1976-08-02,Scotland,20/12/2023
CUST17249,Susan,Jones,Female,1981-06-15,England,23/06/2022
CUST17250,Robert,Brown,Male,1986-06-13,England,15/10/2023
CUST17251,Isla,Robinson,Female,1986-04-11,England,26/01/2025
CUST17252,Olivia,Evans,Male,1971-06-12,England,26/07/2024
CUST17253,William,Williams,Female,1981-08-17,Scotland,22/04/2024
CUST17254,Amelia,White,Female,1986-12-23,England,18/09/2021
CUST17255,Susan,Walker,Male,2006-06-11,England,20/09/2021
CUST17256,Jessica,Walker,Male,1986-03-01,England,19/03/2023
CUST17257,Patricia,Davies,Female,1966-12-16,England,31/08/2024
CUST17258,George,Roberts,Female,1976-04-26,England,29/05/2022
CUST17259,Noah,Wright,Male,2006-01-11,England,08/07/2022
CUST17260,Charles,Brown,Female,1966-07-04,England,14/02/2023
CUST17261,Olivia,Jones,Male,1971-10-25,England,24/05/2022
CUST17262,Charles,Smith,Male,1986-04-12,Northern Ireland,21/09/2021
CUST17263,Karen,Walker,Male,2006-04-11,England,28/08/2023
CUST17264,Amelia,Thompson,Male,1986-04-08,England,26/10/2023
CUST17265,Barbara,Robinson,Male,2006-10-20,England,13/03/2024
CUST17266,Patricia,Wilson,Male,1991-12-04,Scotland,18/06/2023
CUST17267,Patricia,Smith,Male,1981-11-17,England,28/11/2024
CUST17268,Olivia,Robinson,Male,1966-03-10,England,18/07/2022
CUST17269,Isla,Jones,Female,1991-11-11,England,05/02/2025
CUST17270,Emily,Wilson,Female,1971-04-06,England,02/10/2023
CUST17271,William,Thompson,Female,1966-11-22,England,05/07/2024
CUST17272,Sarah,Jones,Female,2006-12-13,England,12/01/2024
CUST17273,George,White,Male,1996-09-26,England,21/09/2024
CUST17274,Emily,Davies,Female,1976-12-23,England,21/11/2021
CUST17275,Jennifer,Evans,Male,1976-02-21,England,07/04/2022
CUST17276,James,Williams,Male,1991-08-13,England,05/03/2022
CUST17277,Robert,Robinson,Female,1981-01-26,England,08/04/2022
CUST17278,John,Wilson,Male,1981-08-16,England,20/06/2023
CUST17279,John,Roberts,Male,1976-05-12,Scotland,22/09/2022
CUST17280,Jessica,Evans,Male,1976-12-10,England,27/09/2024
CUST17281,Emily,Robinson,Male,2001-06-25,England,11/02/2023
CUST17282,Jennifer,Taylor,Female,2001-10-07,England,27/04/2022
CUST17283,Linda,Johnson,Male,2001-04-24,England,06/07/2024
CUST17284,Noah,Robinson,Female,1966-01-07,England,28/05/2023
CUST17285,Emily,Thompson,Male,1966-09-21,England,03/10/2021
CUST17286,John,Wright,Male,1976-03-08,England,16/11/2021
CUST17287,Oliver,Evans,Male,2001-09-23,England,29/05/2024
CUST17288,Sarah,Evans,Female,1981-06-23,England,28/11/2024
CUST17289,Charles,Thompson,Male,1996-12-20,England,20/03/2023
CUST17290,William,Walker,Female,1991-05-27,England,09/06/2023
CUST17291,Olivia,Wilson,Male,1996-05-14,England,28/12/2022
CUST17292,Thomas,Roberts,Female,1971-09-23,England,17/11/2023
CUST17293,Mary,Robinson,Male,2001-10-15,England,07/07/2024
CUST17294,Charles,White,Female,1981-02-02,England,24/09/2022
CUST17295,Thomas,Taylor,Female,1956-09-12,England,25/06/2022
CUST17296,Robert,Jones,Male,1981-06-01,England,14/10/2021
CUST17297,Noah,Wright,Male,2006-12-18,England,08/12/2021
CUST17298,Richard,Roberts,Female,1966-08-05,England,05/11/2021
CUST17299,Amelia,Taylor,Female,1981-10-09,England,11/08/2024
CUST17300,John,Brown,Female,1986-05-24,England,12/09/2021
CUST17301,Harry,Wilson,Female,1981-04-20,England,13/09/2022
CUST17302,Harry,White,Female,1971-10-10,England,13/01/2025
CUST17303,Harry,Johnson,Female,1986-01-14,England,08/02/2024
CUST17304,George,Wilson,Female,1986-07-16,England,23/06/2023
CUST17305,Thomas,Brown,Male,1986-12-10,England,18/06/2023
CUST17306,Richard,Evans,Female,2006-12-21,Scotland,24/03/2023
CUST17307,Olivia,Thompson,Male,1976-09-04,England,09/09/2021
CUST17308,Barbara,Robinson,Male,2001-06-12,England,28/12/2024
CUST17309,William,Williams,Female,1991-10-07,England,27/10/2024
CUST17310,Charles,Brown,Female,1991-01-19,England,14/12/2024
CUST17311,Elizabeth,Taylor,Female,1996-10-18,England,16/06/2022
CUST17312,Jack,Jones,Female,1991-03-22,England,30/01/2025
CUST17313,William,Johnson,Female,1981-09-10,England,13/07/2023
CUST17314,Oliver,Evans,Male,1991-05-07,England,18/07/2023
CUST17315,John,Brown,Female,2001-10-01,England,13/08/2021
CUST17316,William,Jones,Female,1971-08-24,England,21/11/2021
CUST17317,Joseph,Evans,Male,1961-12-09,Scotland,13/05/2022
CUST17318,Amelia,Thompson,Male,1986-10-21,England,30/08/2022
CUST17319,Oliver,Wilson,Male,1991-11-10,England,07/04/2024
CUST17320,Robert,White,Female,2006-02-09,England,29/09/2023
CUST17321,Sarah,Taylor,Female,2006-05-07,Scotland,23/09/2024
CUST17322,John,White,Female,1991-06-22,England,29/12/2022
CUST17323,Mary,Thompson,Female,1966-01-08,England,01/07/2023
CUST17324,Richard,Walker,Female,1976-01-09,England,05/11/2021
CUST17325,George,Williams,Female,1991-01-20,England,01/12/2022
CUST17326,Patricia,Wilson,Female,1961-10-14,England,16/12/2023
CUST17327,Richard,Williams,Male,1991-06-21,Scotland,20/10/2023
CUST17328,Jessica,White,Male,1996-10-03,England,14/05/2022
CUST17329,Patricia,Wright,Male,1991-11-26,England,04/08/2022
CUST17330,James,Robinson,Male,1996-01-07,Scotland,19/01/2024
CUST17331,Karen,Johnson,Male,1966-11-04,England,06/12/2021
CUST17332,Linda,Wright,Male,1991-03-03,Scotland,25/04/2024
CUST17333,James,Evans,Male,1981-05-09,England,27/06/2023
CUST17334,Mary,Wilson,Female,1991-12-12,Wales,31/12/2023
CUST17335,Susan,Roberts,Female,1966-04-03,Scotland,12/05/2022
CUST17336,Jennifer,Brown,Female,1981-12-17,England,27/08/2024
CUST17337,Mary,Roberts,Female,1986-07-17,England,17/10/2021
CUST17338,David,Johnson,Male,2001-01-21,England,02/04/2022
CUST17339,Isla,Brown,Female,1966-10-01,England,07/03/2024
CUST17340,Jessica,Wright,Female,1986-01-03,England,02/01/2022
CUST17341,Isla,White,Male,1996-08-06,England,27/12/2021
CUST17342,Jennifer,Wright,Female,1971-06-12,England,04/07/2024
CUST17343,Richard,White,Female,2006-02-16,England,11/06/2024
CUST17344,James,Johnson,Male,1991-07-06,England,22/01/2023
CUST17345,Jessica,Evans,Female,1986-05-10,England,01/02/2024
CUST17346,Linda,Williams,Male,1991-02-14,England,11/06/2024
CUST17347,Richard,Walker,Male,1986-07-15,Scotland,16/01/2025
CUST17348,Elizabeth,Thompson,Female,1996-01-15,England,26/04/2024
CUST17349,Linda,Wright,Female,2001-07-18,Scotland,07/04/2024
CUST17350,David,Wright,Female,2006-03-21,England,20/12/2023
CUST17351,John,White,Male,2001-10-23,England,15/08/2022
CUST17352,Noah,Walker,Female,1961-12-27,Scotland,09/01/2023
CUST17353,Olivia,Walker,Male,1981-12-11,England,10/12/2024
CUST17354,Susan,Williams,Male,1986-12-09,England,12/08/2022
CUST17355,Mary,Williams,Female,1991-02-08,England,24/09/2022
CUST17356,Oliver,Brown,Female,1976-07-10,England,04/07/2023
CUST17357,Jack,White,Male,2001-03-15,England,02/10/2021
CUST17358,Noah,Walker,Male,1996-02-17,England,19/11/2023
CUST17359,John,Walker,Male,1981-05-02,Scotland,16/10/2023
CUST17360,David,Evans,Female,1986-06-27,Scotland,21/07/2023
CUST17361,Jack,Wright,Male,1976-04-02,England,23/08/2022
CUST17362,Karen,Wilson,Male,1966-02-11,England,07/12/2023
CUST17363,Susan,Robinson,Female,1971-05-13,England,25/09/2024
CUST17364,John,Wilson,Female,1996-02-10,England,06/10/2022
CUST17365,Joseph,Jones,Female,2001-01-06,England,17/10/2024
CUST17366,Jack,Evans,Female,2001-06-15,England,02/08/2023
CUST17367,Emily,Jones,Male,1976-01-01,England,10/06/2024
CUST17368,Joseph,Williams,Female,1966-12-21,England,20/02/2024
CUST17369,Michael,Johnson,Male,1966-11-19,England,22/02/2023
CUST17370,Richard,Davies,Female,1996-12-21,England,15/04/2023
CUST17371,Mary,Jones,Male,1971-02-23,Scotland,23/02/2025
CUST17372,Jack,Wright,Male,1986-06-24,England,10/10/2021
CUST17373,David,Johnson,Female,1971-10-04,England,10/11/2023
CUST17374,Mary,Wright,Female,1986-07-23,England,07/01/2025
CUST17375,Linda,Roberts,Male,2001-04-16,England,24/11/2023
CUST17376,Oliver,Wilson,Female,2006-10-04,England,16/12/2024
CUST17377,Olivia,Williams,Female,1961-04-27,England,10/01/2023
CUST17378,William,Smith,Male,1991-12-22,England,22/11/2022
CUST17379,David,White,Female,1991-02-08,England,28/08/2021
CUST17380,Mary,Wright,Female,1991-09-25,England,13/02/2022
CUST17381,Noah,Jones,Female,1991-01-20,England,19/12/2021
CUST17382,William,Jones,Male,1961-11-13,Scotland,20/09/2023
CUST17383,Robert,Thompson,Male,2006-05-05,England,03/03/2024
CUST17384,Robert,Taylor,Female,2001-01-20,England,05/12/2022
CUST17385,Patricia,Wright,Male,1976-11-26,England,11/05/2022
CUST17386,Jack,Thompson,Male,1986-12-06,England,18/09/2024
CUST17387,Jessica,Davies,Female,2001-12-01,England,21/07/2024
CUST17388,Sarah,Smith,Female,2006-06-07,England,09/08/2023
CUST17389,Susan,Smith,Female,1996-01-08,England,14/12/2024
CUST17390,Amelia,Smith,Female,1996-03-11,Scotland,25/11/2024
CUST17391,Jennifer,Wright,Female,2006-01-27,England,26/02/2024
CUST17392,Patricia,Johnson,Male,1996-01-27,England,09/12/2023
CUST17393,James,Jones,Male,1976-02-19,Wales,25/06/2024
CUST17394,Harry,Thompson,Female,1971-07-06,England,08/08/2022
CUST17395,Barbara,Walker,Male,1966-10-06,Scotland,02/11/2024
CUST17396,Olivia,White,Male,1991-08-03,England,30/04/2023
CUST17397,James,Wilson,Male,1991-03-22,England,19/05/2024
CUST17398,William,Roberts,Female,1956-08-06,Wales,17/08/2024
CUST17399,Sarah,Johnson,Female,1976-03-25,England,30/03/2024
CUST17400,James,Wilson,Female,1986-06-17,England,30/08/2021
CUST17401,Amelia,Wilson,Male,1996-11-14,England,01/02/2023
CUST17402,Barbara,Robinson,Male,1991-02-26,England,29/05/2022
CUST17403,Isla,Smith,Female,1986-11-05,England,17/03/2022
CUST17404,William,Evans,Male,1986-04-13,England,13/04/2023
CUST17405,Linda,Jones,Male,2006-09-07,England,17/12/2021
CUST17406,Michael,Wilson,Male,1961-04-05,Wales,28/09/2021
CUST17407,Joseph,Robinson,Male,1981-02-26,England,25/11/2022
CUST17408,Harry,Roberts,Female,1981-06-17,England,12/03/2023
CUST17409,Harry,Roberts,Male,1996-05-05,Scotland,24/09/2022
CUST17410,James,Wright,Male,1976-07-03,England,01/02/2023
CUST17411,Karen,Smith,Male,1976-03-09,England,17/05/2024
CUST17412,Charles,Wilson,Female,2001-12-23,England,15/03/2022
CUST17413,James,Roberts,Female,1981-09-04,Scotland,22/08/2021
CUST17414,Sarah,Walker,Female,1981-11-21,England,01/05/2022
CUST17415,Amelia,Evans,Male,1971-10-03,England,18/03/2023
CUST17416,Oliver,Williams,Female,1996-09-10,Northern Ireland,05/12/2024
CUST17417,Richard,Davies,Female,1971-02-15,England,09/02/2023
CUST17418,Emily,Williams,Female,1986-08-04,Wales,19/09/2024
CUST17419,William,Smith,Female,2001-11-11,England,24/05/2024
CUST17420,Emily,Wright,Female,2001-02-08,England,22/03/2022
CUST17421,Robert,Brown,Male,1996-06-02,England,08/11/2022
CUST17422,John,White,Female,1996-03-01,England,27/04/2024
CUST17423,Olivia,Evans,Male,1986-10-04,England,11/09/2022
CUST17424,Amelia,Wilson,Male,1976-12-21,England,03/07/2023
CUST17425,Elizabeth,Smith,Female,1996-01-02,England,03/06/2024
CUST17426,Mary,Smith,Male,1956-10-14,England,03/06/2024
CUST17427,John,Walker,Female,2001-05-01,England,14/06/2024
CUST17428,Mary,Walker,Female,1981-12-06,Scotland,09/09/2022
CUST17429,Jennifer,Thompson,Male,1966-01-05,England,15/10/2022
CUST17430,Charles,Jones,Female,1971-03-10,England,20/07/2022
CUST17431,William,Wilson,Female,1981-09-21,England,03/11/2024
CUST17432,Susan,Thompson,Female,1976-10-12,England,02/08/2023
CUST17433,John,Wright,Female,2001-01-01,England,30/09/2022
CUST17434,Noah,White,Female,2006-02-04,England,22/02/2024
CUST17435,Linda,Johnson,Female,1986-05-09,England,28/08/2023
CUST17436,Elizabeth,Williams,Male,2001-01-08,England,20/11/2024
CUST17437,Sarah,Walker,Male,1991-10-16,England,20/09/2022
CUST17438,Charles,Brown,Female,1996-09-10,England,20/03/2023
CUST17439,Jack,Davies,Female,1966-09-21,Wales,06/06/2024
CUST17440,Elizabeth,Jones,Female,1966-06-07,Northern Ireland,02/06/2022
CUST17441,Jack,Roberts,Female,1971-08-19,Wales,25/01/2023
CUST17442,Sarah,Walker,Male,1976-07-03,England,04/05/2022
CUST17443,Barbara,Davies,Male,2001-09-27,England,02/07/2022
CUST17444,Jessica,Williams,Female,2006-06-27,England,27/09/2023
CUST17445,Elizabeth,Wilson,Male,1981-08-08,England,14/03/2022
CUST17446,Oliver,Robinson,Female,1981-08-07,England,31/03/2024
CUST17447,Olivia,Roberts,Female,1991-08-01,England,27/09/2022
CUST17448,Harry,Thompson,Male,1986-11-27,England,16/01/2022
CUST17449,Jessica,Wilson,Male,1986-05-02,England,15/04/2024
CUST17450,Emily,White,Female,1996-11-01,England,29/03/2022
CUST17451,Michael,Williams,Male,1991-01-03,Scotland,11/12/2022
CUST17452,Emily,Brown,Female,1991-06-08,England,20/12/2023
CUST17453,Amelia,Wright,Male,1981-06-27,England,08/08/2021
CUST17454,Emily,Brown,Female,1961-11-05,England,30/12/2023
CUST17455,George,Roberts,Male,1986-01-16,England,23/05/2024
CUST17456,Jennifer,Walker,Female,1976-03-18,England,08/12/2023
CUST17457,Jennifer,Roberts,Female,1971-06-22,England,14/12/2022
CUST17458,Jennifer,Smith,Male,2001-10-19,England,05/09/2024
CUST17459,Emily,Williams,Male,1981-06-27,Scotland,03/04/2024
CUST17460,John,Wilson,Male,1986-08-18,England,17/02/2025
CUST17461,William,Davies,Male,1981-03-23,England,24/03/2024
CUST17462,John,Thompson,Male,2006-12-09,Northern Ireland,05/02/2023
CUST17463,Olivia,Williams,Male,1966-10-12,England,11/08/2021
CUST17464,Jack,Smith,Male,1961-01-20,Scotland,10/06/2023
CUST17465,Elizabeth,Wilson,Female,2006-09-24,England,28/07/2024
CUST17466,John,Evans,Female,1996-02-01,England,10/01/2025
CUST17467,Barbara,Brown,Male,1996-07-12,England,27/01/2022
CUST17468,George,Thompson,Male,1976-09-22,England,17/08/2022
CUST17469,Mary,Taylor,Female,1981-12-04,England,30/04/2024
CUST17470,Thomas,Evans,Female,2001-01-10,England,04/12/2024
CUST17471,George,Taylor,Female,1971-04-15,England,05/06/2023
CUST17472,Isla,Wright,Male,1991-09-03,England,06/02/2023
CUST17473,Amelia,Wilson,Male,1986-04-25,Scotland,14/06/2024
CUST17474,Jennifer,Brown,Female,1991-09-10,England,10/11/2024
CUST17475,Emily,Roberts,Female,1986-03-22,England,21/06/2024
CUST17476,Elizabeth,Robinson,Male,1986-02-12,England,28/08/2022
CUST17477,Isla,Brown,Female,1996-07-11,England,03/11/2024
CUST17478,George,Robinson,Male,1991-09-27,England,08/03/2022
CUST17479,Barbara,Wilson,Male,1966-03-24,England,22/11/2022
CUST17480,Elizabeth,Thompson,Female,1986-11-14,Wales,20/09/2023
CUST17481,Elizabeth,Roberts,Female,1966-11-13,England,29/11/2022
CUST17482,Isla,White,Male,1986-01-22,England,19/01/2024
CUST17483,Sarah,Wright,Male,1976-04-19,England,10/08/2024
CUST17484,Karen,Thompson,Male,1996-07-27,England,30/03/2024
CUST17485,Susan,Jones,Male,1976-06-09,England,10/07/2022
CUST17486,David,Wilson,Male,1996-04-04,England,10/08/2021
CUST17487,Patricia,Williams,Female,2006-07-06,England,16/06/2023
CUST17488,Richard,Smith,Female,2001-12-15,Wales,28/05/2024
CUST17489,Isla,Wright,Female,2006-04-09,Scotland,09/07/2024
CUST17490,Jessica,Brown,Male,1961-03-22,England,12/10/2021
CUST17491,Thomas,Walker,Female,1956-09-24,England,09/02/2025
CUST17492,Elizabeth,Taylor,Male,1976-07-06,England,17/01/2024
CUST17493,Jack,Evans,Male,2001-09-27,England,04/03/2022
CUST17494,Jack,Jones,Male,1966-08-18,England,03/11/2024
CUST17495,Susan,Davies,Male,1976-10-08,England,08/07/2022
CUST17496,Mary,Roberts,Male,1991-09-06,Scotland,12/01/2025
CUST17497,David,Robinson,Female,1986-08-05,England,16/03/2023
CUST17498,George,Taylor,Female,1981-06-13,England,18/10/2021
CUST17499,Mary,White,Female,2006-06-02,England,07/09/2023
CUST17500,Jessica,Taylor,Male,1986-04-04,England,10/03/2023
CUST17501,Elizabeth,Wilson,Male,1976-06-21,England,26/01/2022
CUST17502,Joseph,Brown,Male,1996-08-14,England,02/07/2023
CUST17503,Richard,Robinson,Female,1986-09-15,England,13/02/2023
CUST17504,Mary,Jones,Female,1986-10-09,England,12/08/2022
CUST17505,Mary,Roberts,Male,1976-05-16,England,08/12/2024
CUST17506,Jack,Taylor,Male,1961-09-10,England,13/01/2022
CUST17507,Noah,Brown,Female,1971-06-02,England,31/01/2024
CUST17508,George,Wright,Female,1981-05-16,England,22/02/2022
CUST17509,Mary,Robinson,Female,1981-02-03,England,22/08/2021
CUST17510,John,Roberts,Male,1981-04-19,England,29/06/2023
CUST17511,Amelia,Taylor,Female,1986-09-25,England,01/04/2023
CUST17512,Mary,White,Female,2006-03-19,England,26/06/2023
CUST17513,John,Walker,Male,1976-01-16,England,08/11/2021
CUST17514,David,Walker,Male,1976-04-27,England,12/12/2023
CUST17515,Mary,Robinson,Male,1986-12-06,England,14/12/2022
CUST17516,Isla,Walker,Female,1971-02-21,Scotland,05/07/2023
CUST17517,Mary,Jones,Male,1981-02-06,England,20/03/2022
CUST17518,Isla,Wilson,Female,1991-05-01,England,22/11/2021
CUST17519,Robert,Williams,Female,2006-05-07,England,13/05/2023
CUST17520,Thomas,Evans,Female,2006-12-14,England,14/02/2025
CUST17521,Robert,White,Female,1991-03-02,England,10/12/2021
CUST17522,James,Brown,Male,1986-06-08,England,21/02/2024
CUST17523,Sarah,Brown,Female,2001-04-02,England,11/07/2022
CUST17524,David,Jones,Male,1996-03-07,England,14/08/2022
CUST17525,Robert,Davies,Female,1996-04-20,England,24/06/2024
CUST17526,Oliver,Johnson,Female,1976-04-05,England,12/05/2022
CUST17527,Mary,White,Female,1976-09-08,England,25/09/2024
CUST17528,Olivia,Evans,Male,1991-10-04,England,07/08/2023
CUST17529,Isla,Walker,Female,2001-03-11,England,20/02/2023
CUST17530,Susan,Walker,Female,2001-06-21,England,30/03/2023
CUST17531,Richard,Robinson,Female,2001-04-15,England,23/10/2023
CUST17532,Barbara,Evans,Female,1991-11-06,England,18/08/2023
CUST17533,Jessica,Brown,Male,2006-02-09,England,10/02/2022
CUST17534,Emily,Smith,Female,1991-05-19,England,19/11/2022
CUST17535,Patricia,Roberts,Female,1961-04-13,England,15/10/2024
CUST17536,Olivia,Johnson,Male,1986-05-13,England,21/06/2023
CUST17537,Robert,Evans,Male,1971-12-24,England,02/05/2023
CUST17538,Patricia,Johnson,Male,2001-07-23,England,08/11/2024
CUST17539,Michael,Wilson,Male,1996-05-07,England,16/08/2023
CUST17540,Karen,Roberts,Male,1961-10-20,England,24/09/2023
CUST17541,Karen,Robinson,Female,1991-10-22,England,01/11/2024
CUST17542,John,Wright,Female,1981-02-25,England,30/12/2023
CUST17543,Jessica,Taylor,Female,1961-06-08,Scotland,28/01/2022
CUST17544,Karen,Walker,Female,1986-05-20,Scotland,14/09/2021
CUST17545,Linda,Thompson,Female,1991-06-06,England,04/01/2025
CUST17546,Karen,Thompson,Female,1986-05-13,England,16/03/2024
CUST17547,William,Robinson,Female,2006-10-02,England,23/04/2023
CUST17548,Jessica,Thompson,Male,2001-12-17,England,06/02/2025
CUST17549,Jessica,Evans,Male,2006-01-19,England,24/08/2021
CUST17550,Sarah,Brown,Female,1966-11-13,England,14/04/2022
CUST17551,John,Johnson,Male,1981-11-12,England,28/09/2023
CUST17552,George,Roberts,Male,1996-05-07,England,20/01/2022
CUST17553,Barbara,Robinson,Male,1996-06-21,Northern Ireland,05/03/2022
CUST17554,Jack,Walker,Male,1981-02-25,England,25/02/2024
CUST17555,Susan,Walker,Male,1966-05-04,Wales,02/02/2024
CUST17556,Isla,Wilson,Male,1996-03-08,Scotland,30/08/2024
CUST17557,William,Johnson,Female,1991-11-17,England,21/09/2024
CUST17558,Robert,Robinson,Female,1971-02-10,Wales,16/02/2023
CUST17559,Harry,Johnson,Male,1966-05-01,England,01/07/2023
CUST17560,Sarah,Taylor,Male,1966-06-01,England,19/08/2024
CUST17561,Robert,Taylor,Female,1996-12-07,England,25/10/2022
CUST17562,Harry,Johnson,Female,2001-10-27,England,23/11/2022
CUST17563,Sarah,Wright,Male,1986-12-17,England,07/10/2024
CUST17564,John,Robinson,Male,1996-04-07,England,10/12/2022
CUST17565,Richard,Robinson,Female,1966-04-02,England,19/01/2025
CUST17566,Jessica,Davies,Male,2006-07-21,England,13/06/2024
CUST17567,Karen,Thompson,Male,1981-05-11,Scotland,09/06/2023
CUST17568,Michael,Davies,Female,1966-01-11,England,10/04/2023
CUST17569,Linda,Evans,Female,1961-10-16,England,25/11/2021
CUST17570,Karen,Jones,Female,1981-02-07,England,26/09/2024
CUST17571,Elizabeth,Thompson,Male,1961-03-20,England,16/12/2021
CUST17572,Susan,Taylor,Female,2006-12-09,Scotland,16/11/2022
CUST17573,George,Smith,Male,1991-09-20,England,20/05/2022
CUST17574,James,Robinson,Male,2006-08-14,England,19/08/2023
CUST17575,Karen,Davies,Male,1956-02-05,England,11/01/2022
CUST17576,Harry,Robinson,Male,1966-04-17,England,21/12/2023
CUST17577,Olivia,Williams,Female,2006-03-03,England,25/08/2022
CUST17578,Noah,Taylor,Male,2006-08-20,England,12/12/2021
CUST17579,Olivia,Roberts,Female,1991-07-11,England,09/04/2023
CUST17580,Emily,Smith,Female,1996-05-19,England,17/12/2023
CUST17581,Karen,Smith,Male,1971-09-07,England,30/12/2023
CUST17582,William,Thompson,Male,2001-10-11,England,09/02/2022
CUST17583,Barbara,Jones,Female,1976-09-09,England,13/08/2024
CUST17584,Thomas,Wright,Female,1986-02-07,England,24/05/2022
CUST17585,Susan,Williams,Male,1991-08-10,England,12/10/2023
CUST17586,George,Thompson,Female,2001-03-02,England,22/10/2024
CUST17587,Mary,Walker,Male,1956-04-11,England,23/06/2023
CUST17588,John,Davies,Female,1981-12-04,England,13/08/2021
CUST17589,David,Robinson,Male,1986-05-15,England,04/02/2023
CUST17590,Michael,Johnson,Female,1991-10-03,England,21/01/2024
CUST17591,Robert,Jones,Male,1966-03-01,England,28/09/2021
CUST17592,Susan,Wright,Male,1971-12-12,England,01/12/2024
CUST17593,Karen,Evans,Female,1971-04-09,England,30/09/2021
CUST17594,Noah,Smith,Female,1981-03-24,England,21/09/2022
CUST17595,Barbara,Johnson,Male,1966-04-08,England,20/01/2025
CUST17596,Michael,Taylor,Female,1996-03-11,England,08/12/2022
CUST17597,Emily,Thompson,Male,1976-08-07,England,19/05/2024
CUST17598,Karen,Evans,Male,1991-02-25,Scotland,23/02/2025
CUST17599,Noah,Brown,Female,1981-03-22,England,05/04/2023
CUST17600,Robert,Jones,Female,1956-09-05,England,04/08/2024
CUST17601,Karen,Walker,Male,1956-01-07,England,08/05/2023
CUST17602,Michael,Wright,Male,1986-06-06,England,16/01/2024
CUST17603,Thomas,Wilson,Female,1981-09-05,England,25/10/2021
CUST17604,Patricia,Brown,Male,1966-06-07,England,05/09/2023
CUST17605,Sarah,Brown,Female,1956-01-23,England,05/07/2023
CUST17606,Sarah,White,Male,1976-02-13,England,14/10/2023
CUST17607,Charles,Smith,Male,2006-12-11,England,17/11/2024
CUST17608,Harry,Walker,Male,1991-10-06,England,14/12/2023
CUST17609,Jennifer,White,Male,1966-05-05,England,05/09/2024
CUST17610,Thomas,Jones,Male,1976-11-15,Northern Ireland,24/10/2022
CUST17611,Richard,Brown,Female,1976-01-21,England,19/03/2023
CUST17612,Jessica,Smith,Female,1981-01-16,England,01/08/2024
CUST17613,Patricia,Davies,Male,1991-11-18,England,20/03/2023
CUST17614,Patricia,Johnson,Female,1991-09-08,England,13/12/2021
CUST17615,Harry,Wilson,Female,1971-08-26,England,23/07/2023
CUST17616,Harry,Johnson,Male,1996-05-23,England,20/09/2022
CUST17617,James,Smith,Female,1981-10-24,England,14/03/2023
CUST17618,Richard,Walker,Male,1976-08-19,England,04/12/2021
CUST17619,Jennifer,Jones,Female,1971-06-19,England,06/11/2023
CUST17620,Mary,Wilson,Female,1991-05-02,England,16/11/2023
CUST17621,Isla,Robinson,Male,1976-05-05,England,08/10/2021
CUST17622,David,Roberts,Female,2001-07-04,England,28/05/2024
CUST17623,Linda,Jones,Male,2001-08-14,England,08/01/2022
CUST17624,Michael,Thompson,Male,1991-10-16,England,06/05/2023
CUST17625,George,White,Female,2006-05-04,England,12/04/2023
CUST17626,Jennifer,White,Female,1961-04-21,England,10/01/2024
CUST17627,Linda,Walker,Male,1966-07-15,Northern Ireland,02/02/2023
CUST17628,Joseph,Walker,Female,2006-08-17,Wales,06/12/2021
CUST17629,James,Thompson,Female,1971-04-25,Scotland,09/04/2024
CUST17630,Robert,Evans,Male,1986-01-16,Scotland,31/12/2023
CUST17631,Oliver,Wilson,Female,1976-04-01,England,06/07/2023
CUST17632,Barbara,Taylor,Female,1966-01-21,England,25/07/2023
CUST17633,Isla,White,Male,1981-01-24,England,10/09/2023
CUST17634,Noah,Evans,Female,2001-12-03,England,25/06/2023
CUST17635,Olivia,Walker,Male,2006-10-15,England,28/08/2021
CUST17636,William,Wright,Female,1986-01-13,Scotland,12/05/2023
CUST17637,Jennifer,Roberts,Female,1961-05-05,England,28/09/2024
CUST17638,Linda,Evans,Female,1981-04-08,England,03/08/2022
CUST17639,Joseph,Johnson,Male,1991-12-24,England,27/02/2022
CUST17640,Emily,Brown,Female,2006-06-11,England,02/02/2024
CUST17641,George,Smith,Female,1966-04-15,England,06/10/2022
CUST17642,Elizabeth,Wright,Male,1991-08-21,England,30/01/2024
CUST17643,Sarah,Wilson,Male,1976-06-13,England,24/02/2024
CUST17644,Robert,Wright,Female,1976-03-25,England,22/12/2022
CUST17645,Sarah,White,Female,1996-04-14,England,11/12/2021
CUST17646,Oliver,Evans,Female,2006-02-27,England,25/09/2021
CUST17647,George,Robinson,Male,1991-09-04,Scotland,07/02/2024
CUST17648,John,Jones,Female,1991-12-24,England,20/10/2022
CUST17649,George,Smith,Male,1976-10-04,England,14/12/2022
CUST17650,Jack,Roberts,Male,1971-05-22,Scotland,13/06/2022
CUST17651,Emily,Williams,Male,1996-06-18,England,12/02/2023
CUST17652,Jessica,Johnson,Male,1986-01-16,England,24/05/2024
CUST17653,Michael,Roberts,Male,2006-05-24,England,20/09/2021
CUST17654,Elizabeth,Johnson,Female,1996-01-18,England,30/10/2022
CUST17655,Jessica,Brown,Female,1976-09-19,England,08/12/2024
CUST17656,Jennifer,Thompson,Female,1976-11-21,England,23/11/2021
CUST17657,Jennifer,Walker,Female,1976-03-23,England,02/02/2022
CUST17658,Thomas,Taylor,Female,2001-09-07,England,27/06/2024
CUST17659,Jessica,Walker,Male,1986-08-23,England,16/11/2023
CUST17660,Jennifer,Taylor,Male,1991-06-16,England,23/08/2024
CUST17661,James,Thompson,Male,1956-09-01,England,30/01/2022
CUST17662,Charles,Robinson,Male,1981-09-25,England,16/03/2022
CUST17663,Noah,Walker,Female,1966-04-21,England,19/08/2024
CUST17664,Barbara,Walker,Male,2001-10-25,England,29/11/2022
CUST17665,Olivia,Brown,Male,1986-08-21,England,15/09/2021
CUST17666,Isla,Davies,Female,1976-04-10,England,24/06/2023
CUST17667,John,Robinson,Male,1991-09-10,England,09/10/2021
CUST17668,Elizabeth,Williams,Female,1981-08-08,Scotland,05/07/2022
CUST17669,Oliver,Davies,Male,1986-02-12,England,29/11/2022
CUST17670,Isla,Walker,Male,1956-02-01,England,30/10/2022
CUST17671,Olivia,Roberts,Female,2001-04-21,Scotland,19/09/2024
CUST17672,Amelia,Johnson,Male,1966-01-21,England,13/02/2022
CUST17673,Richard,Brown,Male,1991-05-27,England,18/09/2021
CUST17674,Thomas,White,Female,1986-06-15,England,03/12/2023
CUST17675,William,Davies,Female,1986-10-27,Scotland,26/07/2022
CUST17676,Thomas,Davies,Male,1996-03-06,Scotland,22/09/2024
CUST17677,Emily,Smith,Male,1961-07-13,England,17/02/2024
CUST17678,Charles,Thompson,Female,1966-08-22,Scotland,01/11/2021
CUST17679,David,Brown,Male,1961-06-22,England,21/04/2023
CUST17680,Susan,Jones,Female,1956-11-21,England,02/05/2023
CUST17681,Jennifer,Wilson,Male,1981-04-13,Scotland,28/10/2024
CUST17682,Emily,Walker,Female,1986-05-02,England,21/04/2022
CUST17683,Barbara,Roberts,Male,1971-01-24,Wales,01/02/2025
CUST17684,Patricia,Brown,Female,2006-05-11,England,28/02/2023
CUST17685,James,Wilson,Male,1971-01-18,England,18/03/2023
CUST17686,Noah,Wilson,Female,1986-12-04,England,23/06/2022
CUST17687,Jennifer,Robinson,Male,1981-03-26,England,17/07/2023
CUST17688,Joseph,Roberts,Female,1991-10-07,Northern Ireland,11/06/2022
CUST17689,Linda,Robinson,Male,1991-02-27,England,23/06/2024
CUST17690,Jack,Jones,Male,2006-04-20,England,09/05/2024
CUST17691,George,Roberts,Male,1991-02-09,England,04/01/2024
CUST17692,Linda,Robinson,Female,1991-05-10,England,30/08/2024
CUST17693,Amelia,Wilson,Male,1996-08-27,England,05/06/2023
CUST17694,Linda,Walker,Male,1996-06-17,England,18/03/2024
CUST17695,George,Walker,Male,1981-08-19,England,06/12/2024
CUST17696,George,Walker,Male,1991-10-17,Northern Ireland,28/10/2022
CUST17697,Amelia,Evans,Female,1971-01-07,England,05/12/2024
CUST17698,Harry,Brown,Female,2001-06-04,England,22/08/2021
CUST17699,Michael,Thompson,Male,1981-08-01,England,05/10/2021
CUST17700,Jennifer,Roberts,Female,2001-07-11,England,08/09/2023
CUST17701,Oliver,Roberts,Female,1986-02-19,England,18/11/2023
CUST17702,Isla,Jones,Female,1986-03-09,England,17/03/2022
CUST17703,John,Johnson,Male,1981-05-07,England,19/12/2021
CUST17704,Charles,Davies,Female,1991-08-11,England,18/11/2023
CUST17705,George,Wright,Female,1986-12-07,England,19/06/2024
CUST17706,Barbara,Evans,Male,1996-05-12,England,19/12/2021
CUST17707,Thomas,Taylor,Male,1986-07-15,England,14/01/2023
CUST17708,Susan,Jones,Female,1991-04-08,England,16/12/2023
CUST17709,Noah,Williams,Male,1981-01-01,England,17/12/2022
CUST17710,Olivia,Thompson,Male,1986-05-03,England,05/06/2022
CUST17711,Mary,Wright,Female,1976-05-12,England,05/09/2024
CUST17712,George,Smith,Female,1991-02-05,England,28/08/2022
CUST17713,Mary,Taylor,Female,1996-09-22,England,13/02/2023
CUST17714,Susan,Robinson,Male,1996-04-05,England,19/07/2022
CUST17715,Mary,Thompson,Female,2006-03-01,Scotland,04/06/2022
CUST17716,Barbara,Robinson,Male,1986-05-17,England,22/10/2022
CUST17717,Jennifer,Thompson,Male,1971-12-17,England,18/12/2021
CUST17718,Amelia,Thompson,Female,1976-08-19,Northern Ireland,13/09/2023
CUST17719,Charles,Robinson,Male,1986-06-05,Wales,01/11/2022
CUST17720,Jessica,Wright,Female,1996-10-19,Scotland,02/06/2022
CUST17721,Linda,Williams,Male,1971-01-24,England,12/12/2021
CUST17722,Olivia,Wilson,Female,2006-05-17,England,17/09/2024
CUST17723,Noah,White,Male,1991-07-11,England,18/06/2023
CUST17724,Mary,Taylor,Male,1971-06-14,England,02/01/2022
CUST17725,Michael,Evans,Female,1991-09-22,England,05/08/2022
CUST17726,Barbara,Roberts,Female,2001-09-04,England,01/02/2025
CUST17727,Linda,Wilson,Female,1996-06-20,Scotland,12/11/2024
CUST17728,Michael,Williams,Female,1981-12-08,England,10/05/2024
CUST17729,Harry,Wilson,Male,2001-12-24,England,27/09/2021
CUST17730,Oliver,Robinson,Female,1981-06-04,England,03/11/2021
CUST17731,Elizabeth,Brown,Female,1986-11-14,England,04/12/2022
CUST17732,Michael,Davies,Male,1991-08-11,England,14/08/2021
CUST17733,Olivia,Johnson,Male,1996-02-14,England,23/05/2024
CUST17734,Emily,Jones,Female,1971-02-11,Wales,22/08/2023
CUST17735,Mary,Williams,Female,1991-01-02,England,01/09/2023
CUST17736,Jessica,Johnson,Female,1976-03-24,England,02/03/2024
CUST17737,Elizabeth,Williams,Female,1986-04-15,England,14/02/2022
CUST17738,William,Thompson,Male,2001-01-17,England,24/11/2022
CUST17739,Olivia,Walker,Female,1986-08-15,England,08/08/2021
CUST17740,John,Roberts,Male,1986-05-15,England,16/07/2024
CUST17741,Patricia,Johnson,Male,1986-08-17,England,11/01/2025
CUST17742,Mary,Jones,Male,1971-07-12,England,24/09/2023
CUST17743,William,Jones,Male,1966-04-04,England,04/11/2022
CUST17744,Patricia,Thompson,Male,1976-08-01,England,28/01/2025
CUST17745,David,Brown,Male,1981-12-15,England,07/03/2024
CUST17746,Mary,White,Female,1986-04-06,England,07/02/2023
CUST17747,Mary,Smith,Female,1981-04-13,England,15/06/2022
CUST17748,Olivia,White,Female,1996-07-17,England,28/12/2021
CUST17749,James,Johnson,Female,1971-10-17,England,24/04/2022
CUST17750,Isla,Jones,Male,1971-07-05,England,29/08/2023
CUST17751,Sarah,Davies,Male,1996-10-18,England,20/02/2024
CUST17752,Jack,Walker,Male,1966-01-26,Scotland,14/11/2021
CUST17753,Susan,Jones,Female,1971-02-10,England,09/12/2021
CUST17754,Sarah,Wright,Female,1991-05-04,England,09/06/2023
CUST17755,Olivia,Roberts,Female,1966-03-14,Northern Ireland,16/12/2021
CUST17756,David,Davies,Female,2001-01-17,England,13/04/2023
CUST17757,Robert,Evans,Male,2006-03-11,Scotland,20/05/2024
CUST17758,Isla,Wright,Female,1991-04-17,England,24/03/2022
CUST17759,Susan,Brown,Female,1986-12-21,England,02/08/2022
CUST17760,Olivia,Davies,Male,1991-10-16,Northern Ireland,26/12/2024
CUST17761,John,White,Female,1961-05-22,England,07/12/2021
CUST17762,Patricia,White,Male,1996-12-04,England,07/07/2024
CUST17763,William,Davies,Male,1996-11-08,England,24/09/2024
CUST17764,Linda,Evans,Male,1981-04-15,Scotland,08/10/2024
CUST17765,Robert,Robinson,Female,2006-06-08,England,23/02/2023
CUST17766,Barbara,Brown,Female,1976-12-27,Scotland,23/10/2022
CUST17767,William,Johnson,Female,1991-06-19,England,08/05/2023
CUST17768,Michael,Brown,Female,1961-05-12,England,04/07/2024
CUST17769,Michael,Evans,Female,1976-11-21,England,17/08/2023
CUST17770,Noah,Smith,Male,2006-08-27,England,14/03/2022
CUST17771,Susan,Smith,Female,2001-06-01,England,01/02/2022
CUST17772,Thomas,Walker,Female,2001-11-16,Scotland,08/10/2024
CUST17773,Olivia,White,Male,1961-09-12,England,16/12/2024
CUST17774,Oliver,Williams,Male,1981-05-21,England,30/06/2024
CUST17775,Thomas,White,Female,1991-06-09,England,22/05/2024
CUST17776,Susan,Taylor,Female,1996-01-09,England,17/12/2024
CUST17777,Barbara,Evans,Female,1971-02-21,England,10/02/2023
CUST17778,Jessica,Williams,Female,1996-12-25,Scotland,16/08/2022
CUST17779,Robert,Roberts,Female,1976-01-04,England,04/12/2022
CUST17780,Jennifer,Johnson,Female,1976-11-17,England,26/07/2024
CUST17781,Jennifer,Wilson,Female,1996-03-22,England,04/07/2022
CUST17782,Amelia,Wilson,Female,1986-07-05,England,01/03/2024
CUST17783,Richard,Evans,Female,1996-09-18,Scotland,12/11/2023
CUST17784,Oliver,Davies,Male,1991-12-27,Northern Ireland,21/02/2023
CUST17785,Harry,Wilson,Male,1961-05-23,England,12/07/2022
CUST17786,Jessica,Wilson,Female,1976-12-06,England,12/08/2022
CUST17787,Oliver,White,Female,1971-06-27,England,02/07/2022
CUST17788,Linda,White,Female,1986-11-10,England,31/10/2022
CUST17789,Patricia,Wright,Female,1996-02-13,England,06/08/2022
CUST17790,Isla,Wilson,Male,1976-04-08,England,18/12/2024
CUST17791,Jennifer,Jones,Male,1986-08-19,Scotland,15/03/2023
CUST17792,Olivia,Johnson,Female,2001-09-04,England,08/11/2021
CUST17793,David,Thompson,Male,1991-10-20,England,13/07/2023
CUST17794,Patricia,Jones,Male,1981-05-02,England,27/04/2024
CUST17795,George,Taylor,Male,1976-08-23,England,16/02/2024
CUST17796,Oliver,Johnson,Female,1996-08-09,England,21/12/2022
CUST17797,Susan,White,Male,1971-12-14,England,22/08/2024
CUST17798,David,Davies,Male,1991-02-07,England,09/05/2023
CUST17799,Olivia,Brown,Male,1996-01-03,England,13/05/2023
CUST17800,Elizabeth,Walker,Male,1996-07-01,England,08/03/2024
CUST17801,William,Thompson,Male,1971-01-27,England,26/04/2023
CUST17802,Noah,Williams,Male,1991-03-04,Wales,27/07/2022
CUST17803,Richard,Jones,Male,1986-07-02,England,16/10/2024
CUST17804,Charles,Wright,Female,1996-04-14,England,21/12/2024
CUST17805,Thomas,White,Male,1981-04-26,England,10/09/2022
CUST17806,Karen,Thompson,Male,1976-05-03,Scotland,19/11/2021
CUST17807,Jennifer,Taylor,Female,1991-09-07,England,02/07/2022
CUST17808,Elizabeth,White,Male,1961-05-16,England,14/02/2023
CUST17809,Sarah,Robinson,Male,2006-10-14,England,27/03/2023
CUST17810,Patricia,Walker,Female,2001-02-04,England,04/09/2021
CUST17811,William,Evans,Male,1981-02-26,England,22/02/2024
CUST17812,Amelia,Williams,Male,1976-02-10,England,15/02/2024
CUST17813,David,Jones,Female,1996-12-19,England,15/05/2024
CUST17814,Jessica,Roberts,Male,1986-04-13,England,12/03/2023
CUST17815,Isla,Smith,Female,1991-01-16,England,16/09/2021
CUST17816,David,White,Male,1986-04-25,England,19/12/2022
CUST17817,Jennifer,Taylor,Male,1981-09-09,England,08/05/2023
CUST17818,James,Wilson,Female,1961-05-22,England,28/03/2023
CUST17819,Olivia,Smith,Male,1986-05-08,Wales,20/03/2024
CUST17820,Richard,Williams,Male,1981-02-09,Northern Ireland,04/06/2024
CUST17821,Noah,Evans,Female,1981-09-01,England,29/06/2022
CUST17822,James,Wright,Male,1991-03-10,England,28/06/2024
CUST17823,Susan,Brown,Male,1996-02-16,England,04/05/2023
CUST17824,David,Johnson,Male,1956-09-18,England,13/08/2023
CUST17825,Isla,Taylor,Female,1996-12-12,England,04/10/2023
CUST17826,Michael,Smith,Female,1976-08-10,England,24/02/2023
CUST17827,Michael,Jones,Female,2001-12-07,England,01/01/2024
CUST17828,George,Williams,Female,1971-05-25,England,30/08/2024
CUST17829,Patricia,Robinson,Female,1996-07-11,England,18/03/2022
CUST17830,Linda,Smith,Female,1961-05-09,England,24/06/2024
CUST17831,Linda,Smith,Male,1981-07-26,England,12/08/2022
CUST17832,Richard,Smith,Male,2001-11-18,England,20/10/2023
CUST17833,William,White,Male,1976-08-23,England,23/02/2025
CUST17834,Mary,Williams,Male,1981-01-11,Scotland,23/07/2024
CUST17835,Sarah,White,Female,1991-07-12,England,09/07/2023
CUST17836,Mary,Walker,Female,1996-05-20,England,30/11/2023
CUST17837,Richard,Brown,Male,1976-07-27,England,02/01/2022
CUST17838,Jessica,Evans,Male,1976-07-22,Scotland,20/08/2023
CUST17839,Barbara,Roberts,Male,1991-08-13,Northern Ireland,23/03/2023
CUST17840,Jack,Smith,Male,1971-11-17,England,04/01/2025
CUST17841,Linda,Jones,Male,1996-11-10,England,21/09/2023
CUST17842,Linda,Williams,Female,2006-12-13,Wales,06/10/2023
CUST17843,Jessica,Johnson,Female,1981-08-11,England,11/01/2025
CUST17844,Oliver,Brown,Male,2001-04-03,Scotland,31/05/2023
CUST17845,Noah,Evans,Female,1996-03-24,England,01/09/2021
CUST17846,Thomas,Williams,Female,1986-11-04,England,29/12/2024
CUST17847,Joseph,Jones,Male,1996-11-08,England,09/07/2024
CUST17848,Joseph,Jones,Male,1996-01-07,England,07/04/2023
CUST17849,Linda,Williams,Male,1976-03-06,England,11/05/2022
CUST17850,Richard,Wilson,Female,1986-09-14,England,16/08/2023
CUST17851,David,Walker,Male,1971-02-26,England,18/11/2021
CUST17852,Karen,Walker,Male,1981-01-09,England,26/08/2021
CUST17853,Oliver,Taylor,Male,1986-12-20,England,19/09/2024
CUST17854,Barbara,Robinson,Female,1996-02-20,England,10/11/2022
CUST17855,Robert,Robinson,Female,1976-03-21,England,20/12/2024
CUST17856,Linda,Thompson,Female,1996-12-17,England,24/08/2022
CUST17857,Jessica,Evans,Female,1996-02-20,England,14/06/2023
CUST17858,Joseph,Smith,Male,1971-10-21,England,12/08/2022
CUST17859,Susan,Evans,Female,1976-07-19,England,03/09/2024
CUST17860,John,Davies,Female,1981-07-16,England,27/01/2025
CUST17861,Amelia,Taylor,Male,2006-10-03,Scotland,15/03/2024
CUST17862,Olivia,Davies,Female,2001-01-14,England,23/01/2023
CUST17863,Thomas,Roberts,Female,1986-01-21,England,27/04/2024
CUST17864,Jack,Roberts,Female,1976-03-10,England,16/10/2022
CUST17865,Harry,Davies,Male,1986-06-07,Northern Ireland,25/11/2023
CUST17866,Karen,Walker,Male,2006-12-17,England,30/01/2022
CUST17867,John,Thompson,Male,1996-01-04,England,15/04/2024
CUST17868,Olivia,Jones,Female,1981-06-20,England,08/11/2022
CUST17869,Emily,Wilson,Female,1976-06-27,England,04/09/2023
CUST17870,Karen,Robinson,Male,2006-03-14,England,19/05/2023
CUST17871,James,Wilson,Female,2006-05-01,England,18/10/2023
CUST17872,Mary,Robinson,Male,1996-03-08,Scotland,24/04/2023
CUST17873,Noah,Wright,Female,2001-02-01,England,25/11/2024
CUST17874,Amelia,White,Female,1986-07-13,England,30/07/2022
CUST17875,James,Brown,Female,2001-12-09,England,16/05/2024
CUST17876,Amelia,Jones,Female,1981-05-21,England,15/12/2022
CUST17877,Noah,Johnson,Female,1976-08-23,England,13/07/2022
CUST17878,Olivia,Wilson,Male,1961-09-12,England,05/08/2021
CUST17879,Susan,Evans,Female,1961-11-27,England,06/12/2022
CUST17880,Richard,Brown,Male,1996-10-13,England,07/08/2021
CUST17881,John,Brown,Female,2006-11-04,England,14/08/2022
CUST17882,Elizabeth,Robinson,Male,1991-10-25,Scotland,07/07/2022
CUST17883,Barbara,Walker,Female,1976-12-11,England,21/03/2023
CUST17884,James,Smith,Female,2006-12-24,England,12/10/2023
CUST17885,Elizabeth,Robinson,Female,1991-09-20,England,13/06/2022
CUST17886,Joseph,Wright,Male,1996-06-26,England,17/06/2022
CUST17887,Charles,Walker,Male,1996-04-18,Wales,04/10/2023
CUST17888,Amelia,White,Male,1976-07-17,England,30/11/2022
CUST17889,William,Jones,Male,1981-10-07,England,31/01/2025
CUST17890,David,Taylor,Male,1986-10-08,England,19/03/2022
CUST17891,William,Walker,Female,1966-07-09,Wales,15/05/2022
CUST17892,Patricia,Thompson,Female,2001-01-09,Scotland,25/10/2024
CUST17893,Amelia,Brown,Male,2001-04-17,England,01/09/2024
CUST17894,Harry,Wright,Male,1991-07-24,England,02/11/2022
CUST17895,Richard,Walker,Male,1981-05-01,England,05/05/2023
CUST17896,Karen,Brown,Male,1981-06-17,Scotland,12/02/2023
CUST17897,Patricia,Taylor,Female,2006-04-21,England,13/10/2022
CUST17898,Charles,Johnson,Male,1961-01-12,England,20/07/2024
CUST17899,Mary,Jones,Female,1991-06-08,England,21/07/2022
CUST17900,James,Taylor,Female,1991-06-12,Scotland,26/05/2022
CUST17901,Sarah,Evans,Female,1981-10-23,England,12/06/2024
CUST17902,Susan,Wilson,Female,1961-02-25,England,19/05/2023
CUST17903,James,Thompson,Male,1981-06-19,Scotland,14/10/2021
CUST17904,Thomas,Roberts,Female,1961-11-14,England,23/07/2022
CUST17905,George,Robinson,Female,1996-04-18,Scotland,06/07/2024
CUST17906,Noah,Robinson,Female,1981-04-19,England,22/03/2022
CUST17907,Olivia,Robinson,Female,1971-02-21,England,07/09/2023
CUST17908,Richard,Roberts,Female,1986-07-04,England,06/07/2022
CUST17909,Harry,Jones,Female,1991-11-03,England,16/02/2023
CUST17910,Emily,Williams,Male,1956-06-10,England,30/07/2024
CUST17911,Jack,Wilson,Male,2001-06-08,Scotland,22/06/2023
CUST17912,Emily,Smith,Male,1991-09-17,England,25/08/2022
CUST17913,Olivia,Brown,Male,1971-06-15,England,19/12/2021
CUST17914,Charles,Roberts,Male,1966-05-25,England,27/07/2022
CUST17915,William,Wright,Male,1956-10-21,England,15/07/2024
CUST17916,Susan,Wilson,Female,1966-04-04,England,11/06/2022
CUST17917,Charles,Johnson,Male,2006-11-23,England,18/08/2022
CUST17918,Harry,Wilson,Male,1966-04-21,England,17/09/2023
CUST17919,Mary,Taylor,Male,1991-07-11,England,12/10/2023
CUST17920,Thomas,Jones,Female,1981-04-02,England,05/12/2021
CUST17921,David,Taylor,Female,1991-08-22,England,21/07/2022
CUST17922,Jennifer,Robinson,Male,1971-06-06,England,07/08/2023
CUST17923,Noah,Wright,Female,1981-03-06,England,15/03/2024
CUST17924,Isla,White,Male,1971-09-13,England,30/10/2023
CUST17925,Jennifer,White,Female,1996-12-03,England,05/10/2023
CUST17926,Joseph,Walker,Female,1996-01-11,England,31/10/2024
CUST17927,Emily,Taylor,Female,1986-07-07,England,11/12/2022
CUST17928,Susan,White,Male,2006-09-02,England,14/03/2023
CUST17929,John,Taylor,Male,1976-09-25,England,06/09/2024
CUST17930,Karen,Brown,Male,1996-03-08,England,16/03/2022
CUST17931,Patricia,Roberts,Male,1986-02-15,England,04/02/2024
CUST17932,Sarah,Brown,Male,2006-07-23,England,12/05/2022
CUST17933,Jack,Roberts,Male,2001-08-13,Scotland,27/04/2022
CUST17934,Richard,Roberts,Male,1981-04-08,Northern Ireland,11/06/2022
CUST17935,Isla,Thompson,Male,1991-05-21,England,09/11/2023
CUST17936,Robert,Davies,Male,1996-07-19,England,03/05/2022
CUST17937,David,Jones,Female,1996-06-01,England,21/11/2022
CUST17938,Charles,Wright,Female,1996-06-23,England,29/07/2023
CUST17939,Noah,Smith,Male,1981-09-04,England,27/03/2022
CUST17940,Olivia,Roberts,Male,2001-12-20,England,22/05/2024
CUST17941,Patricia,Roberts,Male,1991-10-03,England,07/04/2024
CUST17942,Harry,Johnson,Male,1981-01-02,England,08/11/2024
CUST17943,Olivia,Roberts,Male,1986-05-04,England,21/08/2023
CUST17944,Elizabeth,Taylor,Female,1981-01-20,England,27/12/2024
CUST17945,David,Davies,Female,1996-11-13,Scotland,18/05/2022
CUST17946,Sarah,Robinson,Male,1966-08-17,Scotland,29/08/2023
CUST17947,Charles,Robinson,Female,1991-03-08,England,19/01/2022
CUST17948,Patricia,Robinson,Male,1996-11-04,England,08/12/2021
CUST17949,Oliver,Wright,Male,1966-07-22,Scotland,09/02/2022
CUST17950,Elizabeth,Wright,Male,1981-01-23,England,09/04/2024
CUST17951,Olivia,Williams,Female,1981-02-23,England,26/03/2024
CUST17952,Sarah,Robinson,Male,1966-10-02,England,12/05/2022
CUST17953,David,Taylor,Male,2006-04-25,England,28/03/2023
CUST17954,Elizabeth,Wilson,Male,1971-07-15,England,05/02/2024
CUST17955,Charles,Taylor,Female,1981-11-06,England,10/09/2022
CUST17956,Jennifer,Robinson,Male,1991-04-06,England,04/02/2022
CUST17957,Thomas,Williams,Male,1996-01-14,England,30/10/2021
CUST17958,Sarah,Smith,Male,2001-02-17,England,08/01/2022
CUST17959,Harry,Wilson,Female,1961-11-02,England,13/09/2021
CUST17960,Richard,Williams,Female,2001-08-14,England,26/11/2023
CUST17961,Amelia,Davies,Male,1996-04-07,England,04/02/2024
CUST17962,Jessica,Wright,Female,1976-01-25,England,19/03/2022
CUST17963,Michael,Walker,Female,1976-09-17,England,23/02/2023
CUST17964,Noah,Johnson,Male,2001-01-11,England,19/02/2024
CUST17965,Robert,White,Male,1971-02-12,England,15/07/2024
CUST17966,Susan,White,Female,1986-08-23,England,09/01/2024
CUST17967,Patricia,Smith,Female,1971-08-19,England,13/07/2024
CUST17968,Isla,Williams,Female,2001-07-11,Scotland,22/05/2022
CUST17969,Jessica,Evans,Male,2006-11-23,England,03/10/2024
CUST17970,Charles,Smith,Male,1981-04-17,England,12/12/2024
CUST17971,John,Taylor,Female,2001-07-02,England,19/09/2024
CUST17972,Noah,Thompson,Male,1986-04-18,England,25/11/2021
CUST17973,Patricia,Taylor,Male,2006-05-26,Wales,27/01/2025
CUST17974,John,Roberts,Female,1976-02-24,England,14/12/2021
CUST17975,Isla,Wright,Female,1966-10-02,England,07/12/2021
CUST17976,Michael,Jones,Male,1971-09-24,England,04/10/2021
CUST17977,Jessica,Roberts,Male,1961-09-27,England,25/05/2022
CUST17978,Jack,Thompson,Female,1966-02-05,England,11/06/2024
CUST17979,Karen,Davies,Female,1986-02-18,England,06/09/2023
CUST17980,David,Smith,Male,1991-10-21,England,12/08/2022
CUST17981,Noah,Davies,Male,1966-08-02,England,13/04/2023
CUST17982,Noah,Evans,Female,1966-01-23,Scotland,21/02/2025
CUST17983,Oliver,Johnson,Female,1961-08-11,England,08/08/2021
CUST17984,Amelia,Johnson,Male,1976-12-09,England,18/11/2024
CUST17985,Oliver,Wright,Male,1996-10-07,England,18/03/2023
CUST17986,Isla,Wilson,Male,1961-04-14,England,12/08/2021
CUST17987,Jessica,Jones,Male,1961-04-22,England,07/06/2022
CUST17988,George,White,Female,1981-10-23,England,21/02/2023
CUST17989,Jessica,Wright,Female,1971-05-07,England,01/10/2023
CUST17990,Charles,Roberts,Male,1986-09-23,England,10/12/2024
CUST17991,Olivia,Roberts,Female,1961-12-23,England,10/09/2022
CUST17992,Charles,Davies,Female,2001-05-02,England,04/02/2024
CUST17993,Emily,Taylor,Male,1971-07-09,England,12/07/2024
CUST17994,Charles,White,Female,2006-06-01,Scotland,25/03/2022
CUST17995,James,Jones,Male,1991-07-27,England,15/08/2022
CUST17996,Sarah,Thompson,Female,2001-01-13,England,15/02/2023
CUST17997,Thomas,Smith,Female,1986-12-08,Wales,29/09/2022
CUST17998,Charles,Robinson,Female,1996-07-25,England,28/04/2022
CUST17999,Jennifer,Thompson,Male,1961-03-19,England,11/12/2024
CUST18000,James,Wright,Female,1986-07-26,England,22/09/2022
CUST18001,Jennifer,Robinson,Male,1966-05-22,Northern Ireland,19/01/2022
CUST18002,Charles,Wilson,Female,1996-10-26,England,08/06/2024
CUST18003,Harry,Wright,Male,2006-10-06,England,18/10/2023
CUST18004,Patricia,Walker,Male,1976-05-06,Wales,18/09/2023
CUST18005,Olivia,Williams,Male,1976-09-03,England,01/02/2022
CUST18006,Karen,Walker,Female,1986-01-10,Scotland,30/01/2025
CUST18007,George,Wright,Female,1971-12-15,England,23/08/2021
CUST18008,Karen,Johnson,Female,1971-07-16,England,15/07/2024
CUST18009,Michael,Evans,Female,1981-08-19,England,12/02/2025
CUST18010,Charles,Smith,Female,1961-08-20,England,23/05/2024
CUST18011,James,Smith,Male,1976-04-23,England,01/12/2021
CUST18012,John,Roberts,Female,1981-09-15,England,21/12/2024
CUST18013,Amelia,White,Male,1991-05-08,England,21/01/2024
CUST18014,David,Davies,Female,2006-09-12,Northern Ireland,02/10/2022
CUST18015,Jack,Williams,Female,1996-02-24,Wales,19/07/2023
CUST18016,Linda,Wright,Male,1976-02-23,England,11/09/2023
CUST18017,Elizabeth,Robinson,Female,1976-12-25,England,20/12/2023
CUST18018,Sarah,Williams,Male,1991-09-15,England,06/06/2024
CUST18019,Emily,Thompson,Male,1981-02-22,England,28/03/2024
CUST18020,Richard,Walker,Female,1996-03-12,Scotland,27/05/2023
CUST18021,Linda,Brown,Male,1996-07-01,England,28/12/2023
CUST18022,Elizabeth,Williams,Female,1961-01-21,England,14/03/2022
CUST18023,Oliver,Johnson,Male,1991-05-03,Wales,21/09/2023
CUST18024,John,Jones,Male,1996-04-18,England,01/02/2024
CUST18025,Patricia,Davies,Male,1986-02-27,England,28/02/2023
CUST18026,Noah,Taylor,Male,1991-04-01,England,19/08/2024
CUST18027,Karen,Davies,Female,1976-04-20,England,05/12/2022
CUST18028,Jack,Wilson,Female,1961-01-24,England,18/11/2024
CUST18029,Olivia,Smith,Female,1981-08-17,England,07/07/2023
CUST18030,George,Robinson,Female,1981-04-19,England,29/06/2022
CUST18031,Joseph,Smith,Male,1991-01-25,England,29/09/2021
CUST18032,James,Williams,Male,1986-01-21,England,04/11/2024
CUST18033,Emily,Wilson,Male,1991-12-02,Scotland,22/07/2022
CUST18034,Richard,Evans,Male,2006-02-21,England,12/05/2024
CUST18035,Richard,Walker,Male,1971-11-21,England,16/04/2024
CUST18036,Amelia,Thompson,Female,1991-02-07,England,17/01/2024
CUST18037,Charles,White,Female,1986-02-18,England,20/03/2024
CUST18038,Richard,Johnson,Female,2001-07-23,England,12/03/2023
CUST18039,Jessica,Smith,Female,1971-11-23,England,05/03/2022
CUST18040,Linda,Thompson,Female,2001-01-24,England,17/02/2024
CUST18041,Michael,Walker,Female,1991-04-22,England,29/11/2023
CUST18042,Amelia,Thompson,Male,1971-10-04,England,03/04/2024
CUST18043,Jennifer,Robinson,Male,1986-01-14,England,02/11/2024
CUST18044,Emily,Wilson,Male,1966-03-07,England,29/07/2023
CUST18045,David,Johnson,Female,1996-04-02,England,05/11/2021
CUST18046,Robert,Walker,Male,1976-10-08,Scotland,17/01/2024
CUST18047,Jessica,Evans,Male,1961-10-25,England,20/08/2022
CUST18048,Jennifer,Smith,Female,1986-09-17,England,01/02/2023
CUST18049,Barbara,Wilson,Male,1976-08-21,England,09/03/2022
CUST18050,James,Johnson,Male,1991-01-14,England,27/01/2022
CUST18051,Richard,White,Female,1976-03-10,England,02/09/2023
CUST18052,Richard,Roberts,Male,1966-12-14,England,20/02/2024
CUST18053,Patricia,Brown,Male,1976-09-27,England,16/04/2024
CUST18054,Mary,Evans,Female,1966-03-08,England,15/06/2022
CUST18055,Emily,Smith,Female,1981-09-09,England,23/11/2021
CUST18056,Karen,Robinson,Female,1981-09-23,England,17/09/2021
CUST18057,Emily,Davies,Male,1991-09-11,England,05/03/2022
CUST18058,Michael,Evans,Male,1976-12-25,England,17/01/2024
CUST18059,Mary,Walker,Male,1966-07-27,England,03/09/2021
CUST18060,Olivia,Robinson,Female,1981-01-02,England,30/10/2021
CUST18061,Noah,Smith,Female,1996-10-19,England,06/10/2021
CUST18062,Emily,Johnson,Female,1986-01-03,England,29/12/2021
CUST18063,Joseph,Evans,Male,1976-08-24,England,20/09/2022
CUST18064,Thomas,Jones,Female,1966-10-04,Northern Ireland,09/09/2024
CUST18065,Amelia,Johnson,Female,2001-02-24,England,15/04/2022
CUST18066,Joseph,Wilson,Male,2001-10-21,England,29/07/2022
CUST18067,James,Wright,Female,1991-10-15,England,23/07/2022
CUST18068,Mary,Walker,Male,2001-08-06,England,25/03/2024
CUST18069,Joseph,Wright,Female,1956-04-08,England,20/06/2023
CUST18070,Harry,Robinson,Female,1991-03-12,England,21/02/2022
CUST18071,Michael,Davies,Male,1986-09-23,England,28/07/2024
CUST18072,Mary,White,Male,1996-02-25,England,26/04/2023
CUST18073,Barbara,Smith,Male,1986-09-14,Wales,27/06/2024
CUST18074,Barbara,Robinson,Male,1956-03-07,Scotland,20/07/2023
CUST18075,Jessica,Jones,Male,1986-05-16,England,09/04/2022
CUST18076,Richard,Evans,Male,2006-07-23,England,29/11/2023
CUST18077,Joseph,Walker,Female,1996-02-15,England,19/02/2022
CUST18078,Jessica,Roberts,Female,1961-10-25,Scotland,22/01/2024
CUST18079,David,Evans,Female,1956-09-01,England,09/11/2022
CUST18080,Olivia,Smith,Male,1996-01-14,England,07/01/2023
CUST18081,Linda,Roberts,Male,1981-11-02,England,27/01/2022
CUST18082,Michael,Jones,Male,2006-09-17,England,06/02/2024
CUST18083,John,Roberts,Male,1981-11-17,Scotland,18/03/2023
CUST18084,Emily,Davies,Female,2001-08-09,England,23/03/2024
CUST18085,Susan,Evans,Male,1971-08-22,Scotland,04/12/2024
CUST18086,John,Jones,Female,1966-05-26,England,12/08/2021
CUST18087,Jessica,Roberts,Male,2001-03-13,Scotland,01/11/2021
CUST18088,Noah,Davies,Male,1986-03-12,England,04/03/2024
CUST18089,Noah,Thompson,Male,2001-04-06,England,23/09/2022
CUST18090,Amelia,Williams,Female,1991-04-01,England,06/09/2024
CUST18091,David,Smith,Female,2006-10-11,Scotland,10/02/2023
CUST18092,Joseph,Jones,Female,1996-07-12,England,11/08/2024
CUST18093,Olivia,Taylor,Male,1956-05-21,England,13/05/2023
CUST18094,Noah,Robinson,Female,2006-09-24,England,16/11/2021
CUST18095,Oliver,Robinson,Female,1971-09-03,England,01/11/2023
CUST18096,Elizabeth,Robinson,Male,2006-12-05,England,15/02/2024
CUST18097,George,Evans,Male,1986-04-16,England,20/04/2023
CUST18098,Mary,Roberts,Female,1986-03-11,England,09/07/2024
CUST18099,Noah,Taylor,Female,1966-01-19,England,12/10/2021
CUST18100,Isla,White,Male,1996-02-09,England,22/09/2023
CUST18101,Amelia,Evans,Female,2001-08-12,England,24/02/2024
CUST18102,Jessica,Thompson,Male,1976-10-12,England,05/06/2024
CUST18103,Michael,Wright,Male,1976-08-17,England,06/05/2024
CUST18104,Patricia,Thompson,Male,1976-12-02,England,15/01/2025
CUST18105,Jessica,Brown,Female,2006-08-24,Scotland,07/07/2023
CUST18106,Patricia,White,Female,1996-11-10,England,03/06/2022
CUST18107,William,White,Female,1971-04-06,England,24/11/2024
CUST18108,Noah,Brown,Male,1981-04-18,England,07/04/2022
CUST18109,Karen,Brown,Female,1981-10-04,Scotland,04/09/2022
CUST18110,John,Williams,Female,1996-08-16,England,23/07/2024
CUST18111,Harry,Roberts,Male,1996-06-02,England,13/12/2023
CUST18112,Isla,Walker,Male,1961-12-08,Scotland,05/02/2025
CUST18113,Patricia,Davies,Female,1976-10-20,England,05/08/2021
CUST18114,Robert,Johnson,Male,2001-04-11,England,12/12/2022
CUST18115,Sarah,Brown,Male,1966-08-25,England,06/08/2021
CUST18116,William,Wright,Male,1981-05-10,Scotland,12/08/2024
CUST18117,Noah,Wright,Male,1991-05-19,England,02/02/2024
CUST18118,Noah,White,Male,1991-10-01,England,09/03/2023
CUST18119,David,Evans,Male,1976-09-27,Northern Ireland,15/05/2024
CUST18120,Jessica,Evans,Female,1991-01-17,England,06/04/2022
CUST18121,George,Jones,Male,1981-07-20,Scotland,13/09/2022
CUST18122,John,Walker,Male,1976-08-09,England,25/07/2023
CUST18123,Patricia,White,Female,1996-07-08,Northern Ireland,28/02/2022
CUST18124,Karen,Wilson,Male,1961-04-12,England,02/10/2024
CUST18125,Michael,Roberts,Male,1991-08-07,England,06/02/2023
CUST18126,Sarah,White,Male,1991-12-01,Wales,22/07/2024
CUST18127,Elizabeth,Walker,Male,1976-02-19,England,21/11/2022
CUST18128,Charles,Jones,Female,1981-08-20,Wales,25/05/2024
CUST18129,Susan,Evans,Female,1986-11-19,England,14/06/2022
CUST18130,George,Robinson,Female,1981-05-15,England,05/11/2024
CUST18131,Linda,Walker,Female,1966-05-15,England,20/02/2023
CUST18132,Olivia,Walker,Male,1971-03-27,England,16/10/2021
CUST18133,Mary,Wilson,Male,1971-03-15,Scotland,16/12/2023
CUST18134,Jack,Davies,Male,1996-05-20,England,30/04/2023
CUST18135,Jessica,Thompson,Female,1991-10-12,England,14/04/2022
CUST18136,Jessica,Walker,Female,1986-03-01,England,10/08/2024
CUST18137,Richard,Davies,Male,2006-03-10,Scotland,10/05/2023
CUST18138,Isla,Walker,Male,1976-12-20,England,27/07/2024
CUST18139,Harry,Brown,Male,1991-12-18,England,28/10/2022
CUST18140,Thomas,Smith,Female,1996-03-19,England,26/03/2024
CUST18141,Amelia,Smith,Female,1996-06-21,England,15/12/2022
CUST18142,William,Taylor,Male,1996-05-06,England,16/01/2024
CUST18143,Amelia,Smith,Male,1991-04-22,England,04/11/2021
CUST18144,Isla,Thompson,Male,1981-02-20,England,21/02/2025
CUST18145,Olivia,Williams,Female,1981-01-09,England,31/10/2021
CUST18146,Charles,Jones,Female,1996-08-14,Scotland,03/02/2022
CUST18147,William,Williams,Male,1996-01-24,England,04/10/2023
CUST18148,Noah,Thompson,Male,1971-08-05,England,06/03/2024
CUST18149,William,Jones,Male,2001-02-09,England,18/05/2023
CUST18150,Emily,Smith,Male,1986-02-06,England,20/11/2021
CUST18151,Michael,Jones,Female,1986-01-09,England,18/02/2023
CUST18152,Harry,Wilson,Female,1981-05-06,Scotland,23/02/2023
CUST18153,Robert,Brown,Male,1966-04-22,England,21/11/2024
CUST18154,David,Smith,Female,1981-04-27,England,28/01/2025
CUST18155,James,Taylor,Female,1961-04-27,England,30/04/2024
CUST18156,George,Wright,Male,1971-12-10,England,01/04/2022
CUST18157,Barbara,White,Male,1996-06-26,England,21/04/2022
CUST18158,Jack,White,Male,1996-10-03,England,24/10/2024
CUST18159,Karen,Thompson,Female,1991-03-03,England,09/07/2023
CUST18160,Robert,Wilson,Male,1991-06-09,Wales,19/04/2022
CUST18161,Charles,Roberts,Female,1986-01-08,England,30/06/2022
CUST18162,Oliver,Wilson,Male,1996-04-25,Scotland,29/11/2022
CUST18163,James,Taylor,Male,1996-01-21,England,01/09/2022
CUST18164,Amelia,Johnson,Male,1991-01-21,England,19/01/2022
CUST18165,Jack,Taylor,Male,1981-03-22,England,26/09/2021
CUST18166,Noah,White,Female,1981-02-20,Scotland,23/04/2024
CUST18167,David,Taylor,Male,1961-04-14,England,25/02/2022
CUST18168,Mary,Jones,Female,1996-09-02,England,24/11/2024
CUST18169,Patricia,White,Male,1991-02-01,England,11/05/2023
CUST18170,Isla,Wright,Male,1961-08-27,England,04/04/2024
CUST18171,Emily,Davies,Female,1976-05-14,England,04/08/2023
CUST18172,Harry,Smith,Male,1981-05-26,England,10/04/2022
CUST18173,Sarah,Brown,Male,1986-12-01,England,15/08/2023
CUST18174,Jack,Roberts,Male,2006-06-18,England,19/10/2024
CUST18175,Olivia,Thompson,Female,1966-04-08,England,25/11/2024
CUST18176,Olivia,Smith,Male,1981-03-10,England,06/10/2021
CUST18177,Elizabeth,Robinson,Female,1981-03-18,England,03/02/2022
CUST18178,Olivia,Wilson,Male,1986-10-14,Scotland,15/07/2024
CUST18179,Jennifer,Evans,Female,1991-08-04,England,12/07/2022
CUST18180,Harry,Smith,Male,1996-04-27,England,15/10/2024
CUST18181,Jennifer,Thompson,Male,1976-06-20,England,08/09/2024
CUST18182,Emily,Brown,Male,1986-07-10,England,14/09/2023
CUST18183,Elizabeth,Smith,Female,2006-01-17,England,22/07/2024
CUST18184,Sarah,Brown,Male,1991-11-05,England,07/05/2022
CUST18185,Richard,Thompson,Female,1966-10-12,England,27/06/2024
CUST18186,Barbara,Roberts,Male,1991-07-12,England,29/08/2024
CUST18187,John,Jones,Female,1991-09-11,England,21/07/2022
CUST18188,Robert,White,Male,1981-02-14,England,07/12/2021
CUST18189,Amelia,Walker,Male,1971-12-25,England,20/11/2021
CUST18190,Barbara,Smith,Male,1981-08-01,England,24/02/2025
CUST18191,Charles,Brown,Male,1971-12-15,England,29/03/2024
CUST18192,Jennifer,Jones,Male,2001-11-26,England,31/01/2023
CUST18193,Amelia,White,Female,1966-08-25,England,28/10/2021
CUST18194,Karen,White,Male,1966-04-25,England,30/05/2023
CUST18195,Harry,Williams,Male,1986-09-12,England,08/12/2022
CUST18196,Noah,Wright,Male,1981-07-16,England,26/10/2022
CUST18197,Jennifer,Johnson,Female,1996-05-17,England,12/06/2024
CUST18198,James,Wilson,Male,1986-09-23,England,24/01/2022
CUST18199,Jennifer,Robinson,Female,1996-11-26,Scotland,16/03/2024
CUST18200,Jack,White,Male,2006-03-07,England,13/06/2023
CUST18201,Robert,Robinson,Female,1956-07-04,England,03/08/2024
CUST18202,Emily,Jones,Male,1996-10-08,England,27/05/2024
CUST18203,Patricia,White,Female,1981-04-08,England,25/04/2023
CUST18204,Richard,Taylor,Female,1991-05-09,England,15/09/2023
CUST18205,Mary,Wilson,Male,1991-01-25,England,06/12/2022
CUST18206,Jennifer,White,Male,1991-04-06,Northern Ireland,22/05/2023
CUST18207,Isla,Wright,Male,1991-08-12,England,18/12/2022
CUST18208,James,Brown,Male,1981-12-10,England,13/12/2023
CUST18209,Patricia,Jones,Male,1961-07-08,England,02/09/2023
CUST18210,James,Evans,Female,1991-04-06,England,20/01/2025
CUST18211,Robert,Roberts,Female,1961-10-27,England,30/06/2024
CUST18212,Robert,Wilson,Female,1981-03-17,Scotland,14/10/2024
CUST18213,Barbara,Smith,Male,1981-03-03,Scotland,22/08/2022
CUST18214,Elizabeth,Brown,Female,1996-07-18,Northern Ireland,11/02/2025
CUST18215,James,Brown,Female,2006-10-17,England,16/01/2024
CUST18216,Karen,Jones,Female,1971-03-10,England,07/05/2022
CUST18217,David,Wright,Male,1981-01-22,England,29/05/2022
CUST18218,Michael,Walker,Male,1991-09-22,England,01/09/2024
CUST18219,William,White,Female,1971-08-22,England,05/05/2022
CUST18220,Robert,Robinson,Male,1991-09-18,England,28/07/2022
CUST18221,Susan,Davies,Male,1976-05-12,England,01/05/2024
CUST18222,Amelia,Wright,Male,1991-02-06,England,28/01/2022
CUST18223,William,Wilson,Male,1966-04-02,England,14/10/2023
CUST18224,Jack,Evans,Female,1996-06-25,England,16/06/2022
CUST18225,William,White,Male,2001-06-23,England,01/02/2024
CUST18226,David,Robinson,Female,1976-11-06,Scotland,11/06/2023
CUST18227,Thomas,Smith,Male,2001-03-22,England,18/10/2023
CUST18228,Michael,Evans,Male,1961-04-02,England,27/06/2023
CUST18229,John,Evans,Female,1981-03-07,England,21/01/2022
CUST18230,Sarah,Brown,Male,1996-07-05,England,13/03/2022
CUST18231,Robert,Wilson,Female,1996-10-10,England,31/05/2022
CUST18232,Barbara,Taylor,Female,1966-11-09,England,27/10/2023
CUST18233,Michael,Thompson,Male,1981-03-14,England,24/04/2022
CUST18234,George,Wright,Male,1966-06-13,England,06/12/2021
CUST18235,William,Wright,Male,2001-09-04,England,21/04/2022
CUST18236,Noah,Smith,Male,1966-01-05,England,14/11/2022
CUST18237,Patricia,Smith,Male,1986-09-23,England,08/11/2021
CUST18238,Charles,Robinson,Female,1981-02-15,England,21/02/2024
CUST18239,George,Wilson,Female,1991-01-25,England,26/08/2023
CUST18240,Isla,Wright,Female,2006-02-04,England,04/11/2021
CUST18241,Joseph,White,Male,1961-11-09,England,12/12/2021
CUST18242,Mary,Taylor,Male,1956-09-05,England,15/04/2022
CUST18243,Noah,Robinson,Male,1991-10-25,England,28/01/2023
CUST18244,John,Smith,Male,1961-09-05,England,04/06/2024
CUST18245,Charles,Wilson,Female,2001-10-22,England,04/01/2022
CUST18246,Barbara,Wilson,Male,2001-06-06,England,04/09/2022
CUST18247,Richard,White,Male,2006-10-20,England,28/01/2024
CUST18248,William,Brown,Male,1991-01-13,England,04/11/2023
CUST18249,Olivia,Williams,Male,2006-07-27,England,28/09/2023
CUST18250,William,Wright,Male,1991-10-02,England,18/09/2022
CUST18251,Mary,Taylor,Male,2001-12-09,England,07/10/2023
CUST18252,Noah,Brown,Female,1976-05-20,England,01/09/2021
CUST18253,Sarah,Thompson,Male,1971-03-25,Scotland,22/08/2023
CUST18254,James,Wright,Female,1981-09-15,England,24/11/2023
CUST18255,Emily,Taylor,Female,1996-01-03,England,15/11/2024
CUST18256,Mary,Roberts,Female,1976-10-17,England,20/11/2024
CUST18257,Isla,Robinson,Male,1996-09-13,England,06/09/2023
CUST18258,Joseph,Taylor,Male,1976-09-21,England,10/09/2024
CUST18259,Joseph,Wright,Male,1986-04-15,England,08/09/2021
CUST18260,Charles,Roberts,Female,1991-02-25,England,16/09/2022
CUST18261,David,Walker,Male,2001-08-04,England,11/05/2023
CUST18262,John,Wilson,Male,1971-05-17,England,23/11/2022
CUST18263,Joseph,Wilson,Female,1966-05-20,England,14/12/2024
CUST18264,Emily,Jones,Male,1981-03-11,England,31/01/2025
CUST18265,Susan,Taylor,Male,1961-05-13,Scotland,30/01/2025
CUST18266,David,Thompson,Female,1966-10-19,England,14/09/2024
CUST18267,George,Roberts,Male,1996-11-13,England,18/08/2022
CUST18268,Barbara,Smith,Male,1976-05-11,Wales,06/01/2022
CUST18269,Olivia,Brown,Female,1991-02-16,England,29/06/2023
CUST18270,Susan,Robinson,Male,1986-01-22,England,15/03/2022
CUST18271,Patricia,Smith,Female,2001-03-04,England,28/12/2021
CUST18272,Patricia,Smith,Female,1961-01-24,Northern Ireland,28/03/2024
CUST18273,George,Jones,Male,1976-09-06,Wales,27/11/2023
CUST18274,Barbara,Brown,Male,1996-08-03,Scotland,17/12/2022
CUST18275,Elizabeth,Smith,Female,1991-10-05,England,08/02/2023
CUST18276,Robert,White,Male,1991-04-03,England,22/09/2024
CUST18277,Susan,Wilson,Female,1976-10-26,England,28/05/2022
CUST18278,Thomas,Evans,Male,1966-03-08,England,02/10/2024
CUST18279,David,Wilson,Male,1991-03-21,England,05/01/2023
CUST18280,Charles,Robinson,Male,1986-11-05,Scotland,16/05/2024
CUST18281,George,Walker,Male,1981-11-15,England,23/01/2023
CUST18282,Sarah,Jones,Male,1991-08-12,Wales,04/06/2022
CUST18283,Karen,Brown,Male,1986-08-18,Scotland,07/11/2024
CUST18284,George,Smith,Male,2001-09-27,England,01/10/2022
CUST18285,David,White,Male,2001-10-18,England,05/05/2022
CUST18286,Jessica,Smith,Female,1991-03-19,England,19/09/2024
CUST18287,Susan,Walker,Male,1966-01-08,England,23/07/2023
CUST18288,Harry,Johnson,Male,1991-03-04,England,07/08/2023
CUST18289,Olivia,Smith,Male,1996-05-03,England,24/04/2024
CUST18290,Jack,Jones,Female,1976-03-09,England,27/01/2023
CUST18291,Barbara,Davies,Male,1961-07-15,England,25/07/2024
CUST18292,David,Smith,Female,1986-02-02,England,07/06/2024
CUST18293,Charles,Thompson,Male,2006-07-08,England,12/05/2023
CUST18294,Karen,Wright,Male,1981-09-18,England,25/12/2022
CUST18295,Susan,Johnson,Female,1991-02-24,England,13/08/2023
CUST18296,Linda,Taylor,Female,1981-04-27,England,27/07/2022
CUST18297,Emily,Davies,Female,1996-07-07,England,25/03/2024
CUST18298,Emily,Robinson,Female,2006-01-03,England,09/06/2022
CUST18299,Susan,Walker,Male,1991-08-16,England,29/04/2023
CUST18300,Susan,Johnson,Male,1976-10-26,England,07/01/2025
CUST18301,Patricia,Brown,Female,1991-05-12,England,02/02/2025
CUST18302,Olivia,Williams,Male,1996-01-25,England,27/10/2023
CUST18303,Susan,Walker,Male,1986-07-21,Scotland,26/06/2024
CUST18304,Sarah,Brown,Female,1976-11-25,England,23/07/2024
CUST18305,Mary,White,Male,2001-04-26,England,03/01/2023
CUST18306,John,Johnson,Female,1976-11-03,England,25/02/2022
CUST18307,Olivia,Williams,Male,1981-11-12,England,17/06/2022
CUST18308,Mary,Robinson,Female,1991-04-02,England,07/06/2024
CUST18309,Charles,Evans,Female,1961-08-02,England,08/04/2024
CUST18310,Jessica,Johnson,Male,1966-01-13,England,06/04/2022
CUST18311,William,White,Male,1991-07-18,England,29/08/2022
CUST18312,James,Davies,Male,2006-11-24,England,18/02/2024
CUST18313,George,Williams,Male,1991-12-04,England,02/01/2025
CUST18314,Amelia,Taylor,Female,1996-03-01,England,25/10/2023
CUST18315,Thomas,Walker,Male,1986-08-03,England,08/02/2022
CUST18316,Noah,Thompson,Male,1966-01-26,England,19/04/2024
CUST18317,Karen,Wright,Male,1971-04-18,England,11/11/2021
CUST18318,Sarah,Thompson,Male,1991-11-13,England,26/09/2022
CUST18319,William,Wilson,Female,1991-08-03,England,05/10/2021
CUST18320,James,Brown,Male,2006-05-11,Northern Ireland,13/03/2023
CUST18321,Mary,Wright,Female,1986-12-04,England,24/09/2021
CUST18322,James,White,Female,2006-10-01,England,15/12/2023
CUST18323,James,Davies,Male,1966-01-12,England,05/11/2023
CUST18324,Karen,Walker,Female,1971-01-14,England,22/12/2024
CUST18325,James,Walker,Female,1996-08-13,England,19/02/2025
CUST18326,Elizabeth,Taylor,Female,1976-11-24,England,29/07/2022
CUST18327,Susan,Thompson,Male,1986-02-25,England,18/06/2023
CUST18328,Olivia,Taylor,Male,1971-07-04,England,22/01/2025
CUST18329,James,Thompson,Male,1986-10-08,England,05/03/2023
CUST18330,Patricia,Thompson,Female,1996-11-14,England,29/07/2024
CUST18331,John,Wright,Female,1981-08-11,England,05/01/2022
CUST18332,Sarah,Wright,Female,2001-12-12,England,12/06/2024
CUST18333,William,Brown,Male,1981-12-20,England,07/09/2024
CUST18334,Isla,Robinson,Female,1996-11-05,Scotland,26/05/2024
CUST18335,Linda,Walker,Female,1981-09-23,England,26/03/2024
CUST18336,Jessica,Johnson,Female,1971-12-08,England,13/09/2024
CUST18337,Oliver,Roberts,Male,2001-01-10,England,28/07/2023
CUST18338,Isla,Evans,Female,1991-02-06,England,10/09/2022
CUST18339,Isla,Jones,Female,1976-07-18,England,13/11/2024
CUST18340,George,Smith,Female,2001-09-19,England,18/01/2025
CUST18341,Sarah,Evans,Female,1986-11-17,England,15/02/2022
CUST18342,Richard,Jones,Male,1981-09-14,England,24/05/2024
CUST18343,Noah,Davies,Male,1991-03-09,England,10/11/2024
CUST18344,Olivia,Smith,Female,1971-11-19,England,26/05/2022
CUST18345,Oliver,Evans,Male,1986-01-04,England,19/04/2022
CUST18346,William,Walker,Male,1981-02-09,England,13/02/2023
CUST18347,Jack,Walker,Male,2001-09-19,England,23/03/2024
CUST18348,Emily,Wright,Female,2006-12-19,England,16/12/2024
CUST18349,Oliver,Taylor,Female,2006-07-08,England,13/12/2022
CUST18350,William,Wright,Male,1966-02-10,England,09/08/2022
CUST18351,Olivia,Wright,Male,1966-01-09,England,27/07/2022
CUST18352,Robert,Brown,Male,1971-12-24,England,19/11/2024
CUST18353,James,Wright,Female,1996-04-16,England,02/01/2023
CUST18354,Karen,Thompson,Female,1986-08-04,England,11/01/2023
CUST18355,Susan,Taylor,Male,1976-04-05,England,15/11/2021
CUST18356,Isla,Davies,Female,1981-03-02,England,06/02/2022
CUST18357,George,White,Female,2001-09-07,England,23/10/2022
CUST18358,Karen,Williams,Male,1966-09-07,England,11/01/2022
CUST18359,Amelia,Walker,Female,2001-06-13,Wales,21/07/2023
CUST18360,Oliver,White,Female,2001-07-21,England,01/09/2022
CUST18361,Olivia,Wilson,Female,1966-06-24,England,24/12/2024
CUST18362,Mary,Brown,Male,1986-08-16,England,25/11/2024
CUST18363,Noah,Johnson,Female,1991-10-21,England,15/01/2023
CUST18364,David,Thompson,Male,1986-09-18,England,12/06/2023
CUST18365,Thomas,Wright,Female,1956-04-09,England,27/12/2022
CUST18366,Linda,Brown,Female,2001-03-17,England,28/01/2024
CUST18367,Michael,Davies,Female,1976-09-09,England,27/01/2022
CUST18368,Thomas,Jones,Male,1991-08-09,England,04/08/2022
CUST18369,Jack,Walker,Female,2001-05-27,England,08/03/2024
CUST18370,Richard,Wright,Female,1991-11-25,England,09/10/2021
CUST18371,George,Wilson,Female,1986-06-18,England,26/02/2024
CUST18372,Linda,Williams,Male,1996-05-17,England,19/06/2024
CUST18373,William,Taylor,Female,1991-07-19,England,11/02/2022
CUST18374,George,Williams,Female,1981-03-21,Wales,20/08/2023
CUST18375,John,Wilson,Male,1981-09-02,England,01/02/2024
CUST18376,George,Robinson,Female,1976-11-10,Scotland,25/09/2021
CUST18377,Michael,Robinson,Male,1971-12-03,England,19/03/2023
CUST18378,Amelia,Walker,Female,1991-06-15,Scotland,02/09/2022
CUST18379,Linda,Wilson,Male,1991-04-08,Wales,10/12/2022
CUST18380,John,Taylor,Male,1986-06-09,England,04/07/2024
CUST18381,Jessica,Robinson,Male,1986-02-23,England,11/02/2023
CUST18382,Jack,Evans,Male,2001-09-06,Scotland,10/07/2024
CUST18383,George,Roberts,Male,1991-06-25,England,20/02/2022
CUST18384,Elizabeth,Robinson,Male,2001-02-12,Scotland,21/08/2023
CUST18385,Mary,White,Male,1991-07-06,Scotland,29/09/2022
CUST18386,David,Taylor,Male,1961-09-04,England,16/08/2024
CUST18387,Thomas,Wright,Female,1981-03-20,England,11/02/2025
CUST18388,Susan,Wilson,Male,1991-05-25,England,24/10/2023
CUST18389,Jessica,Thompson,Female,1986-11-24,England,03/10/2022
CUST18390,Patricia,Wright,Female,1981-09-05,Scotland,22/02/2022
CUST18391,Charles,Smith,Male,1986-10-24,Scotland,21/09/2023
CUST18392,Thomas,Wright,Male,1986-06-07,England,23/12/2023
CUST18393,Isla,Jones,Male,1976-06-13,England,28/07/2022
CUST18394,Noah,Thompson,Male,2006-06-01,England,25/01/2025
CUST18395,Charles,Wilson,Male,1986-06-07,England,21/12/2023
CUST18396,Barbara,Thompson,Female,1986-02-09,England,04/08/2022
CUST18397,Patricia,Evans,Female,1976-01-26,England,08/09/2022
CUST18398,Patricia,Thompson,Female,1956-10-08,England,05/01/2022
CUST18399,Sarah,Williams,Male,1976-07-08,England,24/09/2022
CUST18400,Amelia,Brown,Female,1986-07-08,Northern Ireland,19/10/2021
CUST18401,Linda,Williams,Female,2001-08-07,England,30/03/2024
CUST18402,Michael,Walker,Female,1981-05-15,England,22/12/2021
CUST18403,Robert,Brown,Male,1971-11-06,England,09/09/2022
CUST18404,Charles,Williams,Female,1966-06-08,England,27/10/2022
CUST18405,Robert,Robinson,Male,1971-07-15,Northern Ireland,25/07/2023
CUST18406,Olivia,Williams,Male,1996-07-21,Wales,22/03/2022
CUST18407,James,Wilson,Male,1976-02-03,England,17/12/2023
CUST18408,Amelia,Jones,Female,1966-03-10,Northern Ireland,02/12/2022
CUST18409,Patricia,Wright,Male,1981-03-16,Scotland,30/03/2023
CUST18410,Mary,Wright,Male,1981-04-25,England,03/01/2022
CUST18411,Noah,Taylor,Female,1986-02-26,England,07/12/2021
CUST18412,Richard,Smith,Male,1981-03-24,England,31/12/2022
CUST18413,Joseph,Taylor,Male,1996-12-14,England,02/06/2023
CUST18414,David,Johnson,Male,2001-05-03,England,01/09/2022
CUST18415,William,Roberts,Female,1971-10-27,England,01/05/2023
CUST18416,Harry,Wilson,Female,1961-05-17,Scotland,19/01/2024
CUST18417,Amelia,Robinson,Male,1971-10-25,England,07/01/2023
CUST18418,Mary,Smith,Male,1991-10-25,Scotland,04/12/2024
CUST18419,Patricia,Jones,Male,2001-11-22,England,02/02/2025
CUST18420,Olivia,Davies,Female,1996-04-12,England,23/04/2023
CUST18421,Isla,Wright,Male,1971-02-17,England,27/04/2023
CUST18422,Michael,Smith,Male,1981-04-19,Scotland,29/12/2022
CUST18423,Jennifer,Wilson,Female,1961-09-24,England,02/08/2024
CUST18424,Richard,Evans,Female,1991-08-07,Scotland,05/12/2024
CUST18425,Thomas,Evans,Female,1986-09-15,England,08/02/2022
CUST18426,Mary,Wright,Female,1976-12-17,England,02/05/2024
CUST18427,Amelia,Jones,Male,1996-03-06,England,22/06/2023
CUST18428,Jessica,Evans,Male,1961-06-11,England,08/11/2022
CUST18429,Charles,Williams,Female,1981-06-25,England,14/08/2021
CUST18430,John,Walker,Female,2006-02-01,Scotland,29/11/2024
CUST18431,Richard,Evans,Male,2006-08-14,England,05/04/2023
CUST18432,Charles,White,Male,1966-01-17,England,09/09/2024
CUST18433,William,Robinson,Male,1981-11-25,Scotland,20/04/2024
CUST18434,Elizabeth,Evans,Male,1976-02-08,England,09/10/2023
CUST18435,Sarah,Thompson,Male,1976-02-11,England,22/11/2024
CUST18436,Isla,Wright,Female,1991-03-03,England,31/08/2022
CUST18437,Mary,Wilson,Male,1976-11-10,England,18/06/2024
CUST18438,Jack,Brown,Male,1966-11-27,Wales,11/05/2022
CUST18439,Jennifer,Smith,Female,2001-12-21,Wales,24/03/2023
CUST18440,Amelia,White,Male,1976-10-12,England,28/01/2024
CUST18441,Charles,Roberts,Male,1991-12-18,England,16/08/2022
CUST18442,Richard,White,Male,1991-06-27,England,24/12/2024
CUST18443,David,Robinson,Male,1991-01-12,Northern Ireland,28/04/2023
CUST18444,Michael,Williams,Female,1971-06-08,England,02/05/2022
CUST18445,Patricia,Davies,Male,2006-03-24,England,31/10/2024
CUST18446,Elizabeth,Wilson,Male,1986-03-23,Wales,30/06/2024
CUST18447,Susan,Davies,Male,1981-09-14,England,10/11/2022
CUST18448,Harry,White,Male,2001-03-01,England,02/12/2022
CUST18449,Emily,Brown,Male,1976-04-01,England,24/10/2023
CUST18450,John,Robinson,Male,1961-05-04,England,13/01/2024
CUST18451,John,Johnson,Female,2001-01-19,England,17/05/2022
CUST18452,Emily,Davies,Male,2001-09-05,England,20/03/2023
CUST18453,Jessica,Roberts,Male,1961-10-02,England,19/01/2024
CUST18454,Isla,Robinson,Male,1996-07-19,England,20/01/2024
CUST18455,Olivia,Thompson,Male,2006-01-13,England,15/03/2024
CUST18456,Jack,Walker,Male,1961-10-15,England,21/11/2023
CUST18457,Elizabeth,Taylor,Male,1966-06-06,England,06/11/2024
CUST18458,Elizabeth,Robinson,Male,1981-04-06,England,10/03/2024
CUST18459,Michael,Jones,Male,1986-12-07,England,19/09/2021
CUST18460,Thomas,Davies,Male,1966-11-18,England,05/08/2021
CUST18461,Richard,Evans,Male,1981-06-27,England,07/06/2024
CUST18462,Michael,Robinson,Male,1981-06-25,England,26/05/2023
CUST18463,William,Smith,Female,1971-11-04,England,19/06/2022
CUST18464,William,Johnson,Female,1981-03-19,Scotland,09/04/2023
CUST18465,Linda,Evans,Male,1986-05-21,England,09/08/2023
CUST18466,Isla,Jones,Male,1991-07-02,England,18/10/2024
CUST18467,Isla,Wilson,Male,1986-05-18,Scotland,12/11/2023
CUST18468,Mary,Walker,Female,1986-04-13,England,27/07/2024
CUST18469,Joseph,Wright,Female,1991-02-06,England,03/01/2023
CUST18470,Susan,Smith,Female,1986-04-22,Northern Ireland,02/01/2023
CUST18471,Jessica,Roberts,Female,1971-05-26,England,12/02/2024
CUST18472,Jessica,Williams,Male,1991-11-17,England,16/02/2023
CUST18473,Oliver,Jones,Female,2006-05-06,England,20/02/2023
CUST18474,Patricia,Taylor,Male,1996-02-12,England,09/09/2023
CUST18475,Olivia,Walker,Male,1996-11-14,England,02/07/2022
CUST18476,Robert,Thompson,Female,1976-05-25,Northern Ireland,29/12/2024
CUST18477,Sarah,Wilson,Female,1986-12-22,Wales,16/01/2022
CUST18478,Barbara,Thompson,Female,1996-02-19,England,12/08/2022
CUST18479,David,Evans,Female,1971-01-21,England,14/09/2022
CUST18480,Joseph,White,Male,2006-12-19,England,07/11/2022
CUST18481,Olivia,Johnson,Male,2001-02-09,England,03/11/2023
CUST18482,George,Davies,Female,1971-01-04,England,29/01/2024
CUST18483,John,Williams,Female,1986-08-23,England,17/01/2024
CUST18484,Charles,Smith,Male,1976-04-15,England,03/01/2023
CUST18485,Harry,Walker,Male,1971-06-26,England,02/04/2023
CUST18486,Linda,Roberts,Male,1961-05-19,England,06/04/2022
CUST18487,John,Evans,Female,2006-04-13,Scotland,01/02/2025
CUST18488,Jennifer,Evans,Female,1976-06-18,England,28/07/2024
CUST18489,Harry,Smith,Male,1976-04-18,England,15/06/2023
CUST18490,David,Williams,Male,1996-03-27,England,07/09/2023
CUST18491,Mary,Evans,Female,1966-03-10,England,28/02/2023
CUST18492,Isla,Davies,Male,1991-02-11,England,23/09/2022
CUST18493,Karen,Johnson,Female,1966-07-10,England,18/06/2022
CUST18494,Amelia,Jones,Female,1981-07-03,England,04/06/2023
CUST18495,Olivia,Davies,Female,1986-01-13,England,10/12/2023
CUST18496,Elizabeth,Davies,Male,2001-06-13,England,31/10/2022
CUST18497,Susan,Smith,Female,1966-09-06,England,30/11/2022
CUST18498,Karen,Johnson,Female,1986-01-23,Scotland,19/05/2024
CUST18499,Emily,White,Female,2006-04-19,England,11/11/2024
CUST18500,Harry,Evans,Male,2006-12-07,England,14/10/2024
CUST18501,Amelia,White,Female,1976-06-05,Scotland,28/09/2023
CUST18502,Thomas,Jones,Male,2001-01-17,England,12/10/2023
CUST18503,Olivia,Smith,Female,1981-07-01,England,01/08/2023
CUST18504,George,Jones,Female,1981-05-05,England,17/10/2023
CUST18505,Linda,Johnson,Male,1996-03-12,England,12/12/2021
CUST18506,Charles,Thompson,Female,1986-01-27,England,03/09/2023
CUST18507,Patricia,Roberts,Male,1996-11-03,England,29/04/2024
CUST18508,Olivia,Robinson,Female,1961-10-15,Scotland,27/07/2022
CUST18509,Noah,Williams,Female,1971-09-16,England,02/07/2023
CUST18510,Noah,Johnson,Female,1996-01-07,England,26/06/2023
CUST18511,Emily,Taylor,Female,1986-11-15,England,01/04/2023
CUST18512,Patricia,Taylor,Female,1986-06-18,England,03/06/2023
CUST18513,Linda,Evans,Male,1961-06-04,England,27/05/2022
CUST18514,Harry,Brown,Female,1991-11-26,Wales,23/05/2023
CUST18515,Oliver,Jones,Female,1986-06-07,Wales,12/05/2024
CUST18516,Jennifer,Taylor,Male,1966-03-10,England,31/07/2023
CUST18517,Harry,Davies,Female,2001-03-01,England,28/06/2024
CUST18518,Olivia,Taylor,Female,1986-12-17,England,04/06/2022
CUST18519,Harry,Brown,Female,2001-07-17,England,10/01/2023
CUST18520,James,Davies,Female,1981-07-04,England,19/02/2025
CUST18521,Barbara,Williams,Male,1991-08-08,England,12/08/2023
CUST18522,James,White,Female,1961-03-21,England,23/12/2021
CUST18523,Olivia,White,Female,1991-06-20,England,19/01/2024
CUST18524,Mary,Brown,Female,2001-12-09,England,02/05/2024
CUST18525,Karen,Taylor,Female,1971-02-18,England,16/09/2024
CUST18526,Noah,Davies,Male,1971-12-21,England,01/03/2024
CUST18527,Charles,Williams,Male,1976-04-11,Scotland,23/10/2024
CUST18528,Olivia,White,Female,1976-04-05,England,14/02/2022
CUST18529,Patricia,Johnson,Female,1996-01-01,Scotland,26/02/2022
CUST18530,Thomas,Taylor,Female,1981-08-26,England,28/03/2023
CUST18531,Olivia,Smith,Male,2006-04-09,England,27/12/2024
CUST18532,Amelia,Williams,Female,1996-06-22,England,19/01/2023
CUST18533,Charles,Thompson,Female,1966-07-09,England,23/10/2023
CUST18534,George,Taylor,Male,1976-08-20,Scotland,11/08/2024
CUST18535,Mary,Wilson,Male,1996-12-09,England,12/12/2023
CUST18536,Susan,Evans,Male,2001-07-17,England,06/08/2021
CUST18537,Charles,Roberts,Female,1961-03-26,England,31/07/2024
CUST18538,Amelia,Wright,Male,2001-09-21,Wales,07/12/2024
CUST18539,Susan,Brown,Male,1996-01-05,England,22/01/2023
CUST18540,Barbara,Taylor,Male,1996-11-15,England,25/04/2022
CUST18541,Robert,Evans,Male,2006-04-08,Wales,10/09/2021
CUST18542,Susan,Williams,Male,1991-09-06,England,07/06/2022
CUST18543,John,Davies,Female,1961-02-23,England,30/01/2023
CUST18544,Harry,Robinson,Female,1991-05-27,England,26/10/2022
CUST18545,James,Williams,Female,1986-09-25,Wales,23/03/2023
CUST18546,Susan,Jones,Female,1976-08-23,Scotland,11/10/2022
CUST18547,Karen,Walker,Female,1986-01-13,England,31/03/2022
CUST18548,John,Wright,Male,1976-01-15,England,30/09/2024
CUST18549,Michael,Robinson,Male,1981-12-15,England,04/09/2023
CUST18550,Elizabeth,Wright,Female,1981-07-20,England,14/08/2024
CUST18551,Olivia,Evans,Male,1981-11-02,England,25/12/2021
CUST18552,Sarah,Jones,Female,1976-01-23,England,05/10/2022
CUST18553,Oliver,Taylor,Male,1976-06-22,England,20/10/2024
CUST18554,Elizabeth,Williams,Male,1976-07-27,England,06/11/2021
CUST18555,Jessica,Williams,Female,2001-12-17,England,31/07/2022
CUST18556,Karen,Smith,Female,1981-09-13,England,07/09/2023
CUST18557,David,Walker,Male,1976-08-13,England,31/03/2024
CUST18558,Linda,Taylor,Male,1996-04-17,Scotland,18/03/2023
CUST18559,Noah,Evans,Female,1971-12-09,England,17/08/2022
CUST18560,Sarah,Williams,Female,1991-04-21,England,12/11/2024
CUST18561,Olivia,Jones,Male,1996-04-12,England,21/08/2024
CUST18562,Olivia,Jones,Female,1971-09-08,England,18/01/2023
CUST18563,Olivia,Roberts,Male,1996-12-20,Scotland,02/07/2024
CUST18564,Karen,White,Male,1991-11-10,England,09/04/2022
CUST18565,Sarah,White,Male,1991-03-03,England,10/11/2021
CUST18566,Mary,Evans,Female,1966-10-15,Scotland,28/06/2024
CUST18567,Richard,Thompson,Male,1986-05-14,Scotland,26/04/2022
CUST18568,Charles,Evans,Female,1976-03-08,England,05/04/2024
CUST18569,Charles,Roberts,Male,1976-12-01,England,20/06/2023
CUST18570,Barbara,White,Male,1981-12-13,England,07/12/2024
CUST18571,William,Thompson,Male,1961-05-21,England,03/07/2022
CUST18572,Karen,Taylor,Male,1971-01-22,England,11/07/2022
CUST18573,William,Williams,Female,1991-03-06,Wales,13/12/2021
CUST18574,Patricia,Robinson,Male,1961-07-12,Scotland,20/09/2022
CUST18575,Sarah,Taylor,Male,1986-01-25,England,28/08/2021
CUST18576,William,White,Male,2006-03-10,England,24/04/2024
CUST18577,Thomas,White,Female,1996-02-13,England,04/02/2024
CUST18578,Noah,White,Female,1981-12-19,Scotland,09/02/2023
CUST18579,William,Robinson,Female,2001-05-13,England,08/05/2024
CUST18580,Elizabeth,Smith,Male,1981-05-23,England,09/11/2021
CUST18581,Oliver,Smith,Male,1991-06-10,England,20/12/2023
CUST18582,Jessica,Williams,Female,1986-01-14,Wales,01/01/2022
CUST18583,Isla,Johnson,Male,2006-07-14,England,05/10/2024
CUST18584,William,Taylor,Female,1971-11-21,England,09/09/2022
CUST18585,Patricia,Brown,Female,1991-10-10,England,06/09/2024
CUST18586,David,Walker,Female,2001-04-08,England,25/12/2024
CUST18587,David,Walker,Female,1986-01-10,England,10/11/2023
CUST18588,Barbara,Brown,Male,1986-10-07,England,22/07/2023
CUST18589,Harry,White,Female,1981-11-06,Northern Ireland,12/03/2024
CUST18590,Barbara,Johnson,Female,1986-12-23,England,03/06/2024
CUST18591,Susan,Robinson,Female,2006-07-10,England,03/02/2022
CUST18592,Noah,Robinson,Male,1971-06-08,Wales,03/01/2023
CUST18593,Barbara,Johnson,Male,1986-10-22,England,06/08/2021
CUST18594,Jack,Taylor,Female,2006-09-22,England,12/07/2024
CUST18595,Olivia,Robinson,Female,1976-10-07,Northern Ireland,14/03/2022
CUST18596,Jessica,Taylor,Female,1981-04-09,England,22/03/2023
CUST18597,Olivia,Davies,Female,1981-11-23,England,16/03/2023
CUST18598,Thomas,Jones,Female,1991-01-08,Wales,03/07/2024
CUST18599,Linda,White,Female,1991-02-24,England,20/11/2023
CUST18600,Patricia,Evans,Female,1986-08-17,England,15/01/2022
CUST18601,Jennifer,Wilson,Female,2006-07-18,England,01/01/2023
CUST18602,Jack,Thompson,Female,1996-07-15,Wales,14/07/2023
CUST18603,Patricia,Smith,Male,1956-11-01,England,09/09/2023
CUST18604,Patricia,Wilson,Female,1981-11-23,Scotland,20/01/2023
CUST18605,Elizabeth,Roberts,Female,1991-09-16,Wales,12/08/2024
CUST18606,Jack,Robinson,Male,1996-02-05,England,01/12/2021
CUST18607,David,Williams,Female,1976-02-23,England,29/02/2024
CUST18608,James,Williams,Female,1996-02-08,England,23/10/2021
CUST18609,Jennifer,White,Male,2001-08-10,England,27/03/2024
CUST18610,Charles,Jones,Female,2001-09-18,England,16/09/2023
CUST18611,James,Walker,Female,1976-10-08,England,05/04/2023
CUST18612,Mary,Jones,Female,1981-02-01,England,05/03/2022
CUST18613,Karen,Thompson,Female,2006-04-09,England,29/01/2022
CUST18614,George,Wright,Male,2001-05-19,Scotland,06/07/2023
CUST18615,Linda,Williams,Male,1981-08-12,England,05/11/2024
CUST18616,Patricia,Wright,Female,1981-01-20,England,21/03/2022
CUST18617,Sarah,Davies,Male,1981-11-02,Scotland,08/02/2025
CUST18618,Amelia,Jones,Female,2001-01-07,England,27/05/2024
CUST18619,Harry,Roberts,Male,1976-07-07,Northern Ireland,04/08/2023
CUST18620,Karen,Walker,Male,1966-12-02,England,31/12/2022
CUST18621,Susan,Thompson,Female,1981-03-18,Scotland,20/03/2023
CUST18622,Linda,Thompson,Male,1996-09-06,Scotland,07/09/2022
CUST18623,David,White,Female,1981-07-13,England,15/11/2024
CUST18624,Harry,Wilson,Female,1991-10-27,England,20/10/2024
CUST18625,Susan,Roberts,Male,2006-08-07,England,11/06/2024
CUST18626,Barbara,Smith,Female,1991-11-06,England,25/04/2024
CUST18627,Jack,Jones,Male,1966-05-26,England,16/08/2021
CUST18628,Thomas,Taylor,Female,1991-02-10,England,11/09/2021
CUST18629,Richard,Taylor,Male,1971-09-08,England,10/07/2022
CUST18630,Mary,Smith,Male,1986-12-20,England,22/03/2024
CUST18631,Richard,Brown,Male,1986-06-04,England,17/06/2022
CUST18632,Karen,Taylor,Female,2006-10-11,England,27/11/2022
CUST18633,Elizabeth,Williams,Male,1981-11-06,England,01/06/2023
CUST18634,Harry,Robinson,Male,2001-08-25,England,19/08/2023
CUST18635,Thomas,Thompson,Female,1986-10-09,England,08/11/2023
CUST18636,Emily,Thompson,Male,1996-07-16,England,08/09/2022
CUST18637,Harry,White,Female,1991-10-15,England,01/02/2023
CUST18638,James,Wright,Male,1986-05-14,England,08/11/2022
CUST18639,Jessica,Robinson,Male,2006-07-02,England,02/07/2022
CUST18640,Emily,Walker,Female,1996-01-08,England,11/04/2024
CUST18641,Jessica,Wright,Male,1956-03-24,England,22/08/2021
CUST18642,Karen,Roberts,Female,2006-07-15,Wales,04/08/2023
CUST18643,Charles,Roberts,Female,1991-09-24,England,04/02/2023
CUST18644,Karen,Brown,Male,1991-01-16,England,27/01/2023
CUST18645,Jessica,Wright,Female,1991-01-09,England,25/06/2024
CUST18646,William,Wilson,Male,1981-01-10,England,10/10/2024
CUST18647,Susan,White,Male,1996-07-21,England,07/10/2023
CUST18648,Barbara,Thompson,Male,1986-05-07,England,17/03/2023
CUST18649,Elizabeth,Wright,Male,1981-01-17,England,09/06/2023
CUST18650,James,Taylor,Male,1991-10-26,England,26/12/2024
CUST18651,Emily,Smith,Female,1961-07-23,England,11/10/2022
CUST18652,Amelia,Roberts,Male,1961-01-11,England,02/07/2022
CUST18653,Mary,Evans,Male,2001-09-08,England,21/09/2024
CUST18654,Jessica,Walker,Female,1991-11-17,England,13/02/2024
CUST18655,Karen,Roberts,Female,1996-06-17,England,20/04/2022
CUST18656,Jack,Roberts,Male,1996-12-20,England,01/06/2022
CUST18657,Elizabeth,Wilson,Male,1986-06-02,England,30/12/2023
CUST18658,William,Jones,Female,1986-01-15,England,07/02/2025
CUST18659,Jack,Roberts,Male,1991-02-01,Scotland,29/03/2023
CUST18660,Karen,Robinson,Male,1996-01-27,Scotland,25/01/2023
CUST18661,Emily,Thompson,Female,1996-04-24,England,29/10/2021
CUST18662,Oliver,Evans,Female,1956-05-20,England,07/08/2023
CUST18663,Jennifer,Evans,Male,1966-06-08,England,04/05/2022
CUST18664,William,Roberts,Male,2006-06-21,England,10/08/2021
CUST18665,Noah,White,Male,1981-11-13,England,23/02/2024
CUST18666,Olivia,Roberts,Male,1986-01-18,Scotland,22/08/2024
CUST18667,Emily,Evans,Female,1981-11-07,England,18/09/2021
CUST18668,Susan,White,Male,1981-03-13,England,23/02/2025
CUST18669,Robert,Smith,Male,1966-12-24,Wales,16/07/2024
CUST18670,David,Walker,Male,2006-02-06,Wales,29/11/2023
CUST18671,Charles,Smith,Female,1991-02-11,England,14/07/2022
CUST18672,Richard,Evans,Male,1956-02-08,Wales,24/10/2021
CUST18673,Sarah,Robinson,Female,1996-04-05,England,28/01/2025
CUST18674,Richard,Davies,Male,2001-12-11,England,25/01/2023
CUST18675,Richard,Johnson,Female,1976-06-17,England,23/02/2023
CUST18676,David,Smith,Female,1976-02-02,Scotland,11/01/2023
CUST18677,George,Brown,Female,1981-08-06,Scotland,30/12/2021
CUST18678,Linda,Wilson,Female,1976-07-23,Scotland,05/12/2024
CUST18679,Oliver,Roberts,Female,1976-09-08,England,04/08/2023
CUST18680,Elizabeth,Taylor,Male,2001-09-10,England,03/09/2024
CUST18681,Susan,Jones,Male,1981-10-19,England,26/10/2021
CUST18682,Thomas,Johnson,Male,1976-02-21,England,17/09/2023
CUST18683,Michael,Davies,Female,1971-06-26,England,11/04/2024
CUST18684,Joseph,Jones,Male,1996-08-05,England,12/09/2023
CUST18685,Amelia,Wright,Male,2001-07-21,England,27/05/2022
CUST18686,Olivia,Thompson,Female,1976-12-20,England,27/07/2022
CUST18687,Mary,Brown,Female,1996-12-04,Wales,28/07/2022
CUST18688,Karen,Wilson,Male,2006-10-24,England,08/05/2023
CUST18689,Amelia,Brown,Male,1971-03-09,England,22/03/2024
CUST18690,Joseph,Evans,Female,1986-07-12,Northern Ireland,23/10/2022
CUST18691,Thomas,Walker,Female,1991-10-22,England,21/01/2023
CUST18692,Olivia,Thompson,Female,2006-04-15,England,31/10/2021
CUST18693,John,Robinson,Female,2006-09-08,England,21/10/2022
CUST18694,Emily,Smith,Female,1976-03-09,England,12/01/2023
CUST18695,John,Thompson,Male,1986-02-20,England,21/02/2025
CUST18696,Olivia,Roberts,Male,2001-03-05,England,15/07/2024
CUST18697,William,White,Female,1991-12-13,England,25/08/2024
CUST18698,James,Wright,Male,2001-12-21,England,19/11/2021
CUST18699,Mary,Taylor,Male,2001-11-24,Wales,11/12/2023
CUST18700,Jennifer,Walker,Female,1996-04-23,England,28/06/2023
CUST18701,William,Brown,Male,1986-10-10,England,09/07/2023
CUST18702,Elizabeth,Taylor,Male,1996-03-06,England,04/09/2021
CUST18703,Isla,Roberts,Female,1991-02-26,England,08/11/2021
CUST18704,Barbara,Robinson,Female,1986-04-17,Scotland,12/07/2023
CUST18705,Isla,Williams,Male,1991-02-12,England,27/10/2023
CUST18706,Oliver,Walker,Female,2001-08-25,England,24/12/2024
CUST18707,Olivia,Johnson,Female,2006-09-20,England,12/06/2024
CUST18708,Mary,Wright,Male,2006-01-13,England,07/06/2023
CUST18709,Emily,Thompson,Male,1991-02-06,Scotland,30/05/2024
CUST18710,Michael,Williams,Male,1976-06-03,England,22/02/2024
CUST18711,Mary,Brown,Female,2001-02-15,England,20/03/2024
CUST18712,Jessica,Davies,Male,1976-10-04,England,29/12/2023
CUST18713,Noah,Williams,Female,1976-05-09,England,22/06/2024
CUST18714,Jennifer,Roberts,Female,2006-05-19,England,13/04/2022
CUST18715,Sarah,Davies,Male,2006-01-01,England,22/02/2024
CUST18716,Joseph,Evans,Male,1996-09-27,England,24/06/2022
CUST18717,Harry,Wright,Female,2006-09-12,England,27/09/2023
CUST18718,Michael,Thompson,Male,1986-10-24,England,27/08/2021
CUST18719,Charles,Davies,Female,2006-07-05,England,17/11/2021
CUST18720,Harry,Smith,Male,1971-04-13,England,13/02/2025
CUST18721,Isla,Thompson,Male,1986-01-26,England,29/10/2024
CUST18722,Oliver,Johnson,Male,1976-04-18,England,28/10/2021
CUST18723,Amelia,Brown,Male,1976-07-22,England,29/08/2024
CUST18724,Emily,Wright,Male,1986-02-19,England,24/09/2024
CUST18725,Barbara,Brown,Female,1966-01-20,England,15/02/2022
CUST18726,Patricia,Johnson,Male,1956-03-10,England,28/02/2023
CUST18727,Noah,Wright,Female,1991-01-13,England,01/09/2022
CUST18728,Linda,Davies,Male,2001-01-02,England,07/08/2024
CUST18729,Mary,Davies,Male,1991-06-07,Northern Ireland,07/10/2021
CUST18730,Karen,Jones,Male,1996-09-02,England,09/01/2023
CUST18731,George,Smith,Male,1986-06-09,England,22/03/2022
CUST18732,Richard,Walker,Male,1991-02-20,England,25/01/2022
CUST18733,David,Taylor,Female,1986-05-06,England,24/11/2022
CUST18734,William,Davies,Female,1976-01-13,England,14/04/2023
CUST18735,Noah,Williams,Male,1996-08-15,England,19/04/2023
CUST18736,Jessica,Thompson,Male,1986-03-05,England,18/11/2022
CUST18737,Charles,Evans,Male,1991-05-22,England,09/07/2023
CUST18738,Barbara,Thompson,Female,1976-11-21,England,30/10/2023
CUST18739,Jennifer,Wilson,Female,1981-08-06,Northern Ireland,26/04/2023
CUST18740,Olivia,Evans,Male,2006-10-01,England,06/11/2023
CUST18741,Thomas,Johnson,Female,1981-05-01,England,18/03/2024
CUST18742,Richard,White,Male,2001-12-08,England,04/07/2024
CUST18743,Harry,Robinson,Female,1976-09-04,England,02/10/2023
CUST18744,Isla,Johnson,Female,1986-07-01,England,27/12/2023
CUST18745,Emily,Taylor,Female,1991-07-13,England,28/01/2022
CUST18746,John,Walker,Male,1976-08-15,Wales,24/08/2021
CUST18747,Isla,Wright,Female,1971-02-01,England,03/05/2024
CUST18748,George,Wright,Male,1976-04-17,England,27/04/2023
CUST18749,Mary,Williams,Male,1986-09-11,England,22/05/2022
CUST18750,Joseph,Davies,Male,1976-06-06,England,29/06/2024
CUST18751,Thomas,Walker,Female,1991-10-04,England,26/07/2024
CUST18752,Isla,Williams,Female,1976-07-21,England,19/01/2022
CUST18753,Sarah,White,Female,1971-01-03,England,30/12/2023
CUST18754,James,Robinson,Female,2001-08-06,England,13/02/2022
CUST18755,Isla,Davies,Male,1996-08-20,England,14/09/2023
CUST18756,Karen,Smith,Female,1996-05-18,England,20/12/2021
CUST18757,Michael,Taylor,Female,2001-10-27,England,08/07/2024
CUST18758,Jennifer,Roberts,Female,1991-05-02,Scotland,24/05/2022
CUST18759,Thomas,Robinson,Male,1996-02-06,England,24/10/2023
CUST18760,Jennifer,Brown,Male,1981-02-18,England,03/10/2021
CUST18761,Amelia,Wright,Female,2001-11-07,England,17/02/2023
CUST18762,Linda,White,Male,1996-05-11,England,08/02/2022
CUST18763,Olivia,Jones,Male,1981-05-09,Northern Ireland,13/05/2024
CUST18764,Jack,Johnson,Male,1991-04-22,England,21/03/2022
CUST18765,Noah,White,Male,1991-09-22,England,09/05/2024
CUST18766,Richard,Walker,Female,1976-08-22,England,01/03/2023
CUST18767,Jennifer,Jones,Female,1956-11-14,England,13/07/2023
CUST18768,Olivia,Johnson,Male,1986-11-14,England,28/01/2024
CUST18769,Harry,Jones,Male,2006-12-16,England,19/02/2023
CUST18770,Barbara,Wright,Male,2001-04-02,Scotland,02/10/2021
CUST18771,Olivia,Williams,Female,1961-08-15,England,03/02/2025
CUST18772,Amelia,Evans,Female,1981-05-08,England,19/08/2022
CUST18773,James,Walker,Female,1976-09-26,England,17/11/2023
CUST18774,Olivia,Roberts,Female,1981-09-05,England,18/01/2022
CUST18775,Amelia,Smith,Male,2001-04-01,England,31/08/2023
CUST18776,William,Thompson,Female,1986-11-27,England,04/10/2024
CUST18777,Oliver,Davies,Male,1976-04-05,England,29/06/2024
CUST18778,Robert,Robinson,Male,1971-12-14,England,07/12/2021
CUST18779,Jennifer,Johnson,Female,1996-11-11,England,20/03/2024
CUST18780,Amelia,Wright,Male,1981-01-08,England,03/04/2024
CUST18781,Olivia,Wilson,Female,2001-05-14,England,26/10/2021
CUST18782,Olivia,Brown,Male,1961-05-20,England,25/04/2022
CUST18783,David,Brown,Female,1996-10-04,England,12/02/2023
CUST18784,Jessica,Wilson,Male,1976-09-18,England,01/07/2022
CUST18785,George,Thompson,Male,1996-01-25,England,27/11/2022
CUST18786,Jessica,Smith,Female,1981-11-08,England,03/06/2024
CUST18787,Mary,Jones,Female,1981-03-19,England,30/07/2022
CUST18788,Sarah,Evans,Female,1991-05-25,England,18/04/2022
CUST18789,Karen,Johnson,Female,1971-03-26,England,20/06/2024
CUST18790,James,Smith,Female,1966-02-18,England,18/04/2024
CUST18791,Elizabeth,Taylor,Male,1971-07-26,England,25/01/2025
CUST18792,Emily,Davies,Male,1991-02-21,England,12/03/2024
CUST18793,Barbara,Jones,Female,1976-01-14,Wales,29/11/2021
CUST18794,Linda,Roberts,Male,1986-10-04,Wales,03/02/2023
CUST18795,Joseph,Brown,Female,1981-05-24,England,06/11/2024
CUST18796,Sarah,Thompson,Female,1986-08-08,Wales,24/07/2022
CUST18797,Linda,Walker,Male,1981-12-20,England,18/01/2024
CUST18798,Joseph,Wright,Male,2001-01-18,Scotland,02/10/2021
CUST18799,Charles,Johnson,Female,1991-10-10,England,04/08/2022
CUST18800,Richard,Smith,Male,2001-02-21,Scotland,03/02/2025
CUST18801,Richard,Robinson,Female,1996-10-18,England,26/05/2022
CUST18802,Harry,Williams,Female,2001-04-21,England,16/02/2024
CUST18803,Elizabeth,Robinson,Female,1996-02-26,England,14/05/2023
CUST18804,Susan,Evans,Male,1976-03-08,Scotland,28/09/2021
CUST18805,Isla,Williams,Female,1986-05-21,Scotland,13/02/2024
CUST18806,Richard,Walker,Male,2006-09-02,England,11/02/2023
CUST18807,Barbara,White,Female,1976-09-20,England,25/08/2023
CUST18808,Isla,Williams,Male,1966-09-05,England,04/12/2023
CUST18809,Amelia,Brown,Male,1966-01-06,England,27/01/2025
CUST18810,Charles,Williams,Female,1971-12-06,England,22/12/2022
CUST18811,William,Walker,Female,1956-06-23,England,20/02/2022
CUST18812,Elizabeth,Davies,Female,1981-02-11,England,19/08/2023
CUST18813,Sarah,Roberts,Female,1961-12-11,England,23/10/2021
CUST18814,Olivia,Jones,Male,1961-10-10,England,08/07/2023
CUST18815,Emily,Roberts,Female,1991-01-17,England,22/05/2024
CUST18816,Karen,Davies,Male,1971-06-25,Northern Ireland,02/10/2024
CUST18817,Linda,Walker,Female,1976-11-19,England,08/11/2021
CUST18818,John,Taylor,Male,1976-09-03,England,18/03/2023
CUST18819,Noah,Brown,Male,1966-03-14,England,30/09/2024
CUST18820,Michael,Brown,Male,1991-09-03,England,22/05/2024
CUST18821,Charles,Taylor,Male,1991-03-05,England,16/01/2025
CUST18822,Amelia,Johnson,Female,1981-05-06,England,24/03/2024
CUST18823,George,White,Male,1976-03-19,England,08/06/2024
CUST18824,Jessica,Thompson,Male,1971-09-24,England,21/11/2024
CUST18825,Olivia,Robinson,Male,1971-12-07,England,06/06/2022
CUST18826,Emily,Roberts,Female,1976-01-26,England,30/01/2024
CUST18827,Emily,Johnson,Male,1961-08-08,England,27/05/2023
CUST18828,William,Thompson,Female,2001-03-09,England,08/09/2023
CUST18829,George,Johnson,Male,1961-10-04,England,18/08/2021
CUST18830,Patricia,Evans,Female,2006-02-02,Scotland,30/06/2024
CUST18831,Mary,Taylor,Female,1986-05-17,England,04/09/2022
CUST18832,Jack,Evans,Male,2001-03-12,Scotland,21/02/2022
CUST18833,Patricia,Robinson,Male,1986-11-04,England,13/07/2023
CUST18834,Susan,Smith,Male,1991-01-16,England,24/06/2024
CUST18835,Linda,Smith,Male,2001-07-10,England,01/06/2024
CUST18836,Mary,Robinson,Male,1981-02-11,England,26/02/2024
CUST18837,William,Thompson,Female,1976-08-25,England,20/05/2022
CUST18838,Oliver,Johnson,Female,2001-10-11,Scotland,29/09/2024
CUST18839,Susan,Thompson,Male,1976-10-13,England,25/11/2023
CUST18840,William,Robinson,Female,2001-01-19,England,09/06/2024
CUST18841,Richard,Wright,Male,2001-10-25,England,13/01/2023
CUST18842,Joseph,Taylor,Female,2001-04-20,England,21/01/2025
CUST18843,Robert,Jones,Female,1981-09-14,England,12/10/2021
CUST18844,Jessica,White,Male,1976-12-09,England,24/10/2022
CUST18845,Susan,Smith,Male,1981-02-05,England,21/09/2022
CUST18846,George,Brown,Female,1971-05-04,England,04/08/2024
CUST18847,Sarah,Smith,Female,1981-11-21,Northern Ireland,10/09/2024
CUST18848,Jessica,Evans,Male,1976-02-20,England,18/08/2022
CUST18849,Harry,Williams,Male,1961-04-10,England,10/11/2023
CUST18850,Joseph,Thompson,Female,1991-07-26,England,04/04/2023
CUST18851,Harry,Robinson,Female,2001-12-27,Wales,15/04/2024
CUST18852,Noah,Johnson,Male,2001-04-17,England,14/09/2021
CUST18853,Isla,Brown,Female,1981-05-08,England,20/02/2023
CUST18854,Oliver,Davies,Female,1986-10-14,Scotland,02/12/2023
CUST18855,Jack,Brown,Female,1996-02-23,Scotland,16/05/2023
CUST18856,Jennifer,Davies,Female,1966-04-14,England,04/09/2024
CUST18857,David,Robinson,Male,1961-04-14,England,24/07/2024
CUST18858,George,Taylor,Female,1996-05-15,England,04/05/2022
CUST18859,Karen,Johnson,Male,1996-07-23,England,21/10/2023
CUST18860,Mary,Evans,Female,1996-03-12,England,14/09/2022
CUST18861,William,Wright,Male,1991-05-05,England,24/10/2023
CUST18862,Isla,Wright,Male,1971-12-14,England,01/07/2022
CUST18863,Susan,Jones,Female,1981-10-18,England,01/08/2024
CUST18864,Michael,Robinson,Female,2006-12-26,England,03/10/2023
CUST18865,Joseph,Williams,Male,1986-09-04,England,15/10/2021
CUST18866,Sarah,Thompson,Male,2001-07-26,England,14/10/2022
CUST18867,Noah,Wilson,Male,1991-03-22,Scotland,12/09/2024
CUST18868,Emily,Thompson,Male,1991-02-20,England,22/06/2022
CUST18869,Sarah,White,Female,1981-07-07,England,29/08/2024
CUST18870,Elizabeth,Brown,Male,1986-05-06,England,03/12/2024
CUST18871,Elizabeth,Davies,Female,1971-10-12,England,08/02/2022
CUST18872,Charles,Johnson,Male,2006-01-05,Northern Ireland,01/09/2021
CUST18873,James,Smith,Male,1976-11-18,England,08/04/2023
CUST18874,Noah,Wright,Male,2006-03-21,Scotland,26/11/2022
CUST18875,Harry,Roberts,Male,1991-05-13,England,02/12/2024
CUST18876,Susan,Evans,Female,1971-05-19,Northern Ireland,12/10/2023
CUST18877,Olivia,Smith,Female,1976-12-22,England,15/10/2022
CUST18878,Jennifer,Wright,Male,2001-09-25,England,07/10/2022
CUST18879,Harry,Jones,Female,1986-01-19,England,31/10/2021
CUST18880,Oliver,Smith,Male,1976-11-07,England,09/07/2024
CUST18881,Olivia,Wright,Male,1966-09-04,England,06/09/2023
CUST18882,Harry,Johnson,Male,1981-01-26,England,24/02/2025
CUST18883,William,Williams,Female,2006-10-21,England,12/12/2021
CUST18884,Joseph,White,Female,1986-01-23,England,17/08/2022
CUST18885,Susan,Jones,Male,2001-06-12,England,19/09/2021
CUST18886,Jessica,Johnson,Male,2006-02-05,England,30/06/2022
CUST18887,Robert,Williams,Male,1981-01-17,England,29/10/2022
CUST18888,Linda,Williams,Female,1976-07-18,England,01/07/2022
CUST18889,Emily,Evans,Female,2006-09-06,Wales,03/10/2021
CUST18890,Mary,Brown,Male,1976-06-13,England,25/07/2022
CUST18891,Jessica,White,Male,1976-05-12,England,12/02/2025
CUST18892,Barbara,Jones,Male,1976-07-08,England,20/08/2022
CUST18893,Robert,Brown,Female,1996-02-23,England,10/10/2021
CUST18894,Barbara,Davies,Male,1991-01-14,England,22/03/2024
CUST18895,William,Thompson,Female,2001-02-26,England,26/04/2023
CUST18896,Richard,Davies,Female,1996-01-01,England,06/06/2024
CUST18897,Thomas,Williams,Male,1991-10-26,England,11/10/2024
CUST18898,Thomas,Brown,Male,1991-08-18,England,17/07/2024
CUST18899,Jennifer,Robinson,Female,2001-03-19,England,02/05/2022
CUST18900,Olivia,Evans,Female,1996-07-08,England,27/05/2022
CUST18901,Linda,Smith,Male,1966-06-03,Wales,14/02/2025
CUST18902,Linda,Johnson,Female,1976-02-07,England,13/02/2022
CUST18903,James,Walker,Male,1991-12-12,Scotland,19/07/2023
CUST18904,Sarah,Wilson,Male,1961-12-10,England,15/09/2021
CUST18905,Linda,Davies,Female,1996-10-06,England,24/08/2024
CUST18906,Olivia,Johnson,Male,1991-10-01,England,14/09/2024
CUST18907,Richard,Evans,Male,1971-07-19,England,17/12/2022
CUST18908,Elizabeth,Smith,Female,1986-10-19,England,19/04/2022
CUST18909,Barbara,Smith,Female,1996-07-05,England,24/01/2022
CUST18910,Jennifer,Smith,Female,1991-02-22,England,14/05/2022
CUST18911,Jessica,Williams,Female,1986-03-27,England,13/05/2022
CUST18912,Isla,Roberts,Male,1981-11-27,England,02/03/2022
CUST18913,Robert,White,Male,1991-06-06,England,21/02/2025
CUST18914,Amelia,Smith,Female,1986-09-12,England,18/08/2022
CUST18915,Amelia,Brown,Female,1996-02-02,England,02/03/2024
CUST18916,Mary,Taylor,Male,1986-06-01,England,19/12/2021
CUST18917,Michael,Taylor,Male,1996-02-23,England,26/03/2022
CUST18918,Elizabeth,Robinson,Male,1971-03-27,England,08/10/2022
CUST18919,Jack,Walker,Female,1976-02-06,England,09/09/2021
CUST18920,Olivia,Robinson,Female,1991-03-13,England,29/10/2023
CUST18921,Noah,Wright,Female,1976-08-01,England,02/02/2023
CUST18922,Mary,Williams,Male,2006-01-23,England,30/11/2023
CUST18923,Linda,Davies,Male,1991-03-15,England,27/10/2022
CUST18924,Olivia,Smith,Female,1986-09-08,England,16/11/2023
CUST18925,William,Davies,Female,1986-02-27,Wales,18/01/2025
CUST18926,James,Wright,Male,1976-07-04,England,15/05/2022
CUST18927,Harry,Williams,Female,1961-11-08,England,22/01/2025
CUST18928,Oliver,Brown,Male,1991-10-21,England,17/11/2024
CUST18929,Emily,Walker,Male,1991-02-12,England,21/12/2021
CUST18930,John,Jones,Female,1981-02-19,England,01/10/2024
CUST18931,Mary,Walker,Male,1996-09-07,Scotland,16/03/2022
CUST18932,Elizabeth,Williams,Male,2001-05-18,England,10/07/2022
CUST18933,William,Wright,Male,1961-06-16,Scotland,05/09/2021
CUST18934,James,Thompson,Male,1971-06-02,Northern Ireland,11/11/2024
CUST18935,William,Johnson,Male,1961-07-09,England,24/07/2023
CUST18936,Thomas,Davies,Male,1996-06-09,England,08/11/2023
CUST18937,Susan,Evans,Male,2006-01-16,Scotland,13/09/2023
CUST18938,Olivia,White,Male,1986-02-12,Northern Ireland,25/11/2021
CUST18939,Karen,Brown,Female,1966-01-13,England,15/01/2023
CUST18940,Karen,Wright,Female,2001-04-05,England,15/05/2024
CUST18941,Patricia,Wilson,Male,2001-10-26,England,19/05/2023
CUST18942,Barbara,Davies,Male,2006-12-21,England,02/11/2024
CUST18943,Susan,Thompson,Male,1976-06-19,England,27/10/2023
CUST18944,Jessica,Evans,Female,1976-01-08,England,18/01/2023
CUST18945,George,Thompson,Female,1976-01-19,England,23/01/2025
CUST18946,Olivia,Brown,Male,2006-10-07,England,17/06/2022
CUST18947,John,Taylor,Female,1976-05-14,England,28/01/2023
CUST18948,Richard,Thompson,Female,1986-11-08,England,11/06/2022
CUST18949,Richard,Walker,Male,2001-07-09,England,23/12/2021
CUST18950,Richard,Jones,Male,1996-11-18,England,21/04/2022
CUST18951,William,Brown,Male,1986-02-09,England,14/11/2023
CUST18952,Michael,Williams,Male,1991-11-20,England,15/10/2024
CUST18953,Amelia,Wilson,Female,1961-07-14,England,03/11/2024
CUST18954,Olivia,Roberts,Female,1986-06-27,England,07/12/2024
CUST18955,Linda,Robinson,Male,1991-07-06,England,22/12/2021
CUST18956,Karen,Evans,Male,1981-04-26,England,28/10/2023
CUST18957,Richard,White,Female,1981-08-04,England,30/06/2023
CUST18958,James,Jones,Male,2006-10-15,England,16/01/2023
CUST18959,Susan,Brown,Male,1981-10-11,England,11/06/2023
CUST18960,James,White,Female,1996-12-21,England,09/09/2024
CUST18961,Joseph,Evans,Female,1991-05-04,England,19/09/2024
CUST18962,Elizabeth,Thompson,Female,1976-10-07,England,15/11/2024
CUST18963,Susan,Roberts,Male,1986-11-07,England,18/11/2023
CUST18964,Noah,Thompson,Male,1991-01-25,England,30/03/2023
CUST18965,John,Robinson,Female,2001-06-15,England,28/05/2023
CUST18966,Olivia,Walker,Female,1986-09-05,England,19/08/2021
CUST18967,Elizabeth,Thompson,Male,1991-06-22,Scotland,28/10/2023
CUST18968,Amelia,Davies,Female,1966-02-08,England,02/04/2024
CUST18969,Joseph,White,Male,1986-08-07,Northern Ireland,30/11/2021
CUST18970,Charles,Wilson,Male,1971-05-14,England,15/12/2024
CUST18971,Amelia,Jones,Female,1991-08-22,England,04/08/2024
CUST18972,Jessica,Evans,Male,1971-01-23,England,18/02/2025
CUST18973,Noah,Jones,Male,2006-01-01,England,24/11/2024
CUST18974,Harry,Robinson,Female,1996-08-25,England,23/03/2022
CUST18975,Emily,Johnson,Female,2006-12-27,England,28/05/2023
CUST18976,George,Robinson,Male,2006-08-09,England,11/11/2021
CUST18977,Mary,Brown,Male,1966-12-14,England,05/02/2022
CUST18978,Jessica,Brown,Male,1976-11-11,England,21/06/2022
CUST18979,Charles,Smith,Male,1981-04-13,England,05/03/2022
CUST18980,Emily,Jones,Female,1986-02-18,England,23/10/2024
CUST18981,Noah,Davies,Female,1986-07-18,England,09/07/2023
CUST18982,Joseph,Wilson,Male,1981-08-13,Scotland,05/09/2023
CUST18983,Barbara,Davies,Female,1971-10-13,England,14/01/2023
CUST18984,Patricia,Evans,Female,1981-07-14,England,17/09/2022
CUST18985,Oliver,Wilson,Female,1976-12-12,England,15/05/2024
CUST18986,George,Brown,Female,1996-11-04,Scotland,12/04/2023
CUST18987,Noah,Johnson,Female,1961-08-11,England,12/12/2021
CUST18988,Charles,Brown,Male,2006-07-20,England,19/06/2023
CUST18989,Emily,Roberts,Male,1991-01-27,England,19/10/2021
CUST18990,Isla,Thompson,Male,1966-10-22,Wales,21/08/2024
CUST18991,William,Jones,Male,1996-09-24,England,06/05/2024
CUST18992,Michael,Wright,Female,2001-11-22,England,23/12/2021
CUST18993,Robert,Taylor,Female,1991-02-14,England,19/08/2024
CUST18994,Jessica,Johnson,Male,1991-02-19,England,28/07/2023
CUST18995,Emily,Roberts,Female,1966-09-23,England,23/11/2021
CUST18996,Emily,Robinson,Male,1971-06-07,England,01/10/2021
CUST18997,Robert,Smith,Female,1986-08-05,England,07/03/2022
CUST18998,Jennifer,Taylor,Male,1961-06-08,England,28/09/2022
CUST18999,Amelia,Evans,Female,1981-08-15,England,10/01/2023
CUST19000,Olivia,Walker,Male,1971-08-22,England,21/01/2025
CUST19001,Charles,Roberts,Male,1996-03-13,England,05/12/2023
CUST19002,Isla,Smith,Female,1986-10-27,England,23/04/2023
CUST19003,Karen,Thompson,Female,2006-06-09,England,04/05/2023
CUST19004,Thomas,Robinson,Female,2006-07-13,England,03/10/2024
CUST19005,Isla,Robinson,Male,1976-08-25,England,29/02/2024
CUST19006,Jennifer,Johnson,Female,2001-09-05,England,26/07/2022
CUST19007,Thomas,Brown,Male,1986-04-23,England,31/01/2022
CUST19008,Michael,Wilson,Male,1976-01-05,England,19/08/2024
CUST19009,Olivia,Walker,Male,2006-03-25,Scotland,16/08/2024
CUST19010,Michael,Evans,Male,1986-12-09,England,05/10/2021
CUST19011,Amelia,Robinson,Male,1981-03-18,England,29/11/2023
CUST19012,Thomas,Wright,Female,1966-03-20,England,11/12/2024
CUST19013,Jessica,Taylor,Male,1996-11-11,England,13/01/2023
CUST19014,George,Walker,Male,1961-03-15,England,11/01/2024
CUST19015,Joseph,Robinson,Male,1971-06-21,England,05/02/2025
CUST19016,Olivia,Jones,Male,1981-05-24,England,23/03/2024
CUST19017,Jack,Taylor,Male,1991-08-03,England,23/01/2024
CUST19018,Harry,Johnson,Female,1976-08-14,England,03/01/2025
CUST19019,William,Williams,Male,1971-07-24,England,20/07/2023
CUST19020,Barbara,Wilson,Female,1991-07-16,Scotland,09/06/2022
CUST19021,James,Thompson,Female,1956-11-01,England,06/08/2021
CUST19022,Joseph,Johnson,Male,1966-07-04,England,17/12/2023
CUST19023,Elizabeth,Wilson,Female,1986-07-23,England,08/09/2024
CUST19024,Harry,Taylor,Male,1976-11-12,Scotland,09/07/2022
CUST19025,George,Roberts,Male,1986-02-20,England,04/04/2023
CUST19026,George,Thompson,Female,1976-11-25,England,21/04/2022
CUST19027,Olivia,Evans,Female,1971-03-03,England,31/08/2024
CUST19028,Isla,Walker,Male,2006-04-13,England,05/01/2025
CUST19029,Oliver,Evans,Female,2006-01-04,England,05/01/2024
CUST19030,Oliver,Brown,Female,1991-07-23,England,26/08/2023
CUST19031,Emily,Wilson,Male,1966-10-13,England,20/11/2021
CUST19032,Sarah,Jones,Male,1991-05-24,England,29/11/2024
CUST19033,Elizabeth,Davies,Male,1966-08-09,England,22/09/2022
CUST19034,Olivia,Wright,Female,1986-05-04,England,24/01/2024
CUST19035,Robert,Evans,Male,1996-10-24,England,10/02/2025
CUST19036,John,Wilson,Male,1966-12-17,England,23/04/2022
CUST19037,Isla,Johnson,Male,1986-09-06,England,24/08/2024
CUST19038,Jessica,Smith,Male,1991-05-19,England,02/10/2024
CUST19039,William,Thompson,Female,2006-10-12,Scotland,07/05/2023
CUST19040,Patricia,Davies,Female,2001-01-02,England,27/11/2021
CUST19041,Michael,Walker,Female,2001-12-08,England,25/11/2023
CUST19042,Linda,Roberts,Male,1991-11-21,Scotland,21/08/2022
CUST19043,Jennifer,Williams,Female,1981-08-04,England,16/07/2022
CUST19044,Charles,Wright,Female,1991-08-10,England,05/09/2022
CUST19045,Harry,Roberts,Female,2006-04-08,England,28/01/2024
CUST19046,John,Williams,Female,1996-06-20,Scotland,20/11/2022
CUST19047,Emily,Wilson,Female,1991-02-24,England,07/09/2021
CUST19048,Harry,Jones,Male,1956-05-22,Scotland,03/03/2023
CUST19049,Olivia,Smith,Female,1991-08-20,England,12/10/2021
CUST19050,Michael,White,Female,2001-05-03,England,05/08/2022
CUST19051,Olivia,Williams,Female,1981-10-25,England,09/03/2023
CUST19052,Amelia,Jones,Male,1966-11-05,England,04/03/2023
CUST19053,John,Taylor,Male,1976-07-11,England,27/08/2022
CUST19054,Noah,Jones,Female,1971-05-23,England,21/11/2021
CUST19055,Harry,Robinson,Female,1966-04-07,England,16/05/2024
CUST19056,Susan,Smith,Male,1981-07-06,England,20/12/2021
CUST19057,John,Williams,Female,1956-09-01,England,19/08/2022
CUST19058,Olivia,Roberts,Male,2006-02-10,England,08/11/2022
CUST19059,Richard,Smith,Female,1971-06-14,England,17/02/2023
CUST19060,Jack,Robinson,Male,1971-06-13,Northern Ireland,30/12/2024
CUST19061,Noah,Williams,Male,1966-04-02,England,25/10/2022
CUST19062,Jessica,Evans,Female,1986-03-06,England,26/01/2022
CUST19063,William,Walker,Female,1976-11-01,Wales,03/02/2022
CUST19064,Linda,Evans,Male,1996-06-07,England,03/05/2022
CUST19065,Robert,Thompson,Male,1981-07-17,England,12/04/2023
CUST19066,Noah,Jones,Female,1991-01-01,England,27/10/2022
CUST19067,Linda,Robinson,Male,1981-04-05,England,19/04/2022
CUST19068,Thomas,Williams,Male,1981-03-15,England,27/12/2021
CUST19069,Jennifer,Smith,Female,1991-04-16,England,06/01/2022
CUST19070,Barbara,Wright,Male,1996-11-25,England,07/12/2022
CUST19071,Thomas,Johnson,Male,1991-07-16,England,27/11/2024
CUST19072,Charles,Wright,Male,1981-11-25,England,23/12/2023
CUST19073,Karen,Wilson,Male,1981-06-20,England,09/10/2023
CUST19074,Mary,Wilson,Male,1976-10-15,Scotland,10/04/2023
CUST19075,Karen,Taylor,Female,2001-02-11,England,30/04/2024
CUST19076,Oliver,Johnson,Male,1971-10-04,England,08/08/2024
CUST19077,Amelia,Robinson,Female,1981-08-20,England,16/09/2023
CUST19078,Robert,Wilson,Male,2006-01-26,Scotland,12/05/2022
CUST19079,Olivia,Wright,Female,1991-09-10,Scotland,01/11/2021
CUST19080,William,White,Female,1986-06-10,England,16/06/2022
CUST19081,Jack,Taylor,Female,1991-01-03,England,25/10/2024
CUST19082,William,Williams,Female,2001-11-17,Northern Ireland,06/06/2024
CUST19083,Joseph,Evans,Female,1996-07-09,Scotland,17/03/2022
CUST19084,Jack,Davies,Female,2006-08-01,England,17/05/2022
CUST19085,Noah,White,Female,2001-07-01,Northern Ireland,25/10/2022
CUST19086,Karen,Davies,Female,1996-02-10,England,23/05/2024
CUST19087,George,Roberts,Male,1971-04-13,Northern Ireland,02/06/2023
CUST19088,Elizabeth,White,Male,1986-09-13,England,01/07/2023
CUST19089,Karen,Robinson,Female,1991-05-20,England,02/04/2022
CUST19090,Amelia,Wright,Female,1981-11-15,England,12/12/2024
CUST19091,David,Williams,Male,1986-04-22,Northern Ireland,24/07/2024
CUST19092,Jennifer,Johnson,Male,2001-06-09,England,13/02/2025
CUST19093,Oliver,White,Male,1996-06-07,England,25/10/2024
CUST19094,Charles,Wright,Male,1996-01-15,England,23/01/2022
CUST19095,David,Walker,Female,1981-10-03,Scotland,29/12/2023
CUST19096,Jack,Taylor,Female,1986-02-21,England,15/07/2022
CUST19097,Olivia,Williams,Female,1991-06-06,England,25/04/2023
CUST19098,Barbara,Evans,Male,1986-11-25,Scotland,16/05/2024
CUST19099,David,Jones,Male,1961-12-27,England,08/07/2022
CUST19100,Charles,Brown,Male,1991-03-15,England,29/04/2024
CUST19101,Amelia,Evans,Female,1986-05-09,England,09/10/2022
CUST19102,Charles,Walker,Female,1986-07-10,England,28/11/2022
CUST19103,Olivia,Smith,Female,1976-09-12,England,07/09/2021
CUST19104,James,Wilson,Female,1976-04-13,England,05/01/2023
CUST19105,Robert,Brown,Female,1976-07-03,England,15/03/2024
CUST19106,John,Evans,Male,1996-11-06,England,07/08/2024
CUST19107,Karen,Williams,Female,1986-10-22,England,18/05/2022
CUST19108,Harry,Roberts,Female,1971-10-02,England,01/04/2022
CUST19109,William,Robinson,Male,1991-11-13,England,27/11/2023
CUST19110,Olivia,Walker,Female,1956-11-24,England,25/05/2024
CUST19111,Olivia,Thompson,Male,1991-07-03,England,15/11/2024
CUST19112,Robert,Williams,Female,1986-12-25,England,16/01/2023
CUST19113,John,Smith,Female,1986-06-13,England,05/07/2024
CUST19114,Barbara,Smith,Female,1986-09-12,England,19/05/2023
CUST19115,Jack,White,Female,1971-12-20,Wales,19/12/2023
CUST19116,Karen,Roberts,Male,2001-01-21,England,19/09/2021
CUST19117,William,Wilson,Male,1986-12-13,England,19/09/2021
CUST19118,Amelia,Johnson,Male,1981-10-03,England,14/06/2022
CUST19119,Emily,Wright,Female,1971-12-27,England,10/11/2024
CUST19120,Sarah,Robinson,Male,1981-10-01,England,11/02/2024
CUST19121,John,Brown,Female,1961-02-24,England,23/11/2024
CUST19122,Patricia,Robinson,Female,1971-04-12,England,21/08/2023
CUST19123,Jennifer,Williams,Female,1991-01-14,England,23/11/2022
CUST19124,Olivia,Evans,Female,1971-08-21,England,17/02/2024
CUST19125,James,Jones,Male,1961-06-26,England,21/09/2024
CUST19126,Susan,Evans,Male,1996-06-05,England,30/12/2024
CUST19127,Linda,Wright,Male,1981-09-22,England,24/12/2023
CUST19128,Sarah,Brown,Male,1996-10-18,England,22/11/2021
CUST19129,Charles,Jones,Female,1981-01-10,Scotland,02/02/2023
CUST19130,Olivia,Roberts,Male,2001-12-12,Scotland,08/12/2021
CUST19131,Olivia,Evans,Female,1976-05-21,England,18/05/2023
CUST19132,Jessica,Wright,Male,1991-10-04,Scotland,08/09/2021
CUST19133,Linda,Smith,Female,1981-07-14,England,06/09/2021
CUST19134,Olivia,Brown,Male,2006-06-20,England,24/05/2024
CUST19135,Olivia,Robinson,Female,1976-03-15,England,08/01/2024
CUST19136,Richard,White,Female,1986-03-13,England,09/01/2022
CUST19137,Jack,Wright,Female,1981-09-15,England,23/07/2022
CUST19138,George,Smith,Female,1991-04-14,England,23/12/2023
CUST19139,Michael,Johnson,Male,2001-03-22,Scotland,03/12/2023
CUST19140,Mary,Smith,Female,1986-01-23,England,29/01/2024
CUST19141,Patricia,Johnson,Male,1961-11-25,England,06/01/2022
CUST19142,Isla,Robinson,Female,1996-05-02,England,28/08/2022
CUST19143,Richard,Taylor,Male,1981-05-09,Scotland,08/09/2021
CUST19144,Jessica,Taylor,Female,2006-05-24,England,10/10/2023
CUST19145,Michael,Walker,Female,1976-08-18,England,02/12/2024
CUST19146,Isla,Smith,Male,1996-06-11,England,06/10/2022
CUST19147,Michael,Walker,Male,1986-07-17,England,20/11/2021
CUST19148,Mary,Smith,Female,1991-04-13,Scotland,12/06/2024
CUST19149,Sarah,Smith,Male,2001-04-24,England,07/09/2022
CUST19150,Isla,Smith,Male,1991-11-16,England,20/03/2022
CUST19151,Karen,Wright,Female,1991-06-13,England,17/12/2021
CUST19152,Richard,Williams,Male,1986-12-17,England,12/04/2023
CUST19153,Oliver,Roberts,Male,1961-11-06,Scotland,11/01/2023
CUST19154,Mary,White,Male,1986-09-21,England,07/10/2023
CUST19155,Karen,Johnson,Male,1966-07-06,England,06/08/2021
CUST19156,George,Taylor,Female,1986-11-01,England,18/05/2024
CUST19157,Jessica,Wilson,Female,2001-01-02,England,18/12/2023
CUST19158,Olivia,Taylor,Female,1996-06-02,England,21/09/2022
CUST19159,Harry,Wilson,Female,1991-09-03,England,30/09/2023
CUST19160,Richard,Davies,Male,1991-02-02,England,24/12/2023
CUST19161,Noah,Jones,Female,1971-03-09,England,24/06/2024
CUST19162,Thomas,Jones,Male,1981-01-26,England,01/07/2023
CUST19163,Susan,Roberts,Female,1981-06-03,Northern Ireland,18/08/2023
CUST19164,Jessica,Evans,Male,1986-07-19,England,12/06/2022
CUST19165,Barbara,Walker,Female,1991-06-24,England,22/11/2021
CUST19166,Mary,Evans,Female,1981-01-22,England,07/05/2024
CUST19167,Emily,Williams,Male,2001-06-10,England,27/04/2023
CUST19168,Oliver,Brown,Female,2001-11-02,England,19/02/2022
CUST19169,Jessica,Robinson,Female,1991-01-10,England,03/03/2024
CUST19170,Susan,Davies,Male,2001-10-17,England,23/05/2024
CUST19171,Jessica,Wilson,Female,1981-04-21,England,21/07/2023
CUST19172,Oliver,Walker,Female,2006-01-04,England,20/06/2022
CUST19173,Joseph,Wright,Male,2001-01-09,England,24/09/2024
CUST19174,Thomas,Wilson,Female,1966-01-17,England,13/07/2023
CUST19175,Amelia,Williams,Male,1956-05-20,England,20/05/2024
CUST19176,Harry,Brown,Female,1986-06-09,England,10/11/2023
CUST19177,Barbara,Wright,Female,1986-08-23,England,06/10/2024
CUST19178,Elizabeth,Williams,Female,1976-01-22,England,18/10/2021
CUST19179,Patricia,Smith,Male,2006-08-10,England,22/01/2025
CUST19180,Isla,Taylor,Male,1991-09-15,Scotland,18/06/2022
CUST19181,Amelia,Johnson,Male,2001-01-13,England,08/04/2023
CUST19182,Oliver,Taylor,Female,1991-09-19,England,10/11/2021
CUST19183,Charles,White,Male,1956-02-09,England,13/03/2022
CUST19184,Sarah,Roberts,Female,1976-06-09,England,20/11/2022
CUST19185,Olivia,Walker,Male,1956-08-12,England,20/12/2022
CUST19186,Oliver,Wilson,Male,1976-11-06,England,28/02/2024
CUST19187,Noah,Smith,Male,1981-07-16,England,24/07/2023
CUST19188,Jennifer,Wilson,Male,1976-06-26,England,25/04/2023
CUST19189,Isla,Wilson,Male,1981-11-10,England,13/02/2024
CUST19190,Linda,Johnson,Female,1986-03-24,Scotland,05/10/2024
CUST19191,Michael,Taylor,Female,1996-03-13,England,01/11/2021
CUST19192,Thomas,Wilson,Female,1986-06-05,England,10/05/2023
CUST19193,Harry,Thompson,Male,1996-02-14,Wales,01/08/2023
CUST19194,Mary,Johnson,Male,1986-01-14,England,28/01/2024
CUST19195,William,Taylor,Male,2001-05-01,England,12/01/2022
CUST19196,Robert,Roberts,Female,1986-02-13,England,30/05/2023
CUST19197,Mary,Wilson,Female,1996-08-05,England,13/01/2023
CUST19198,Noah,Jones,Female,1996-07-22,England,29/10/2022
CUST19199,Thomas,Williams,Female,1986-06-15,England,08/04/2024
CUST19200,Jessica,Walker,Male,2001-06-09,England,02/12/2024
CUST19201,George,Johnson,Male,1961-02-01,England,23/01/2025
CUST19202,Harry,Evans,Female,1986-05-16,England,30/09/2024
CUST19203,Noah,Jones,Male,1991-01-20,England,30/03/2024
CUST19204,Olivia,Robinson,Male,2006-05-12,England,13/12/2024
CUST19205,Linda,Jones,Female,1971-09-25,England,20/08/2024
CUST19206,David,Smith,Female,1981-12-06,England,17/03/2024
CUST19207,Noah,Robinson,Male,1991-04-21,England,26/12/2022
CUST19208,Thomas,Williams,Male,1996-04-14,Scotland,08/05/2024
CUST19209,Oliver,Williams,Male,1976-09-09,England,05/10/2022
CUST19210,Oliver,Jones,Male,1961-12-08,England,05/11/2021
CUST19211,Emily,Robinson,Male,1991-04-13,England,28/08/2021
CUST19212,Karen,Williams,Female,2001-11-03,England,05/12/2023
CUST19213,Thomas,Robinson,Male,2001-04-18,England,24/04/2024
CUST19214,Charles,Walker,Male,2006-08-12,England,27/04/2024
CUST19215,Karen,Thompson,Female,1976-03-19,Scotland,25/10/2024
CUST19216,Elizabeth,Robinson,Male,1956-04-14,England,27/04/2022
CUST19217,Patricia,Williams,Male,1956-12-27,Northern Ireland,23/11/2022
CUST19218,Emily,Brown,Male,1976-05-03,England,15/07/2023
CUST19219,George,Thompson,Female,2001-01-14,England,08/04/2024
CUST19220,Sarah,Williams,Female,1961-10-15,Scotland,29/10/2023
CUST19221,Amelia,Jones,Male,1991-02-07,England,27/01/2024
CUST19222,Elizabeth,White,Female,1991-02-19,England,24/11/2021
CUST19223,Sarah,Evans,Female,1981-11-10,England,30/12/2023
CUST19224,Susan,Davies,Female,2006-05-21,England,13/04/2023
CUST19225,Barbara,Williams,Female,1971-02-25,England,12/08/2022
CUST19226,Amelia,White,Female,1956-12-24,Wales,31/05/2023
CUST19227,Charles,Brown,Female,1976-04-18,England,24/06/2023
CUST19228,John,Thompson,Female,1976-08-20,Northern Ireland,25/06/2022
CUST19229,Olivia,Wright,Female,1991-04-24,England,09/09/2023
CUST19230,Jack,Walker,Female,2006-07-27,England,30/10/2023
CUST19231,Jennifer,Jones,Male,1976-09-20,England,18/11/2023
CUST19232,Charles,Jones,Male,1981-10-25,England,09/04/2024
CUST19233,Karen,Davies,Female,1966-05-27,England,20/01/2024
CUST19234,Emily,Jones,Male,2001-08-05,England,17/11/2021
CUST19235,Mary,Evans,Male,1991-11-14,England,30/05/2022
CUST19236,Charles,Wilson,Male,1991-11-10,Scotland,24/04/2022
CUST19237,Joseph,Roberts,Female,1981-09-26,England,15/01/2024
CUST19238,Michael,Roberts,Female,1976-05-21,England,10/04/2022
CUST19239,Olivia,Wilson,Female,1961-07-24,England,23/06/2023
CUST19240,Amelia,Jones,Female,1996-12-10,Northern Ireland,27/06/2022
CUST19241,Richard,Jones,Male,1986-03-23,England,11/09/2024
CUST19242,Elizabeth,Evans,Female,2006-09-03,Northern Ireland,07/11/2021
CUST19243,Jennifer,Davies,Male,1996-10-26,England,03/11/2023
CUST19244,Sarah,Walker,Male,1991-06-07,England,01/11/2021
CUST19245,Charles,Thompson,Female,1981-11-15,England,26/03/2022
CUST19246,Noah,Robinson,Female,1986-06-20,England,28/07/2022
CUST19247,Richard,Davies,Male,1991-11-21,England,23/07/2022
CUST19248,George,Wilson,Female,1981-08-06,England,01/10/2022
CUST19249,James,Robinson,Female,1971-01-15,England,31/05/2024
CUST19250,Linda,Roberts,Female,1996-10-15,England,16/12/2022
CUST19251,Michael,Walker,Female,1991-09-21,England,27/07/2023
CUST19252,Jennifer,Evans,Male,1976-03-09,Northern Ireland,05/10/2023
CUST19253,William,Johnson,Male,1976-09-21,England,09/05/2023
CUST19254,William,Williams,Male,1971-07-17,England,24/08/2024
CUST19255,Barbara,Smith,Female,1996-12-21,England,03/09/2024
CUST19256,Barbara,Davies,Male,1986-04-24,England,12/07/2024
CUST19257,Joseph,Brown,Male,1966-04-12,Scotland,26/04/2024
CUST19258,Michael,Williams,Female,1991-01-12,England,04/06/2022
CUST19259,Barbara,Evans,Male,1991-10-22,Wales,12/03/2024
CUST19260,Harry,White,Female,1956-12-22,England,10/10/2024
CUST19261,Linda,White,Male,2001-09-24,England,15/12/2022
CUST19262,James,Johnson,Male,1976-05-15,England,28/12/2021
CUST19263,Joseph,Jones,Male,1971-11-18,England,08/11/2022
CUST19264,Amelia,Smith,Male,2001-04-02,England,09/12/2024
CUST19265,Joseph,Evans,Female,1976-09-13,England,09/07/2022
CUST19266,Oliver,Brown,Male,1986-08-07,England,12/12/2023
CUST19267,Joseph,Roberts,Male,1971-11-24,England,01/11/2024
CUST19268,George,Robinson,Female,1966-12-04,England,21/09/2022
CUST19269,David,Wright,Male,1971-05-22,England,20/08/2021
CUST19270,Joseph,White,Male,2006-02-23,England,25/10/2023
CUST19271,Thomas,White,Female,1976-02-13,England,29/09/2022
CUST19272,Oliver,Taylor,Female,1966-09-19,England,27/03/2024
CUST19273,Richard,Roberts,Male,1981-05-16,England,19/10/2022
CUST19274,David,Wright,Male,1981-02-19,Wales,10/06/2022
CUST19275,Noah,Smith,Male,2006-10-19,Scotland,03/01/2023
CUST19276,Robert,Walker,Male,1971-08-07,England,09/10/2023
CUST19277,George,Jones,Male,2006-02-19,England,09/10/2022
CUST19278,Emily,Taylor,Male,1991-09-25,England,04/05/2022
CUST19279,David,White,Female,1966-08-09,England,07/04/2023
CUST19280,Susan,Thompson,Male,1961-12-09,England,03/01/2025
CUST19281,Noah,Roberts,Male,1956-12-08,England,29/01/2024
CUST19282,Jessica,Brown,Female,1986-12-25,Scotland,05/11/2024
CUST19283,Linda,Evans,Female,2001-11-24,England,29/10/2023
CUST19284,Linda,Davies,Female,1986-10-10,England,21/08/2024
CUST19285,Jessica,Evans,Male,2001-09-26,England,27/01/2025
CUST19286,Olivia,Jones,Male,1971-07-21,England,09/07/2023
CUST19287,Emily,Walker,Female,1986-10-11,England,09/05/2023
CUST19288,Isla,Robinson,Male,1991-12-23,England,17/11/2024
CUST19289,Robert,Brown,Male,2006-02-25,England,09/01/2022
CUST19290,Thomas,Johnson,Female,1991-02-24,England,18/04/2022
CUST19291,Emily,Brown,Female,1971-06-13,Wales,20/04/2023
CUST19292,Elizabeth,Wright,Male,1976-04-06,Northern Ireland,15/04/2022
CUST19293,Michael,Davies,Female,2001-07-05,England,20/08/2023
CUST19294,David,Brown,Female,2001-04-23,England,03/09/2024
CUST19295,Patricia,Brown,Male,1991-10-20,Wales,13/10/2022
CUST19296,Sarah,Johnson,Female,2001-11-20,England,23/10/2022
CUST19297,Noah,Walker,Female,1966-04-02,England,02/12/2023
CUST19298,Sarah,Robinson,Male,1981-10-27,England,28/07/2022
CUST19299,Karen,Thompson,Female,2001-02-04,England,11/05/2023
CUST19300,Susan,Evans,Male,1976-10-16,England,16/04/2022
CUST19301,Noah,Walker,Female,1991-09-26,Wales,06/08/2024
CUST19302,Olivia,Roberts,Male,1996-09-07,England,16/07/2023
CUST19303,Jennifer,Jones,Male,1986-06-14,England,03/09/2022
CUST19304,Patricia,Taylor,Male,2006-02-23,England,06/01/2023
CUST19305,George,Wright,Male,1986-11-08,England,08/09/2021
CUST19306,Karen,Taylor,Female,1971-02-03,England,22/11/2021
CUST19307,Jack,Smith,Male,1966-06-13,Northern Ireland,26/03/2022
CUST19308,Mary,White,Male,1991-03-22,England,12/07/2022
CUST19309,Jessica,Evans,Male,1981-11-16,England,17/12/2021
CUST19310,Noah,Walker,Male,1996-07-12,England,21/09/2024
CUST19311,Mary,Brown,Female,1986-07-18,England,13/02/2024
CUST19312,Richard,White,Female,1996-04-02,England,31/12/2023
CUST19313,Thomas,Wilson,Male,1981-10-10,England,23/11/2022
CUST19314,Michael,Evans,Female,2001-03-24,England,05/06/2022
CUST19315,Sarah,Evans,Female,1961-09-11,England,08/03/2022
CUST19316,Olivia,Davies,Male,1966-12-27,England,23/03/2022
CUST19317,Karen,White,Female,1991-04-15,England,09/04/2022
CUST19318,John,Wilson,Male,1976-09-26,England,20/09/2023
CUST19319,William,Brown,Female,2001-04-17,Northern Ireland,22/12/2022
CUST19320,Olivia,Walker,Male,1976-12-12,England,06/09/2021
CUST19321,Oliver,White,Female,1996-11-25,England,08/10/2021
CUST19322,Noah,Wilson,Male,2001-04-08,Wales,07/02/2022
CUST19323,Michael,Evans,Female,1981-03-11,England,08/11/2024
CUST19324,Mary,Smith,Female,1986-01-20,England,13/04/2024
CUST19325,Noah,Thompson,Male,1986-09-24,England,21/06/2022
CUST19326,John,Brown,Female,1986-12-06,England,11/10/2023
CUST19327,Oliver,Taylor,Male,2006-02-27,England,08/06/2024
CUST19328,James,Wright,Female,2006-10-12,England,28/07/2022
CUST19329,Barbara,White,Female,1981-10-10,Wales,09/06/2023
CUST19330,Jennifer,Davies,Male,1981-06-04,England,17/10/2022
CUST19331,Thomas,Jones,Male,2006-03-01,England,04/05/2022
CUST19332,Olivia,Jones,Female,1991-08-16,England,19/11/2022
CUST19333,John,Walker,Female,1981-08-17,England,29/09/2021
CUST19334,Robert,Brown,Female,1981-10-03,England,20/03/2022
CUST19335,John,Walker,Male,1971-07-25,England,02/03/2023
CUST19336,Susan,Wright,Male,1991-01-15,England,01/11/2023
CUST19337,Elizabeth,Walker,Female,1986-03-02,Scotland,29/08/2021
CUST19338,Jack,Wilson,Male,1981-05-23,England,17/04/2024
CUST19339,John,Jones,Male,1991-06-06,England,18/05/2024
CUST19340,Jack,Smith,Male,2006-05-19,England,26/02/2022
CUST19341,Mary,Wilson,Male,2006-11-19,England,12/09/2023
CUST19342,Sarah,Roberts,Male,1971-04-22,England,16/11/2022
CUST19343,Elizabeth,Walker,Female,1996-09-22,England,25/08/2024
CUST19344,Emily,Davies,Male,1981-05-27,England,06/11/2022
CUST19345,Olivia,Brown,Male,1981-12-03,England,25/07/2023
CUST19346,Sarah,Taylor,Female,1991-11-10,England,02/04/2023
CUST19347,Olivia,Robinson,Female,1971-10-10,England,25/11/2022
CUST19348,Mary,Brown,Female,1976-10-11,England,11/10/2022
CUST19349,Isla,Jones,Male,2006-08-07,England,11/08/2021
CUST19350,Emily,Taylor,Female,1976-08-07,England,14/10/2021
CUST19351,Oliver,Taylor,Male,1986-07-27,England,21/11/2022
CUST19352,George,Brown,Female,1991-01-25,England,17/02/2024
CUST19353,Robert,Taylor,Female,1976-12-19,England,12/04/2022
CUST19354,Olivia,Robinson,Female,1981-12-15,England,12/06/2022
CUST19355,Linda,Evans,Female,1991-07-13,England,01/08/2023
CUST19356,David,Evans,Male,1956-11-19,England,30/04/2022
CUST19357,John,Williams,Male,1981-05-24,England,21/11/2021
CUST19358,David,Walker,Female,1981-02-12,England,02/04/2024
CUST19359,Harry,Wright,Male,2006-11-15,England,22/12/2024
CUST19360,Olivia,Wilson,Male,1996-07-25,Scotland,02/08/2023
CUST19361,Harry,Wright,Female,1986-12-25,England,03/04/2022
CUST19362,William,Smith,Male,1981-03-07,England,10/12/2022
CUST19363,Olivia,Taylor,Female,1986-06-07,England,27/10/2022
CUST19364,Thomas,Brown,Male,1976-09-06,England,06/04/2022
CUST19365,Michael,Brown,Male,1996-02-01,England,15/10/2022
CUST19366,Karen,Taylor,Male,1976-12-19,England,22/08/2022
CUST19367,Charles,Davies,Female,1971-08-12,Northern Ireland,11/08/2021
CUST19368,Karen,Jones,Female,1976-03-01,England,08/12/2022
CUST19369,Joseph,Roberts,Female,1976-09-06,England,12/01/2022
CUST19370,Elizabeth,Robinson,Male,1966-11-15,England,22/12/2022
CUST19371,David,Robinson,Male,2001-05-23,England,08/06/2022
CUST19372,David,Davies,Female,1976-08-18,England,12/09/2024
CUST19373,Linda,Brown,Female,1961-09-15,England,30/11/2023
CUST19374,Michael,Thompson,Male,1981-02-06,England,29/03/2023
CUST19375,Amelia,Taylor,Male,1996-07-08,England,07/10/2021
CUST19376,Sarah,Johnson,Female,1956-07-22,England,16/05/2022
CUST19377,Karen,Smith,Male,2001-04-21,England,02/06/2024
CUST19378,Olivia,Wilson,Male,1991-04-24,England,26/06/2024
CUST19379,Jessica,Wright,Male,2001-08-15,England,26/12/2021
CUST19380,Joseph,Jones,Male,1986-10-08,England,02/10/2022
CUST19381,Olivia,Robinson,Female,1991-05-14,England,05/01/2024
CUST19382,Olivia,Davies,Male,1986-02-25,England,16/10/2022
CUST19383,Joseph,Evans,Male,1966-10-05,England,05/12/2023
CUST19384,Charles,Thompson,Male,1986-03-23,England,09/02/2024
CUST19385,David,Wright,Male,1986-01-27,Wales,30/10/2021
CUST19386,William,Smith,Female,1966-04-23,England,18/04/2022
CUST19387,Jennifer,Wright,Male,1971-10-18,England,31/01/2025
CUST19388,Michael,Roberts,Female,1996-10-12,Scotland,24/11/2021
CUST19389,Olivia,Wilson,Male,2006-04-24,England,25/03/2022
CUST19390,Susan,Johnson,Female,1981-07-05,Wales,09/11/2021
CUST19391,Olivia,Roberts,Female,1971-12-21,England,16/07/2024
CUST19392,Olivia,Robinson,Female,1986-09-11,England,01/06/2023
CUST19393,Joseph,Davies,Male,1996-10-14,England,03/08/2024
CUST19394,Jennifer,Roberts,Male,1976-02-13,Scotland,07/07/2022
CUST19395,Oliver,Wilson,Female,1981-03-01,England,30/01/2022
CUST19396,Robert,Davies,Male,1986-02-27,England,21/09/2023
CUST19397,Isla,Johnson,Male,1971-12-19,England,01/08/2024
CUST19398,Robert,Roberts,Male,1976-05-17,England,23/03/2023
CUST19399,Olivia,Taylor,Female,1981-06-03,Scotland,09/02/2023
CUST19400,Joseph,Wright,Female,1981-07-22,England,06/09/2022
CUST19401,Karen,Roberts,Female,1981-07-26,Scotland,15/09/2022
CUST19402,Jack,White,Female,1986-01-22,England,30/05/2023
CUST19403,Elizabeth,Smith,Male,1986-11-07,England,22/11/2021
CUST19404,Jennifer,Roberts,Female,1976-05-05,Scotland,21/09/2022
CUST19405,Jessica,Thompson,Female,1981-12-10,England,14/05/2024
CUST19406,George,Robinson,Male,1986-10-01,England,09/07/2022
CUST19407,Noah,Jones,Female,2001-09-15,England,12/09/2021
CUST19408,Joseph,Taylor,Male,1976-09-13,England,13/10/2024
CUST19409,Oliver,Wright,Female,1981-12-14,England,06/09/2021
CUST19410,Karen,Roberts,Female,1991-04-27,England,02/12/2024
CUST19411,Jessica,Roberts,Female,1991-04-18,England,10/01/2023
CUST19412,Olivia,Evans,Female,1996-09-12,England,26/04/2023
CUST19413,Sarah,Williams,Female,1961-03-22,England,30/01/2022
CUST19414,Richard,Walker,Male,1971-10-10,England,09/01/2025
CUST19415,Noah,Taylor,Male,1986-01-21,England,12/02/2022
CUST19416,Emily,Jones,Male,1991-11-26,England,03/10/2024
CUST19417,Thomas,Taylor,Female,1976-05-25,England,30/08/2023
CUST19418,Karen,Taylor,Male,1986-01-15,England,30/11/2022
CUST19419,Amelia,Roberts,Male,1961-08-13,England,22/02/2023
CUST19420,John,Davies,Female,2006-04-11,England,30/03/2023
CUST19421,Elizabeth,Smith,Female,2006-04-15,England,29/10/2021
CUST19422,Jack,Brown,Male,1986-06-26,England,21/12/2024
CUST19423,Noah,Walker,Male,1996-07-24,England,12/05/2022
CUST19424,Isla,Evans,Male,1981-02-17,England,12/07/2023
CUST19425,Linda,Robinson,Female,1976-01-08,England,30/10/2024
CUST19426,Elizabeth,Williams,Male,2001-06-11,Wales,17/03/2022
CUST19427,Barbara,White,Female,1986-05-07,England,20/08/2023
CUST19428,Emily,Smith,Male,1981-07-06,England,16/02/2022
CUST19429,Robert,Brown,Female,1971-09-01,Wales,08/08/2024
CUST19430,David,Robinson,Female,1986-08-21,England,06/10/2024
CUST19431,Harry,Davies,Female,1996-02-20,England,09/03/2024
CUST19432,Mary,Evans,Male,1981-12-05,England,06/01/2025
CUST19433,Elizabeth,Johnson,Male,1986-09-19,Scotland,27/07/2023
CUST19434,Amelia,Wilson,Male,1976-01-05,England,21/03/2022
CUST19435,Emily,Robinson,Female,1986-10-08,England,15/02/2025
CUST19436,Olivia,Thompson,Female,1996-11-07,England,01/03/2022
CUST19437,Sarah,Taylor,Female,1976-07-04,England,09/11/2021
CUST19438,Robert,Jones,Female,1986-10-20,Scotland,05/09/2023
CUST19439,Emily,Jones,Female,2001-11-02,England,27/10/2023
CUST19440,Sarah,White,Male,1986-12-11,Scotland,28/02/2024
CUST19441,Jessica,Wright,Female,1961-12-14,England,24/11/2021
CUST19442,Amelia,Wright,Male,1976-03-16,England,05/02/2022
CUST19443,Barbara,Wilson,Male,1996-01-06,Wales,06/11/2023
CUST19444,Olivia,White,Male,1976-08-13,Northern Ireland,12/10/2022
CUST19445,Karen,Walker,Male,1996-09-22,England,11/06/2022
CUST19446,Linda,Davies,Female,1986-07-11,England,22/08/2022
CUST19447,Thomas,Evans,Male,1986-03-26,England,08/07/2022
CUST19448,Isla,Roberts,Female,1996-12-12,England,16/05/2024
CUST19449,Olivia,Wright,Male,1991-05-21,England,01/07/2024
CUST19450,Isla,White,Male,1961-09-04,England,29/08/2024
CUST19451,John,Walker,Female,1996-08-23,England,28/07/2023
CUST19452,George,Johnson,Male,1971-11-13,England,27/04/2024
CUST19453,Susan,Wilson,Female,1981-09-27,England,14/12/2021
CUST19454,George,Smith,Female,1986-08-19,England,02/11/2023
CUST19455,Linda,Walker,Male,2001-11-21,England,28/08/2023
CUST19456,Noah,White,Male,1996-01-05,England,02/09/2024
CUST19457,Mary,Wilson,Female,2001-09-16,Wales,08/08/2023
CUST19458,James,Wright,Male,1981-08-20,England,23/08/2023
CUST19459,Mary,Davies,Female,1961-10-22,England,01/07/2022
CUST19460,Jennifer,Wright,Male,1971-03-11,England,31/12/2021
CUST19461,Jessica,Thompson,Female,2006-08-16,England,07/02/2025
CUST19462,Linda,Wilson,Male,1996-04-05,England,23/06/2024
CUST19463,Harry,Brown,Female,2001-02-12,England,08/11/2022
CUST19464,Barbara,Robinson,Male,1961-07-13,England,06/08/2023
CUST19465,Patricia,Robinson,Female,1996-01-01,England,30/01/2024
CUST19466,Elizabeth,Jones,Male,1996-02-25,England,21/12/2022
CUST19467,Michael,Robinson,Male,1981-07-18,England,06/10/2024
CUST19468,Mary,Jones,Female,1986-11-05,England,23/01/2025
CUST19469,Robert,Williams,Female,1996-09-25,England,29/10/2021
CUST19470,Noah,Walker,Male,1981-01-19,England,31/05/2024
CUST19471,Isla,Evans,Female,2001-02-19,England,29/12/2021
CUST19472,Mary,Thompson,Female,2006-06-26,England,01/08/2022
CUST19473,Jessica,Johnson,Female,2001-06-11,England,13/09/2022
CUST19474,Susan,Roberts,Female,1991-01-10,England,19/02/2024
CUST19475,Sarah,White,Female,1961-04-17,Wales,08/11/2024
CUST19476,Jack,Evans,Male,1986-02-24,Scotland,17/05/2024
CUST19477,Elizabeth,Wright,Female,1976-07-22,England,04/07/2022
CUST19478,Thomas,Taylor,Female,1991-08-22,England,05/12/2022
CUST19479,Richard,Jones,Female,1976-05-21,England,29/10/2021
CUST19480,Linda,Roberts,Male,1961-07-01,Northern Ireland,30/03/2024
CUST19481,Olivia,Davies,Female,1991-03-14,England,01/03/2023
CUST19482,William,Walker,Male,1956-11-10,England,19/08/2024
CUST19483,Linda,Brown,Male,1981-01-10,England,08/02/2024
CUST19484,William,Jones,Male,1976-07-24,Northern Ireland,07/03/2024
CUST19485,William,Brown,Male,1996-04-11,England,16/04/2024
CUST19486,Karen,Williams,Female,1981-06-23,England,23/01/2022
CUST19487,Michael,Walker,Male,1986-07-25,England,26/07/2024
CUST19488,William,Taylor,Female,1961-08-13,England,01/01/2022
CUST19489,John,Brown,Male,1966-12-05,England,14/05/2024
CUST19490,George,Williams,Female,1991-07-19,England,23/09/2024
CUST19491,Harry,Evans,Female,1961-03-24,England,29/04/2022
CUST19492,Harry,Williams,Male,1966-07-11,England,01/07/2022
CUST19493,Karen,Brown,Male,1981-07-06,England,07/06/2022
CUST19494,William,Smith,Female,2001-11-15,England,25/04/2022
CUST19495,Jennifer,Roberts,Female,2001-07-27,England,30/07/2022
CUST19496,Joseph,Wilson,Female,2006-11-14,England,10/09/2024
CUST19497,Jessica,Thompson,Female,2001-08-13,England,13/04/2024
CUST19498,Jennifer,Brown,Female,1961-07-12,England,07/08/2022
CUST19499,Robert,Taylor,Male,1996-04-20,England,28/12/2023
CUST19500,Jennifer,Robinson,Male,1976-04-10,England,18/02/2023
CUST19501,Patricia,Williams,Male,1981-02-20,England,18/07/2022
CUST19502,Sarah,Thompson,Male,1981-07-27,England,16/08/2023
CUST19503,Olivia,Roberts,Female,1996-12-21,England,24/02/2022
CUST19504,Isla,Robinson,Female,1981-01-26,England,23/09/2024
CUST19505,Susan,Wright,Female,1981-12-22,England,23/01/2024
CUST19506,Karen,Williams,Male,1981-11-23,England,28/11/2021
CUST19507,Amelia,Brown,Male,1996-06-02,Wales,01/05/2022
CUST19508,Jennifer,Wilson,Male,1976-04-10,Wales,26/03/2023
CUST19509,Joseph,Wilson,Male,2006-07-08,England,04/02/2022
CUST19510,Olivia,Wright,Female,1981-11-24,England,02/01/2025
CUST19511,Joseph,White,Male,1986-01-07,England,22/06/2024
CUST19512,Michael,Roberts,Female,1996-06-27,England,22/12/2024
CUST19513,Jack,Evans,Female,1971-01-19,England,02/10/2023
CUST19514,Olivia,Smith,Female,2001-08-04,England,20/06/2022
CUST19515,Robert,Davies,Female,1966-01-19,England,20/09/2021
CUST19516,Richard,Taylor,Male,1966-04-10,England,21/08/2021
CUST19517,William,Evans,Male,1991-09-09,England,20/03/2023
CUST19518,William,Wilson,Male,1991-10-27,England,14/12/2023
CUST19519,Karen,Roberts,Male,2001-03-22,England,24/06/2022
CUST19520,Elizabeth,Wilson,Female,1966-07-21,England,11/10/2023
CUST19521,Linda,Johnson,Female,1981-03-09,Wales,14/04/2024
CUST19522,Barbara,Roberts,Male,2006-08-18,England,08/01/2025
CUST19523,Jessica,Williams,Female,1986-01-10,England,01/03/2022
CUST19524,Patricia,Jones,Female,2001-10-17,England,18/11/2022
CUST19525,Charles,Wilson,Female,1981-01-11,England,25/11/2022
CUST19526,Elizabeth,Evans,Male,1986-08-17,England,20/06/2024
CUST19527,Jennifer,Johnson,Female,2001-05-21,England,05/02/2022
CUST19528,Patricia,Wright,Female,1971-03-09,England,21/04/2024
CUST19529,John,Brown,Female,1996-07-01,England,11/07/2024
CUST19530,George,Taylor,Male,1986-02-03,England,22/12/2022
CUST19531,Robert,Wright,Male,1981-07-25,England,20/12/2024
CUST19532,Jennifer,Walker,Male,1961-08-26,England,05/03/2023
CUST19533,Emily,Davies,Male,1986-06-19,Scotland,13/02/2025
CUST19534,Olivia,Johnson,Female,1966-05-03,England,19/01/2023
CUST19535,Joseph,Smith,Female,1991-06-16,England,08/12/2022
CUST19536,Charles,Johnson,Female,1971-12-12,England,23/05/2023
CUST19537,James,Roberts,Male,1996-10-07,England,14/02/2022
CUST19538,Olivia,Wright,Male,1976-01-11,Scotland,06/04/2022
CUST19539,Susan,Roberts,Female,2001-04-22,England,20/06/2022
CUST19540,Jack,Walker,Female,1956-01-27,Scotland,11/10/2021
CUST19541,Barbara,Evans,Male,1961-03-24,England,13/11/2023
CUST19542,Michael,Robinson,Male,1986-10-06,England,19/01/2022
CUST19543,Isla,Walker,Male,1986-11-14,England,31/05/2022
CUST19544,Jack,Davies,Male,1981-06-15,England,02/08/2022
CUST19545,Olivia,Wright,Female,1996-09-08,England,23/02/2022
CUST19546,Thomas,Roberts,Female,1981-05-12,England,13/03/2024
CUST19547,Olivia,Wilson,Female,1976-06-11,England,18/01/2023
CUST19548,Jennifer,Walker,Female,1986-10-02,England,23/11/2022
CUST19549,Olivia,Walker,Male,2001-04-12,England,04/10/2024
CUST19550,Patricia,Wilson,Male,1966-04-10,England,18/07/2023
CUST19551,John,Wright,Female,2001-02-09,England,20/08/2024
CUST19552,James,Brown,Male,1981-03-17,England,03/10/2024
CUST19553,Emily,Smith,Male,2001-01-20,Wales,18/04/2023
CUST19554,Richard,Williams,Female,2001-10-02,England,03/07/2024
CUST19555,Michael,Williams,Male,2006-11-10,England,08/08/2021
CUST19556,Patricia,Wright,Female,1991-06-01,England,09/06/2023
CUST19557,Linda,Evans,Female,1981-08-23,Scotland,05/10/2024
CUST19558,Thomas,Jones,Male,1986-03-26,Scotland,08/08/2022
CUST19559,James,Smith,Female,1981-01-13,England,30/11/2023
CUST19560,Oliver,Wright,Female,1981-07-26,Scotland,09/04/2022
CUST19561,William,White,Male,2001-02-17,England,31/08/2021
CUST19562,Harry,Johnson,Female,2006-11-24,England,20/07/2023
CUST19563,Jack,Robinson,Female,1981-04-26,Northern Ireland,01/11/2023
CUST19564,Richard,Johnson,Female,1981-09-16,England,13/04/2024
CUST19565,Jessica,Davies,Male,1986-04-13,England,15/04/2023
CUST19566,David,Thompson,Male,1996-02-21,Wales,26/01/2023
CUST19567,Patricia,Walker,Female,1971-07-05,Wales,21/09/2023
CUST19568,Susan,Robinson,Female,2006-03-09,England,13/12/2021
CUST19569,Patricia,Brown,Female,1981-05-15,England,30/08/2024
CUST19570,Richard,Walker,Male,2001-04-06,Northern Ireland,28/04/2023
CUST19571,Sarah,Smith,Male,1981-11-14,England,25/09/2021
CUST19572,George,Thompson,Female,1991-07-24,England,28/10/2024
CUST19573,Patricia,Brown,Female,1976-09-22,England,30/05/2023
CUST19574,Amelia,Taylor,Female,2006-08-25,England,31/12/2021
CUST19575,Olivia,Roberts,Male,1986-11-24,Wales,08/01/2022
CUST19576,Thomas,Wright,Male,2001-06-09,England,13/08/2021
CUST19577,Jack,Taylor,Male,1981-11-20,England,01/03/2024
CUST19578,Mary,White,Female,2001-11-11,England,06/11/2023
CUST19579,Karen,White,Male,2006-12-27,Scotland,03/11/2023
CUST19580,Sarah,White,Male,1976-09-05,England,07/10/2022
CUST19581,William,Robinson,Male,2006-12-08,Scotland,24/11/2021
CUST19582,Olivia,Evans,Female,1996-09-26,England,14/01/2022
CUST19583,Noah,Brown,Female,1971-04-07,England,26/07/2023
CUST19584,Noah,White,Female,1971-02-17,England,15/03/2022
CUST19585,Jack,Brown,Female,1971-03-08,England,07/12/2023
CUST19586,Michael,Davies,Female,1991-07-08,England,23/02/2022
CUST19587,Olivia,Johnson,Female,1986-02-19,England,12/07/2024
CUST19588,Jack,Walker,Female,1976-03-22,England,18/08/2022
CUST19589,George,Davies,Male,2001-08-07,England,15/07/2023
CUST19590,Olivia,Roberts,Male,1976-04-27,England,14/07/2022
CUST19591,Oliver,Johnson,Female,2001-09-03,England,13/06/2024
CUST19592,Barbara,Smith,Female,1966-12-03,England,11/07/2023
CUST19593,Mary,Robinson,Male,1981-02-27,England,20/12/2022
CUST19594,Jessica,Thompson,Male,1986-08-02,England,23/04/2023
CUST19595,William,Wright,Female,1986-10-09,England,10/09/2023
CUST19596,Linda,Jones,Female,1996-02-04,England,18/10/2023
CUST19597,Jennifer,Brown,Male,1991-10-07,Scotland,22/08/2024
CUST19598,Elizabeth,Davies,Female,1976-07-02,England,30/09/2022
CUST19599,Charles,Robinson,Female,1986-08-10,England,23/02/2022
CUST19600,Emily,Brown,Male,1986-01-08,England,07/08/2021
CUST19601,George,Davies,Male,1996-06-05,Scotland,17/05/2023
CUST19602,John,Robinson,Female,1976-05-20,Wales,17/07/2024
CUST19603,Linda,Johnson,Male,1991-02-01,England,23/03/2023
CUST19604,Susan,Evans,Male,1996-10-13,England,18/05/2024
CUST19605,Richard,Roberts,Female,1961-07-09,England,23/02/2022
CUST19606,David,Wilson,Female,1986-11-18,Scotland,04/07/2024
CUST19607,James,Brown,Male,1986-02-10,England,10/11/2021
CUST19608,Oliver,Wright,Female,1956-09-13,Scotland,29/09/2024
CUST19609,Oliver,Walker,Female,1991-08-22,England,31/03/2024
CUST19610,John,Brown,Female,1961-08-04,England,03/11/2021
CUST19611,Patricia,White,Female,1976-04-12,England,04/12/2021
CUST19612,Karen,Thompson,Male,1981-09-16,England,13/02/2024
CUST19613,Barbara,Wilson,Female,1996-03-20,England,08/06/2023
CUST19614,Harry,Wilson,Female,2006-10-15,England,07/08/2023
CUST19615,Mary,Wright,Female,1986-06-20,Northern Ireland,01/07/2022
CUST19616,Oliver,Smith,Female,2006-06-22,England,12/09/2023
CUST19617,Jennifer,Johnson,Female,2006-07-22,England,13/11/2021
CUST19618,Amelia,Taylor,Female,1981-02-17,England,08/11/2024
CUST19619,Robert,Robinson,Female,1976-05-25,England,04/01/2023
CUST19620,Jessica,Thompson,Male,2001-03-01,England,27/07/2022
CUST19621,Michael,Smith,Male,1976-12-14,England,04/08/2024
CUST19622,Elizabeth,Williams,Male,1961-06-22,England,29/01/2024
CUST19623,Jessica,Davies,Male,1976-01-03,England,24/04/2023
CUST19624,Harry,Walker,Male,1976-01-23,England,22/02/2025
CUST19625,Harry,Brown,Male,1976-11-02,England,26/07/2023
CUST19626,Isla,Thompson,Female,1996-02-22,England,17/08/2024
CUST19627,Jessica,Thompson,Female,1991-01-06,England,10/08/2021
CUST19628,George,Jones,Male,1961-03-19,England,15/08/2022
CUST19629,Noah,Walker,Male,1981-03-23,England,01/12/2022
CUST19630,Isla,Evans,Male,1976-01-22,England,14/11/2024
CUST19631,Olivia,Smith,Male,1961-12-16,England,13/08/2023
CUST19632,Jack,Davies,Male,1996-01-25,England,04/01/2022
CUST19633,Emily,Davies,Female,1991-09-04,Scotland,07/02/2022
CUST19634,Thomas,Davies,Female,1981-11-07,England,17/06/2022
CUST19635,Joseph,Brown,Female,2006-08-04,Scotland,14/08/2021
CUST19636,David,Williams,Female,1981-02-20,England,04/11/2022
CUST19637,Charles,Roberts,Male,1971-09-25,England,24/11/2022
CUST19638,Amelia,Wilson,Female,1981-04-26,England,13/08/2021
CUST19639,Elizabeth,Smith,Male,1996-05-15,England,18/11/2024
CUST19640,Mary,Roberts,Male,1976-04-04,England,16/09/2023
CUST19641,Sarah,Taylor,Female,2001-10-05,Scotland,31/12/2024
CUST19642,Mary,Evans,Male,1966-07-17,Scotland,22/05/2023
CUST19643,Michael,Williams,Female,2001-02-25,England,07/09/2023
CUST19644,Jack,Thompson,Female,1971-05-27,England,06/05/2023
CUST19645,Richard,Walker,Female,1986-10-20,England,09/11/2023
CUST19646,Jessica,Davies,Male,1991-12-24,England,16/04/2024
CUST19647,Joseph,Jones,Male,1986-12-13,England,19/07/2024
CUST19648,William,Robinson,Male,1996-02-06,Wales,08/05/2022
CUST19649,Noah,Wilson,Male,1986-11-13,England,16/08/2021
CUST19650,William,Robinson,Male,1971-07-03,Wales,23/06/2023
CUST19651,Linda,Walker,Male,1971-09-19,Wales,10/03/2023
CUST19652,Jack,Robinson,Female,2001-05-09,Scotland,24/11/2024
CUST19653,James,Brown,Male,1981-08-10,England,15/05/2024
CUST19654,James,Wright,Male,1971-04-01,England,16/02/2024
CUST19655,Olivia,Evans,Female,1971-07-27,England,30/04/2023
CUST19656,Sarah,Wright,Male,1991-03-12,England,30/07/2022
CUST19657,Olivia,Smith,Male,2006-05-22,England,22/04/2022
CUST19658,Jennifer,Roberts,Male,1966-05-15,England,28/08/2023
CUST19659,Olivia,Wilson,Female,1991-11-18,England,19/11/2024
CUST19660,Oliver,Robinson,Male,1991-08-13,England,22/01/2025
CUST19661,John,Walker,Female,1976-08-19,England,15/04/2022
CUST19662,Thomas,Thompson,Male,1996-04-06,England,04/08/2022
CUST19663,Barbara,Roberts,Male,1971-06-27,England,07/10/2021
CUST19664,Barbara,Brown,Female,2006-06-12,England,05/02/2024
CUST19665,Michael,Wright,Male,1976-10-01,England,14/01/2023
CUST19666,Joseph,Brown,Female,1961-03-26,Wales,02/08/2022
CUST19667,Patricia,Thompson,Male,1956-01-01,England,18/12/2022
CUST19668,Patricia,Williams,Male,1966-07-13,England,31/05/2023
CUST19669,Charles,White,Male,1971-10-22,England,26/06/2024
CUST19670,Harry,Thompson,Male,1996-09-11,England,01/11/2024
CUST19671,Jack,Jones,Male,1961-10-06,England,29/12/2024
CUST19672,Jessica,White,Male,1966-05-07,England,15/01/2023
CUST19673,Thomas,Smith,Female,1986-03-19,England,01/08/2023
CUST19674,Charles,Brown,Male,1991-08-16,England,19/05/2022
CUST19675,Joseph,Jones,Male,2001-01-14,England,10/06/2024
CUST19676,Jack,Jones,Female,1981-11-14,England,15/11/2024
CUST19677,John,White,Male,1976-09-09,Scotland,18/09/2022
CUST19678,Charles,Johnson,Male,1991-07-26,England,23/09/2023
CUST19679,John,Johnson,Female,1991-03-07,England,24/12/2024
CUST19680,William,Davies,Female,1981-04-23,England,24/04/2024
CUST19681,Thomas,Williams,Male,2006-12-21,England,08/09/2022
CUST19682,Jennifer,Robinson,Female,1961-01-01,Wales,23/03/2023
CUST19683,Barbara,Williams,Female,1996-01-05,England,28/01/2024
CUST19684,Noah,Taylor,Male,2001-05-15,Scotland,12/01/2024
CUST19685,Robert,Taylor,Female,2006-03-05,England,09/06/2022
CUST19686,Olivia,Evans,Male,1971-09-24,England,22/07/2024
CUST19687,John,Smith,Female,1971-01-12,England,16/02/2022
CUST19688,Charles,Roberts,Female,2001-10-23,Northern Ireland,24/12/2021
CUST19689,Jennifer,Roberts,Male,2001-10-04,Wales,11/06/2024
CUST19690,Susan,Jones,Male,1986-03-01,England,01/05/2022
CUST19691,Karen,Walker,Female,1996-07-18,England,05/01/2025
CUST19692,Michael,White,Male,1976-09-22,England,04/05/2022
CUST19693,Jessica,Jones,Male,2006-11-27,Scotland,07/02/2023
CUST19694,Olivia,Evans,Male,1986-09-22,England,08/02/2025
CUST19695,Isla,Wright,Female,1991-12-21,England,13/06/2024
CUST19696,Karen,Brown,Female,1986-02-02,England,12/08/2023
CUST19697,Joseph,Walker,Male,1991-08-17,England,05/02/2022
CUST19698,Noah,Wright,Male,2001-10-20,England,26/04/2023
CUST19699,Jessica,Brown,Male,1996-03-11,England,24/08/2023
CUST19700,William,Brown,Female,2006-03-27,England,24/06/2023
CUST19701,Oliver,Taylor,Female,2001-02-27,England,14/10/2021
CUST19702,James,Wright,Male,1961-12-24,Wales,02/10/2021
CUST19703,George,Robinson,Female,1996-11-24,England,19/04/2023
CUST19704,Karen,Jones,Female,1991-02-16,Scotland,23/06/2024
CUST19705,David,Robinson,Female,2001-03-23,England,24/06/2023
CUST19706,Robert,Walker,Male,1976-06-02,England,19/09/2024
CUST19707,Barbara,Walker,Female,1966-11-07,England,26/05/2023
CUST19708,Emily,Smith,Female,1976-10-18,England,21/12/2022
CUST19709,Joseph,Thompson,Female,1981-11-04,Scotland,12/06/2022
CUST19710,Michael,Williams,Male,1971-10-22,England,21/04/2024
CUST19711,Robert,Evans,Female,1991-08-05,England,01/11/2021
CUST19712,Oliver,Walker,Female,1971-04-10,England,05/10/2022
CUST19713,Oliver,Johnson,Female,1976-08-07,England,09/10/2023
CUST19714,Sarah,Wilson,Female,2006-06-15,Scotland,13/12/2021
CUST19715,James,Brown,Male,1986-12-03,England,24/02/2024
CUST19716,Mary,Wilson,Male,1996-06-22,England,16/03/2024
CUST19717,Susan,Roberts,Male,2001-10-24,England,23/05/2024
CUST19718,Karen,Evans,Female,1971-03-21,Wales,30/09/2023
CUST19719,George,Thompson,Female,2006-09-06,England,03/07/2024
CUST19720,Robert,Wilson,Female,1976-06-08,England,30/12/2022
CUST19721,Michael,Wilson,Male,1956-06-07,England,06/09/2024
CUST19722,Susan,Roberts,Female,1986-10-17,England,01/03/2023
CUST19723,Oliver,Johnson,Male,1991-06-24,England,07/12/2024
CUST19724,Olivia,Brown,Female,1981-01-24,England,27/07/2022
CUST19725,Charles,Williams,Female,1971-05-26,England,28/03/2022
CUST19726,Jennifer,Walker,Female,1996-12-19,England,14/01/2024
CUST19727,Charles,Smith,Female,1996-12-06,England,06/12/2022
CUST19728,Jennifer,Williams,Male,1981-08-11,England,06/03/2023
CUST19729,John,Evans,Male,1966-08-08,England,15/05/2023
CUST19730,Barbara,Evans,Female,1996-04-02,England,11/10/2022
CUST19731,Michael,Williams,Male,1991-10-22,England,13/07/2022
CUST19732,Susan,Thompson,Female,1956-08-16,England,16/02/2023
CUST19733,Sarah,Davies,Female,2001-01-27,England,19/02/2024
CUST19734,William,Smith,Female,2006-12-23,England,23/11/2023
CUST19735,Jennifer,Johnson,Female,1981-11-18,England,05/08/2021
CUST19736,Thomas,Taylor,Male,2006-01-02,England,25/03/2022
CUST19737,Isla,Thompson,Male,1996-06-12,England,03/02/2025
CUST19738,Jack,White,Female,1981-09-13,England,24/04/2023
CUST19739,Patricia,Jones,Male,1981-09-19,England,10/02/2025
CUST19740,Elizabeth,Wright,Male,1986-03-16,England,30/09/2024
CUST19741,Isla,Thompson,Female,1991-01-22,England,13/11/2022
CUST19742,Noah,Wright,Female,1981-12-01,Northern Ireland,23/10/2021
CUST19743,James,White,Male,1981-11-04,England,26/08/2024
CUST19744,Olivia,Walker,Female,1971-09-26,England,20/11/2022
CUST19745,Michael,Davies,Female,1976-08-12,England,18/10/2022
CUST19746,Thomas,Brown,Male,1981-09-23,England,13/09/2022
CUST19747,Isla,White,Male,1966-06-24,England,27/09/2022
CUST19748,James,Robinson,Male,1971-09-04,England,27/08/2021
CUST19749,Thomas,Wright,Female,2001-04-20,England,20/04/2022
CUST19750,Amelia,Roberts,Male,1961-02-05,England,20/08/2024
CUST19751,Mary,Jones,Female,1966-04-05,Wales,16/08/2021
CUST19752,Robert,Thompson,Female,1991-04-07,England,11/02/2024
CUST19753,James,Davies,Female,2006-04-21,England,20/01/2023
CUST19754,Jennifer,Robinson,Female,1981-06-03,England,04/07/2022
CUST19755,Jack,Brown,Male,1986-02-19,England,15/03/2024
CUST19756,George,Evans,Male,1976-05-11,Scotland,05/10/2023
CUST19757,Jack,White,Female,1986-06-08,England,08/05/2023
CUST19758,Olivia,Taylor,Female,2006-03-07,England,13/03/2023
CUST19759,Amelia,White,Female,1996-06-10,England,22/02/2024
CUST19760,Susan,Thompson,Female,1966-09-10,Scotland,27/10/2024
CUST19761,Patricia,Robinson,Female,2006-05-09,England,22/09/2021
CUST19762,Jennifer,Taylor,Male,1976-01-14,Northern Ireland,26/10/2024
CUST19763,Harry,Wilson,Male,1996-09-27,England,17/03/2022
CUST19764,Isla,Williams,Female,1986-07-13,England,25/12/2022
CUST19765,Karen,Thompson,Male,1986-06-05,Scotland,23/12/2022
CUST19766,Richard,Evans,Male,1996-01-17,England,24/05/2024
CUST19767,Amelia,Robinson,Female,1981-02-23,England,22/08/2022
CUST19768,Barbara,Johnson,Female,1976-01-17,England,26/06/2022
CUST19769,Sarah,Roberts,Male,2001-11-15,England,11/03/2023
CUST19770,Patricia,Smith,Female,1991-04-19,England,24/06/2024
CUST19771,Linda,Williams,Male,1976-06-24,England,24/01/2023
CUST19772,Patricia,Wright,Male,1976-09-03,England,08/08/2024
CUST19773,Susan,Smith,Female,1986-08-27,England,27/10/2024
CUST19774,Olivia,White,Male,1976-01-25,England,27/09/2022
CUST19775,Charles,Brown,Female,2001-12-26,England,31/05/2024
CUST19776,Olivia,Robinson,Female,2001-04-14,England,24/11/2022
CUST19777,William,Robinson,Female,1981-10-24,England,31/10/2023
CUST19778,Susan,Jones,Male,1976-10-03,Northern Ireland,01/02/2023
CUST19779,Jack,Evans,Male,1971-07-12,England,07/04/2024
CUST19780,Joseph,Walker,Female,1996-02-24,England,20/01/2023
CUST19781,Elizabeth,Smith,Female,1986-07-08,England,29/12/2021
CUST19782,Noah,Roberts,Female,1981-03-21,England,03/11/2024
CUST19783,William,Davies,Male,1996-11-09,England,10/02/2023
CUST19784,James,White,Male,1986-10-16,England,31/01/2024
CUST19785,Barbara,Wright,Female,1981-10-18,England,20/11/2021
CUST19786,John,Evans,Female,1996-10-24,England,27/08/2022
CUST19787,Joseph,Thompson,Female,1991-03-10,England,21/02/2023
CUST19788,Noah,Robinson,Male,1996-01-22,England,05/05/2023
CUST19789,Sarah,Wright,Female,1966-08-12,England,31/08/2024
CUST19790,Elizabeth,Roberts,Female,1996-08-11,England,06/02/2022
CUST19791,Sarah,Wilson,Male,2001-11-03,England,10/07/2024
CUST19792,Jessica,Smith,Male,2006-08-03,England,08/03/2023
CUST19793,Noah,Roberts,Male,2006-10-21,England,26/04/2023
CUST19794,Linda,Evans,Female,1996-05-03,England,05/12/2022
CUST19795,Michael,Smith,Female,1981-02-04,England,24/05/2022
CUST19796,John,White,Female,2006-01-06,England,18/06/2023
CUST19797,Elizabeth,Johnson,Male,1996-06-10,England,13/06/2022
CUST19798,William,Williams,Male,2006-01-05,England,12/09/2023
CUST19799,Jennifer,Wilson,Female,1991-07-16,England,05/10/2022
CUST19800,Emily,Walker,Male,2006-05-23,England,10/04/2022
CUST19801,Robert,Taylor,Male,1981-04-15,England,24/12/2021
CUST19802,Karen,Jones,Female,1981-08-18,England,04/08/2022
CUST19803,Patricia,Williams,Female,1976-09-25,England,07/10/2024
CUST19804,Emily,Johnson,Male,1996-01-25,England,12/03/2022
CUST19805,David,Brown,Female,1971-06-18,England,17/12/2023
CUST19806,Barbara,Robinson,Male,1976-12-02,England,01/02/2025
CUST19807,Oliver,Davies,Male,2006-04-22,England,01/09/2024
CUST19808,Harry,Taylor,Female,1986-10-21,England,30/06/2024
CUST19809,Barbara,Wright,Female,1976-05-09,England,13/02/2025
CUST19810,Sarah,Taylor,Male,1991-04-05,England,01/10/2023
CUST19811,Olivia,Thompson,Female,1991-11-04,England,30/05/2023
CUST19812,William,Brown,Female,1981-05-08,England,05/01/2023
CUST19813,William,Robinson,Female,2006-11-21,England,05/08/2023
CUST19814,Michael,Walker,Female,1961-08-26,England,09/11/2023
CUST19815,Olivia,Roberts,Male,2001-10-05,England,09/02/2024
CUST19816,James,Roberts,Female,2006-10-12,England,29/03/2024
CUST19817,Oliver,Johnson,Female,2006-11-23,England,20/12/2022
CUST19818,Barbara,Smith,Female,1991-07-03,England,23/06/2023
CUST19819,George,Roberts,Female,1966-12-26,England,05/10/2024
CUST19820,Richard,Thompson,Male,1971-01-01,England,25/03/2022
CUST19821,Mary,Thompson,Male,1966-06-08,Scotland,19/07/2024
CUST19822,Olivia,Walker,Male,1986-05-01,England,24/03/2024
CUST19823,Charles,Walker,Male,1986-02-21,Wales,02/09/2022
CUST19824,Joseph,Wilson,Male,1991-11-12,England,30/04/2022
CUST19825,Emily,Wilson,Male,2006-10-12,England,19/12/2021
CUST19826,Jessica,Walker,Male,1966-09-15,England,27/02/2024
CUST19827,Oliver,Wilson,Male,1986-08-09,England,30/04/2023
CUST19828,John,Brown,Female,1986-08-21,England,18/12/2023
CUST19829,Charles,White,Male,1986-05-12,England,05/01/2025
CUST19830,Elizabeth,Thompson,Female,1976-09-22,England,23/04/2024
CUST19831,Noah,Evans,Male,1996-12-18,England,17/01/2024
CUST19832,Richard,Williams,Male,1976-04-19,England,02/12/2021
CUST19833,George,Robinson,Female,1976-05-27,England,19/11/2024
CUST19834,Michael,Brown,Male,1971-02-14,England,26/02/2023
CUST19835,Jennifer,Smith,Male,2006-11-09,England,16/01/2022
CUST19836,Noah,Wright,Female,2001-07-20,England,09/12/2022
CUST19837,Sarah,Wilson,Female,1986-08-20,Northern Ireland,07/09/2024
CUST19838,Harry,Brown,Male,1971-04-14,England,19/04/2022
CUST19839,John,Evans,Male,1961-01-10,England,31/01/2023
CUST19840,Isla,White,Male,1981-10-26,England,19/04/2022
CUST19841,Barbara,Smith,Male,1996-11-07,England,23/04/2024
CUST19842,Jessica,Thompson,Female,1996-05-03,England,19/12/2021
CUST19843,Charles,Johnson,Male,1981-10-18,England,15/04/2022
CUST19844,Charles,Brown,Female,1996-07-03,England,12/06/2023
CUST19845,Oliver,Wilson,Female,1986-08-21,England,27/02/2022
CUST19846,Michael,Smith,Female,1971-03-23,England,30/06/2024
CUST19847,Barbara,Roberts,Female,1991-08-20,Northern Ireland,13/04/2023
CUST19848,Linda,Thompson,Female,1991-02-07,England,27/09/2024
CUST19849,William,Thompson,Male,2006-03-26,Scotland,30/01/2024
CUST19850,David,Johnson,Female,1996-05-03,England,04/12/2024
CUST19851,Jessica,Evans,Female,1976-03-03,England,16/04/2024
CUST19852,William,Smith,Male,1991-11-09,Scotland,12/12/2021
CUST19853,Olivia,Taylor,Male,2001-01-15,Scotland,16/03/2023
CUST19854,Olivia,Johnson,Male,2001-11-20,England,25/02/2023
CUST19855,Jack,Wright,Female,2001-02-08,England,21/11/2024
CUST19856,Thomas,Wilson,Male,1981-11-25,Northern Ireland,21/11/2022
CUST19857,Jessica,White,Male,1981-05-23,England,14/05/2022
CUST19858,David,Wilson,Female,1986-12-07,Scotland,16/07/2024
CUST19859,William,Brown,Male,1986-07-02,England,11/05/2022
CUST19860,Jack,Smith,Female,2001-06-19,England,20/04/2023
CUST19861,Emily,Wright,Male,1986-02-05,England,24/11/2022
CUST19862,Jennifer,Brown,Female,2006-06-08,England,05/09/2023
CUST19863,Charles,Evans,Male,1966-07-21,England,27/12/2022
CUST19864,Joseph,Brown,Male,2006-12-06,England,19/01/2022
CUST19865,Emily,Williams,Female,1991-04-10,England,27/05/2023
CUST19866,Robert,Thompson,Male,2006-01-26,England,28/08/2022
CUST19867,Olivia,Roberts,Female,1976-04-19,Scotland,08/01/2024
CUST19868,David,Walker,Female,2001-03-17,England,18/11/2022
CUST19869,Patricia,Wright,Male,1966-12-27,England,13/09/2024
CUST19870,David,Smith,Female,2006-02-21,England,23/01/2024
CUST19871,Oliver,Smith,Male,1971-12-13,England,22/04/2022
CUST19872,Thomas,White,Female,1981-02-18,England,07/03/2023
CUST19873,Michael,Jones,Male,1996-10-15,England,30/04/2023
CUST19874,Susan,Wright,Male,1996-05-10,England,07/06/2022
CUST19875,Karen,Brown,Female,1991-01-27,Scotland,04/08/2024
CUST19876,Mary,White,Male,1971-08-17,England,27/05/2023
CUST19877,David,Wilson,Female,1971-09-21,England,15/12/2022
CUST19878,Harry,Johnson,Female,2001-11-12,England,26/10/2023
CUST19879,Jennifer,White,Male,1991-03-06,England,20/07/2022
CUST19880,Olivia,Roberts,Male,1996-08-04,England,15/06/2023
CUST19881,Oliver,White,Female,2001-07-22,Scotland,20/02/2023
CUST19882,William,Brown,Female,1981-06-15,Northern Ireland,24/09/2023
CUST19883,Joseph,Davies,Male,1991-11-14,Scotland,15/11/2021
CUST19884,Susan,Williams,Male,1996-06-04,England,16/06/2022
CUST19885,Mary,Robinson,Male,1971-05-22,England,25/03/2023
CUST19886,Jennifer,Wilson,Male,1976-07-08,England,04/05/2024
CUST19887,Karen,Johnson,Male,1976-12-17,England,18/04/2024
CUST19888,Noah,Walker,Female,2006-11-10,England,22/10/2022
CUST19889,Isla,Taylor,Female,1966-09-07,England,26/05/2023
CUST19890,William,Davies,Male,1981-01-05,England,04/09/2022
CUST19891,Harry,Wright,Female,1986-04-22,England,10/09/2023
CUST19892,Noah,Davies,Male,2006-01-03,England,14/01/2023
CUST19893,Amelia,White,Female,1966-02-01,England,08/10/2023
CUST19894,Barbara,White,Female,1986-10-09,England,24/09/2023
CUST19895,Barbara,Johnson,Male,1971-10-24,England,04/09/2022
CUST19896,Thomas,Davies,Female,1981-02-19,England,30/12/2022
CUST19897,Michael,White,Female,1976-06-23,Scotland,11/12/2021
CUST19898,Charles,Johnson,Female,1976-04-06,Scotland,04/09/2023
CUST19899,John,Thompson,Male,1966-01-27,England,13/12/2022
CUST19900,Joseph,White,Female,1996-05-04,England,24/03/2022
CUST19901,Charles,White,Male,1996-02-01,England,10/11/2021
CUST19902,Mary,White,Male,1976-09-13,England,07/08/2022
CUST19903,Susan,Wright,Male,1986-12-12,Scotland,06/04/2023
CUST19904,Linda,Roberts,Male,1981-06-08,England,14/03/2022
CUST19905,Noah,White,Female,1976-03-05,England,11/10/2023
CUST19906,Karen,Robinson,Male,1986-06-09,England,28/12/2023
CUST19907,Mary,Roberts,Female,1976-12-11,England,09/10/2022
CUST19908,Noah,Davies,Male,1991-02-17,England,23/01/2024
CUST19909,Jessica,Taylor,Male,1971-09-10,England,27/10/2022
CUST19910,Robert,White,Female,2001-02-07,England,12/02/2024
CUST19911,Linda,Smith,Female,1981-04-17,England,27/10/2023
CUST19912,Barbara,Davies,Male,1966-06-16,Scotland,27/04/2024
CUST19913,Oliver,Davies,Female,1996-05-12,England,05/05/2023
CUST19914,Michael,White,Male,1991-03-03,Wales,27/02/2024
CUST19915,Susan,Johnson,Female,1991-10-27,England,08/09/2022
CUST19916,Emily,Jones,Male,1986-09-15,England,28/05/2022
CUST19917,Olivia,Thompson,Male,1991-06-08,England,19/12/2023
CUST19918,Jennifer,Wilson,Male,2001-06-20,England,31/03/2024
CUST19919,Jack,Thompson,Male,1966-01-12,England,22/01/2024
CUST19920,Mary,Evans,Female,1996-08-05,Scotland,06/04/2024
CUST19921,Amelia,Smith,Male,1986-03-19,Scotland,25/05/2023
CUST19922,Thomas,Evans,Female,1981-04-03,England,13/05/2022
CUST19923,Noah,Taylor,Male,2006-11-08,Northern Ireland,13/03/2022
CUST19924,Linda,Wilson,Male,2001-08-18,England,31/07/2024
CUST19925,Jessica,Roberts,Female,1961-09-20,Scotland,11/09/2024
CUST19926,William,Robinson,Female,1981-04-27,England,01/06/2023
CUST19927,Noah,Wright,Female,2006-07-20,England,23/06/2024
CUST19928,Susan,White,Female,1976-01-07,England,07/02/2025
CUST19929,Jessica,Roberts,Female,1986-03-20,England,08/07/2023
CUST19930,Mary,Williams,Female,2006-10-21,Wales,04/01/2023
CUST19931,Jennifer,Thompson,Male,1981-06-19,England,15/01/2023
CUST19932,Susan,Brown,Male,1986-08-21,England,21/01/2022
CUST19933,Jennifer,Wright,Female,1996-10-23,England,16/05/2022
CUST19934,Joseph,Thompson,Male,1971-12-16,England,12/04/2023
CUST19935,Patricia,Wilson,Male,1996-01-27,England,26/12/2023
CUST19936,Michael,Williams,Male,1996-07-18,England,28/01/2024
CUST19937,Jack,Williams,Female,1996-12-02,England,16/02/2022
CUST19938,Mary,Williams,Male,1976-03-05,England,30/12/2024
CUST19939,John,Robinson,Male,1976-11-14,England,30/03/2024
CUST19940,Emily,Wright,Female,1966-07-12,England,23/11/2021
CUST19941,Isla,Thompson,Female,1996-04-22,England,27/04/2024
CUST19942,Robert,Davies,Male,1976-10-19,England,12/08/2024
CUST19943,Oliver,Evans,Female,1981-11-01,Scotland,10/08/2024
CUST19944,Joseph,Taylor,Female,1991-02-13,England,14/03/2023
CUST19945,Susan,Davies,Male,2006-09-15,England,30/04/2024
CUST19946,Isla,Jones,Male,1971-12-27,England,25/05/2023
CUST19947,Mary,Robinson,Male,1996-08-18,England,05/10/2021
CUST19948,Elizabeth,Thompson,Male,1981-07-05,England,09/01/2024
CUST19949,Noah,Johnson,Male,1986-02-06,England,31/01/2024
CUST19950,Jack,Johnson,Male,2006-06-09,England,23/04/2022
CUST19951,Olivia,Robinson,Female,1956-11-11,Wales,10/12/2024
CUST19952,Oliver,Wilson,Female,1971-10-03,England,04/09/2021
CUST19953,Thomas,Williams,Male,1986-06-22,England,28/05/2024
CUST19954,Elizabeth,Taylor,Male,1981-04-02,England,26/08/2023
CUST19955,Charles,Evans,Female,1986-10-02,Wales,18/07/2024
CUST19956,David,White,Female,1976-12-04,England,23/06/2022
CUST19957,Susan,Walker,Female,2001-04-04,England,01/11/2022
CUST19958,Jack,Brown,Female,1986-10-16,England,25/02/2023
CUST19959,Jack,Evans,Female,1991-04-23,Northern Ireland,16/08/2022
CUST19960,Noah,Thompson,Female,1986-10-26,England,16/06/2022
CUST19961,Isla,Brown,Male,1986-12-22,England,13/08/2023
CUST19962,Linda,Wilson,Female,2001-08-19,England,30/10/2022
CUST19963,Emily,Roberts,Female,1961-06-16,England,07/04/2022
CUST19964,George,Wright,Female,2006-04-09,England,07/01/2024
CUST19965,Oliver,Williams,Male,2006-01-12,Wales,16/03/2024
CUST19966,Jack,Jones,Female,1991-01-24,England,07/06/2023
CUST19967,George,Brown,Female,1981-11-03,England,09/04/2022
CUST19968,Emily,Davies,Male,2001-08-23,England,09/03/2024
CUST19969,Michael,Robinson,Male,1986-03-22,England,08/02/2023
CUST19970,Karen,Brown,Female,1976-07-02,England,28/09/2022
CUST19971,Robert,Wilson,Male,2001-11-07,England,04/03/2023
CUST19972,Jessica,Jones,Female,1956-08-09,England,23/08/2024
CUST19973,Sarah,Thompson,Male,1991-11-25,England,09/03/2024
CUST19974,David,Wilson,Male,1981-02-12,Scotland,02/03/2023
CUST19975,Barbara,Smith,Female,2001-01-21,England,02/04/2022
CUST19976,Robert,Roberts,Male,1976-08-17,England,07/04/2022
CUST19977,Joseph,Smith,Male,1971-07-03,England,17/07/2024
CUST19978,George,Wilson,Male,2001-09-19,England,04/09/2023
CUST19979,William,Wright,Male,2001-12-18,England,24/01/2024
CUST19980,Barbara,Williams,Female,1996-02-24,England,14/05/2024
CUST19981,George,Wright,Female,2006-12-25,Wales,29/07/2024
CUST19982,Jennifer,Brown,Male,1956-01-16,England,15/04/2022
CUST19983,Harry,Williams,Female,1981-07-24,England,02/11/2024
CUST19984,Patricia,Evans,Female,1981-10-04,England,19/05/2022
CUST19985,Jennifer,Robinson,Male,1961-09-17,England,26/04/2023
CUST19986,Oliver,Wilson,Female,1971-03-16,England,10/08/2024
CUST19987,Isla,Roberts,Female,1971-08-05,England,15/01/2022
CUST19988,Barbara,Johnson,Female,1991-11-15,England,10/10/2023
CUST19989,Thomas,Thompson,Female,1991-03-19,England,10/01/2023
CUST19990,Susan,Walker,Female,1996-12-12,England,28/08/2022
CUST19991,Karen,Wright,Male,1991-08-18,England,21/11/2022
CUST19992,Harry,Taylor,Female,1991-02-21,Scotland,27/01/2023
CUST19993,Patricia,Wright,Male,2001-04-16,England,21/07/2024
CUST19994,Thomas,Wilson,Male,1991-11-11,England,20/05/2022
CUST19995,Richard,Robinson,Male,1986-05-08,England,06/12/2022
CUST19996,Susan,Thompson,Male,1991-12-18,England,01/05/2022
CUST19997,Thomas,Smith,Male,2001-06-25,England,07/05/2023
CUST19998,Karen,Jones,Female,1991-05-13,England,11/04/2023
CUST19999,Elizabeth,Wright,Female,1986-11-14,England,28/05/2022
CUST20000,Richard,Taylor,Male,1976-10-25,England,25/10/2023
CUST20001,Robert,Taylor,Male,1976-03-09,England,06/05/2024
CUST20002,John,Jones,Male,1996-10-22,England,30/04/2023
CUST20003,Isla,Johnson,Male,2006-04-07,Wales,31/03/2023
CUST20004,Mary,Wilson,Female,1991-11-07,England,09/06/2024
CUST20005,Susan,Wright,Male,2001-01-08,England,17/11/2022
CUST20006,Noah,Wright,Male,1991-08-02,England,18/06/2023
CUST20007,Harry,Taylor,Male,1961-02-13,England,13/02/2025
CUST20008,Michael,Johnson,Male,1996-09-10,England,16/10/2021
CUST20009,Isla,Taylor,Female,1991-12-07,Scotland,17/11/2024
CUST20010,Olivia,Evans,Male,1976-09-21,England,27/02/2022
CUST20011,Amelia,Wilson,Male,1986-06-14,England,14/02/2022
CUST20012,Thomas,Thompson,Female,2006-10-06,England,28/07/2023
CUST20013,Amelia,Thompson,Female,2001-03-06,England,11/11/2022
CUST20014,William,Walker,Female,1966-07-22,England,24/11/2021
CUST20015,Robert,Walker,Male,2001-12-08,England,08/08/2022
CUST20016,Michael,Jones,Male,1981-05-11,England,27/06/2023
CUST20017,Charles,Roberts,Female,1976-01-04,England,04/04/2023
CUST20018,William,Taylor,Female,1996-06-22,England,06/03/2022
CUST20019,Olivia,Thompson,Male,1976-06-10,England,18/02/2023
CUST20020,Charles,Walker,Male,2001-10-20,England,22/09/2021
CUST20021,Oliver,Johnson,Female,1996-10-11,England,23/07/2023
CUST20022,Oliver,Robinson,Female,1991-05-22,England,08/11/2022
CUST20023,Barbara,Williams,Male,1956-10-11,England,16/04/2024
CUST20024,Olivia,Roberts,Male,1996-02-25,England,01/10/2021
CUST20025,Joseph,Roberts,Male,2001-03-20,England,22/04/2024
CUST20026,Jennifer,Brown,Male,1966-08-13,England,12/10/2024
CUST20027,Patricia,Wright,Male,2001-09-14,England,25/12/2024
CUST20028,George,Thompson,Male,1971-10-17,Wales,29/07/2023
CUST20029,James,Thompson,Male,1981-08-19,England,31/12/2021
CUST20030,David,Wright,Female,1981-02-20,England,04/11/2023
CUST20031,Emily,Wilson,Male,1976-09-01,Wales,08/03/2023
CUST20032,Joseph,Robinson,Male,1976-06-08,Wales,13/05/2024
CUST20033,John,Evans,Female,2001-04-12,England,28/03/2024
CUST20034,Michael,Wilson,Female,1956-05-15,England,12/10/2024
CUST20035,David,Williams,Female,1961-10-03,England,09/11/2024
CUST20036,James,Roberts,Female,1966-03-06,England,31/10/2024
CUST20037,David,Brown,Male,1981-07-13,England,03/01/2022
CUST20038,Noah,Evans,Male,1986-01-13,England,10/08/2024
CUST20039,Elizabeth,Brown,Female,1986-09-17,Scotland,08/12/2021
CUST20040,Patricia,Evans,Female,2006-02-02,Wales,06/02/2023
CUST20041,Elizabeth,Taylor,Female,1986-12-22,England,25/04/2022
CUST20042,Jessica,Johnson,Female,1981-11-09,England,06/06/2023
CUST20043,David,Evans,Female,1981-11-15,England,14/02/2022
CUST20044,David,Robinson,Male,1991-05-26,England,10/02/2025
CUST20045,Michael,Williams,Female,1986-10-11,England,12/06/2023
CUST20046,Linda,Roberts,Male,1981-02-09,England,01/04/2024
CUST20047,Michael,Wright,Male,1991-04-08,Scotland,17/03/2024
CUST20048,Elizabeth,Williams,Male,1961-02-18,England,25/12/2022
CUST20049,Joseph,Thompson,Male,1976-01-26,England,10/11/2021
CUST20050,Karen,Thompson,Male,2006-05-16,England,26/01/2025
CUST20051,Mary,Johnson,Female,2006-07-06,England,17/09/2023
CUST20052,Jessica,Wilson,Male,1976-11-26,England,06/11/2023
CUST20053,Jennifer,Wilson,Male,1991-01-02,England,22/08/2022
CUST20054,Thomas,Taylor,Female,1971-05-12,England,28/11/2022
CUST20055,William,Jones,Female,2001-09-04,Wales,19/07/2022
CUST20056,Oliver,Smith,Female,2006-03-01,England,19/07/2024
CUST20057,David,Johnson,Female,1991-09-27,Scotland,21/04/2022
CUST20058,Jessica,Robinson,Female,1976-07-03,England,23/02/2025
CUST20059,Barbara,Wilson,Male,1961-07-25,England,19/10/2023
CUST20060,Patricia,Williams,Female,1966-02-15,England,23/02/2023
CUST20061,David,Evans,Female,1986-03-09,England,10/02/2022
CUST20062,Linda,Wilson,Male,1971-11-24,England,03/02/2024
CUST20063,Sarah,Evans,Female,2006-11-01,England,23/05/2022
CUST20064,Harry,Walker,Female,1981-06-19,England,04/04/2022
CUST20065,Mary,Taylor,Female,1966-08-21,England,07/07/2023
CUST20066,Jennifer,Taylor,Female,1991-07-10,Scotland,13/10/2021
CUST20067,Noah,Wright,Male,1961-07-09,England,19/05/2022
CUST20068,Elizabeth,Evans,Male,1996-09-01,England,03/05/2022
CUST20069,Patricia,Williams,Male,2001-07-01,England,05/10/2024
CUST20070,George,Walker,Female,1986-02-02,England,24/05/2024
CUST20071,Oliver,Taylor,Male,1966-01-13,Scotland,06/08/2022
CUST20072,Sarah,Jones,Female,1991-11-15,Wales,09/11/2022
CUST20073,Noah,Davies,Male,1971-09-12,England,07/01/2022
CUST20074,Robert,Davies,Male,2001-03-19,England,18/07/2023
CUST20075,David,Wilson,Male,1976-01-10,England,24/09/2021
CUST20076,David,Wilson,Female,1986-03-22,England,29/08/2023
CUST20077,Thomas,Taylor,Male,2001-07-18,Wales,01/08/2023
CUST20078,Amelia,Jones,Male,1976-08-26,England,29/05/2024
CUST20079,George,Brown,Female,1976-03-20,England,26/12/2023
CUST20080,Robert,Robinson,Male,1986-03-04,England,13/07/2023
CUST20081,Isla,Jones,Male,1996-03-16,Scotland,29/11/2022
CUST20082,Harry,Robinson,Female,2001-06-18,England,10/05/2022
CUST20083,Olivia,Brown,Male,1961-03-01,England,22/10/2021
CUST20084,Amelia,Williams,Male,1981-06-02,Northern Ireland,17/02/2024
CUST20085,James,White,Male,1971-01-01,England,05/11/2021
CUST20086,Jack,Jones,Female,1976-12-05,England,30/03/2022
CUST20087,Oliver,Thompson,Female,1971-11-24,England,14/10/2023
CUST20088,Olivia,Wilson,Female,2001-05-07,England,26/12/2024
CUST20089,Harry,Brown,Male,1986-10-06,England,08/09/2023
CUST20090,Emily,Jones,Female,1981-07-13,England,25/12/2022
CUST20091,Linda,Wright,Male,2001-01-11,England,23/10/2021
CUST20092,George,White,Female,2001-04-27,England,11/09/2022
CUST20093,William,Walker,Female,1981-01-03,England,22/10/2024
CUST20094,Charles,Davies,Male,1971-09-23,England,06/08/2024
CUST20095,Karen,Robinson,Female,1981-10-07,England,14/11/2021
CUST20096,David,Taylor,Male,2006-08-09,England,13/01/2025
CUST20097,John,White,Male,1961-01-14,England,10/01/2023
CUST20098,John,Roberts,Male,2001-03-27,England,19/01/2025
CUST20099,Richard,Wright,Female,1996-06-07,England,28/09/2022
CUST20100,Mary,Thompson,Female,1961-02-10,England,14/01/2023
CUST20101,James,Williams,Male,1976-02-18,England,04/01/2024
CUST20102,Sarah,Evans,Female,1966-04-19,Wales,23/02/2024
CUST20103,John,Jones,Female,1971-08-10,England,18/03/2023
CUST20104,Patricia,White,Female,1981-02-04,England,20/09/2023
CUST20105,Elizabeth,Davies,Male,1996-12-22,Wales,02/01/2023
CUST20106,Elizabeth,Wilson,Female,1991-06-25,England,07/12/2021
CUST20107,Karen,Taylor,Female,1961-03-17,England,23/02/2024
CUST20108,Richard,Davies,Male,1971-01-24,England,11/11/2022
CUST20109,Robert,Smith,Male,1991-12-07,England,17/10/2022
CUST20110,Patricia,White,Male,1991-08-24,England,01/02/2023
CUST20111,Barbara,Jones,Female,1996-11-22,England,20/01/2023
CUST20112,Emily,Johnson,Female,1991-10-25,England,16/08/2024
CUST20113,Robert,Thompson,Female,1971-12-26,England,02/12/2023
CUST20114,Richard,Smith,Female,2006-11-10,England,31/01/2024
CUST20115,Richard,Roberts,Female,1986-10-04,England,29/06/2023
CUST20116,John,Taylor,Female,1961-11-21,England,01/04/2022
CUST20117,Robert,White,Female,1986-11-19,England,13/11/2022
CUST20118,Olivia,White,Male,1986-04-18,England,27/09/2023
CUST20119,James,Robinson,Female,1991-08-18,Scotland,05/08/2023
CUST20120,John,White,Female,2006-12-02,England,21/08/2021
CUST20121,Barbara,Wilson,Male,1996-11-19,England,27/10/2021
CUST20122,Michael,Robinson,Male,2001-02-14,Scotland,14/07/2023
CUST20123,Barbara,Smith,Male,2001-02-01,England,14/07/2023
CUST20124,Charles,Williams,Male,2001-03-24,England,10/02/2023
CUST20125,Thomas,Smith,Male,1991-09-01,Wales,10/04/2022
CUST20126,Jessica,Evans,Male,2006-05-07,Scotland,10/08/2023
CUST20127,Richard,Roberts,Male,1961-08-08,England,08/08/2023
CUST20128,Olivia,Walker,Female,2001-02-22,England,12/08/2024
CUST20129,Jessica,Brown,Male,1991-01-03,England,26/09/2021
CUST20130,Olivia,Wright,Female,1971-10-11,England,02/05/2024
CUST20131,William,Roberts,Female,2001-04-10,England,02/02/2025
CUST20132,Jennifer,Roberts,Male,1986-01-12,England,30/06/2023
CUST20133,Patricia,Thompson,Male,1971-03-24,England,27/05/2022
CUST20134,Harry,Jones,Female,1986-04-09,England,18/07/2023
CUST20135,Jennifer,Davies,Female,1996-05-10,England,02/09/2023
CUST20136,David,Roberts,Female,1976-11-12,England,19/09/2024
CUST20137,William,Brown,Male,1981-03-11,Wales,04/12/2021
CUST20138,Robert,Wilson,Male,1991-08-26,Northern Ireland,29/05/2022
CUST20139,Joseph,Williams,Male,2006-04-08,England,23/12/2024
CUST20140,Isla,Taylor,Male,2006-06-04,England,24/01/2024
CUST20141,George,Walker,Female,1971-04-12,Wales,30/04/2024
CUST20142,Linda,Walker,Male,1991-05-03,England,02/10/2024
CUST20143,Noah,Williams,Male,2001-08-22,England,24/09/2024
CUST20144,Joseph,Wilson,Male,1986-08-25,England,29/01/2024
CUST20145,William,Thompson,Female,1966-02-23,England,05/08/2023
CUST20146,Barbara,Walker,Female,2006-02-22,England,12/04/2024
CUST20147,Thomas,Williams,Male,2006-03-12,England,23/11/2024
CUST20148,William,Smith,Male,1991-11-19,England,21/11/2023
CUST20149,Robert,Johnson,Female,1981-04-11,Scotland,19/11/2022
CUST20150,Elizabeth,Davies,Female,1986-07-24,Scotland,18/06/2023
CUST20151,David,Davies,Male,1966-06-06,England,07/12/2023
CUST20152,Patricia,Walker,Male,2006-05-04,England,04/10/2024
CUST20153,Charles,Robinson,Female,1991-01-27,England,09/09/2022
CUST20154,Jessica,Jones,Female,1991-06-10,England,15/01/2024
CUST20155,Barbara,Wright,Male,1991-12-09,England,06/11/2023
CUST20156,Michael,Robinson,Female,1986-12-19,England,06/11/2024
CUST20157,James,Wilson,Female,1976-04-10,England,07/08/2023
CUST20158,Patricia,Evans,Male,1991-07-21,England,27/08/2023
CUST20159,Thomas,Smith,Female,1976-04-12,England,11/02/2024
CUST20160,Karen,Brown,Male,2001-12-22,England,24/08/2022
CUST20161,Jennifer,Wright,Male,1986-07-03,England,08/04/2024
CUST20162,Emily,Evans,Male,1991-12-20,England,01/12/2022
CUST20163,Emily,Thompson,Male,1986-11-09,England,01/01/2024
CUST20164,Mary,Wilson,Female,2001-04-12,England,21/09/2023
CUST20165,Harry,Smith,Male,1961-06-26,England,29/08/2023
CUST20166,Michael,Robinson,Female,1966-07-14,England,04/11/2022
CUST20167,Oliver,Robinson,Female,1971-03-03,England,04/07/2023
CUST20168,David,Thompson,Female,1966-10-13,Scotland,08/01/2023
CUST20169,John,Wright,Female,2001-07-07,England,07/11/2024
CUST20170,Oliver,Johnson,Female,1986-03-13,England,09/01/2023
CUST20171,Olivia,Wright,Female,1991-06-06,England,19/06/2022
CUST20172,James,Davies,Male,1966-10-18,England,23/01/2022
CUST20173,Jack,Thompson,Male,1996-06-07,Northern Ireland,15/10/2022
CUST20174,Jack,Wright,Male,1996-09-13,Scotland,04/06/2024
CUST20175,Olivia,Jones,Female,1981-12-26,England,01/11/2024
CUST20176,Oliver,Smith,Female,2001-05-18,England,05/06/2022
CUST20177,William,Wright,Male,1976-12-20,England,24/11/2023
CUST20178,Isla,Taylor,Female,1996-05-21,England,22/10/2023
CUST20179,David,Taylor,Male,1981-07-25,England,17/01/2022
CUST20180,Linda,Davies,Female,1971-10-24,England,08/01/2024
CUST20181,Sarah,Johnson,Female,1981-01-24,England,14/01/2024
CUST20182,Charles,Robinson,Female,1996-09-10,England,11/11/2021
CUST20183,Linda,Johnson,Male,2006-07-17,England,06/12/2022
CUST20184,Olivia,Taylor,Female,2006-08-23,England,04/08/2022
CUST20185,Oliver,Robinson,Male,2001-12-16,Wales,28/03/2022
CUST20186,Olivia,Walker,Female,1981-06-04,Northern Ireland,01/06/2022
CUST20187,Olivia,Walker,Male,1991-12-14,England,02/01/2022
CUST20188,John,Evans,Female,1996-07-06,Scotland,24/08/2021
CUST20189,James,Johnson,Male,1996-03-19,Wales,24/11/2022
CUST20190,Thomas,Thompson,Female,1961-08-24,England,18/01/2024
CUST20191,Amelia,Johnson,Female,2001-03-19,England,15/12/2022
CUST20192,Robert,Taylor,Female,1991-11-15,Wales,01/09/2023
CUST20193,Oliver,Roberts,Male,1986-02-17,England,30/06/2024
CUST20194,Thomas,Brown,Male,2006-06-15,England,10/06/2023
CUST20195,Mary,Johnson,Male,1966-10-13,England,01/02/2024
CUST20196,James,Jones,Female,2001-01-07,England,19/03/2023
CUST20197,David,Jones,Male,1981-06-19,England,28/08/2022
CUST20198,Robert,Davies,Female,1981-07-10,England,02/07/2024
CUST20199,John,Taylor,Male,1971-05-05,England,11/09/2024
CUST20200,Thomas,Williams,Female,1981-09-22,England,21/11/2024
CUST20201,Michael,Wilson,Female,1976-04-15,England,22/01/2022
CUST20202,William,White,Male,1991-05-15,England,14/03/2024
CUST20203,William,Williams,Male,1986-04-15,England,27/01/2024
CUST20204,Amelia,Smith,Female,1976-08-03,England,09/05/2023
CUST20205,Isla,Brown,Male,1986-11-15,England,09/09/2022
CUST20206,Olivia,Davies,Male,1986-03-15,England,25/08/2021
CUST20207,Jack,Johnson,Female,1996-05-14,England,17/07/2024
CUST20208,John,Walker,Female,1996-03-01,England,14/03/2023
CUST20209,Olivia,Williams,Female,1991-03-21,England,23/01/2024
CUST20210,Thomas,Jones,Male,2006-12-17,England,05/09/2023
CUST20211,Olivia,White,Female,1991-09-21,England,27/08/2024
CUST20212,Jennifer,Williams,Female,2006-12-14,England,16/05/2023
CUST20213,Harry,Brown,Female,1986-08-09,England,13/12/2023
CUST20214,Harry,Walker,Male,1976-08-23,England,09/06/2024
CUST20215,Jennifer,Williams,Female,1986-09-10,Wales,12/01/2022
CUST20216,Noah,Johnson,Male,1976-08-13,Scotland,06/12/2021
CUST20217,Emily,White,Male,2006-10-01,England,06/07/2022
CUST20218,Richard,Wright,Female,2006-04-05,Scotland,05/01/2025
CUST20219,William,Wilson,Female,1976-02-04,England,29/05/2023
CUST20220,Sarah,Jones,Male,1971-06-12,England,03/08/2024
CUST20221,Mary,Thompson,Female,1976-01-08,England,19/03/2022
CUST20222,Noah,Wright,Female,1981-01-09,England,20/01/2025
CUST20223,Susan,Thompson,Male,1976-01-21,England,17/09/2024
CUST20224,Noah,Smith,Female,1976-01-19,England,17/11/2023
CUST20225,Karen,Brown,Male,1976-09-22,England,17/08/2023
CUST20226,Susan,Wright,Male,1976-08-23,England,19/11/2021
CUST20227,Patricia,Brown,Female,2006-12-07,England,09/01/2025
CUST20228,William,Walker,Female,2006-04-17,England,11/08/2023
CUST20229,Thomas,Brown,Male,1991-04-24,England,15/07/2022
CUST20230,Harry,White,Male,1986-06-09,England,19/01/2024
CUST20231,Karen,Evans,Female,1976-10-11,England,24/11/2024
CUST20232,Thomas,Wilson,Male,1991-12-15,England,30/08/2023
CUST20233,David,Davies,Male,1996-09-22,England,13/10/2024
CUST20234,Mary,Evans,Male,1976-07-04,Northern Ireland,08/07/2024
CUST20235,George,Wright,Male,1996-12-13,England,07/09/2023
CUST20236,Olivia,Walker,Male,1971-03-07,Northern Ireland,26/06/2022
CUST20237,Olivia,Wilson,Male,2001-06-20,England,31/12/2024
CUST20238,Isla,Thompson,Female,1991-03-07,England,24/08/2022
CUST20239,Isla,Jones,Female,1991-02-10,England,25/05/2023
CUST20240,James,White,Male,1996-05-10,England,11/10/2022
CUST20241,Olivia,Taylor,Female,2006-10-02,England,02/01/2022
CUST20242,Jennifer,Roberts,Male,1996-04-19,Scotland,19/05/2024
CUST20243,Jessica,Wilson,Female,1991-10-07,England,18/03/2024
CUST20244,Olivia,Robinson,Male,1991-08-14,England,21/12/2021
CUST20245,Harry,Brown,Female,1976-09-19,England,12/08/2021
CUST20246,Olivia,White,Female,2006-03-22,England,18/02/2024
CUST20247,John,Jones,Male,1991-11-25,England,03/10/2023
CUST20248,Jack,Thompson,Female,2006-03-04,Wales,09/12/2023
CUST20249,Patricia,Wilson,Male,1966-05-17,England,10/10/2021
CUST20250,Emily,White,Male,1976-10-09,England,01/01/2024
CUST20251,Karen,Wilson,Male,1956-09-21,Wales,14/08/2024
CUST20252,Joseph,Wright,Female,1966-04-11,England,03/04/2023
CUST20253,Elizabeth,Roberts,Male,1991-04-01,England,22/04/2023
CUST20254,David,Wright,Male,1976-06-24,England,07/08/2022
CUST20255,Noah,Thompson,Male,1991-06-21,England,16/09/2021
CUST20256,Barbara,Taylor,Female,1966-01-09,England,11/10/2021
CUST20257,Mary,Davies,Female,1991-03-23,England,01/07/2022
CUST20258,Noah,Walker,Male,1991-02-12,England,29/05/2023
CUST20259,David,Williams,Female,1966-02-12,England,27/10/2022
CUST20260,Olivia,Johnson,Female,1971-05-09,England,19/06/2024
CUST20261,Noah,Smith,Male,1961-01-14,England,15/11/2022
CUST20262,Jennifer,Williams,Female,2006-09-27,England,28/07/2022
CUST20263,Elizabeth,Wilson,Female,1996-09-02,England,20/07/2024
CUST20264,David,Robinson,Female,1991-03-17,England,12/11/2023
CUST20265,Isla,Thompson,Male,1991-11-05,England,11/07/2024
CUST20266,John,Taylor,Female,1986-08-04,England,28/01/2023
CUST20267,Patricia,Smith,Female,1996-04-02,England,18/10/2024
CUST20268,George,Johnson,Male,1976-03-08,Wales,06/12/2023
CUST20269,Amelia,Evans,Female,1996-06-20,England,25/01/2022
CUST20270,Elizabeth,Wright,Female,1976-12-20,England,16/10/2021
CUST20271,Joseph,Davies,Male,1971-01-22,England,13/12/2023
CUST20272,Michael,Brown,Male,1981-01-04,England,04/10/2021
CUST20273,Richard,Johnson,Female,1991-05-03,England,09/10/2023
CUST20274,Charles,Taylor,Female,1996-12-27,England,03/05/2022
CUST20275,Mary,Thompson,Male,2001-04-25,England,29/08/2024
CUST20276,Susan,Taylor,Male,1976-09-19,England,11/01/2023
CUST20277,Patricia,White,Male,1986-07-23,England,28/11/2021
CUST20278,Joseph,White,Male,2006-03-22,Scotland,05/04/2022
CUST20279,Isla,Thompson,Female,1956-11-16,England,29/05/2024
CUST20280,John,Williams,Female,1981-02-13,England,10/01/2025
CUST20281,George,Walker,Male,1971-07-27,England,26/05/2023
CUST20282,James,Smith,Male,1986-08-19,England,21/07/2022
CUST20283,Harry,Williams,Female,1961-09-24,England,09/12/2023
CUST20284,Elizabeth,Williams,Male,1996-11-06,England,15/01/2022
CUST20285,Noah,Taylor,Male,1996-09-07,England,28/08/2024
CUST20286,Patricia,Brown,Female,1966-08-18,Northern Ireland,22/12/2023
CUST20287,Sarah,Wright,Male,1966-02-26,England,23/08/2023
CUST20288,Karen,Roberts,Female,1986-04-17,England,04/11/2021
CUST20289,Harry,Davies,Female,2001-05-12,Scotland,22/02/2025
CUST20290,Richard,White,Female,1991-05-01,England,02/05/2024
CUST20291,Barbara,Walker,Female,1976-02-05,England,09/03/2022
CUST20292,Barbara,Thompson,Female,1971-02-07,Scotland,23/09/2022
CUST20293,George,White,Female,1991-06-06,England,15/10/2021
CUST20294,Jennifer,Williams,Male,2006-09-19,England,28/06/2024
CUST20295,Olivia,Smith,Male,1981-11-19,Wales,04/11/2024
CUST20296,Emily,Jones,Male,1976-12-11,England,02/02/2023
CUST20297,Richard,Jones,Male,1991-06-27,England,22/10/2022
CUST20298,Noah,Thompson,Male,1981-11-11,England,12/07/2024
CUST20299,Mary,Walker,Male,1956-06-13,Wales,13/12/2024
CUST20300,Isla,Brown,Female,1996-06-15,England,02/02/2023
CUST20301,Sarah,Williams,Female,1981-03-16,England,07/01/2022
CUST20302,Susan,Johnson,Female,1981-08-06,England,28/01/2023
CUST20303,Mary,Evans,Male,1986-04-09,England,15/10/2023
CUST20304,Elizabeth,White,Male,1971-06-19,Scotland,12/01/2022
CUST20305,Olivia,Smith,Male,1981-12-23,England,08/07/2022
CUST20306,William,Robinson,Female,1986-07-12,England,19/09/2024
CUST20307,Joseph,Walker,Female,2001-04-04,England,06/05/2023
CUST20308,James,Roberts,Female,1976-09-23,Scotland,12/10/2022
CUST20309,Michael,Evans,Male,2001-09-16,Northern Ireland,01/04/2024
CUST20310,Susan,Robinson,Male,2006-08-12,England,28/07/2022
CUST20311,David,Smith,Female,1986-01-16,England,30/11/2021
CUST20312,John,Wright,Male,1981-03-23,England,28/08/2022
CUST20313,Noah,White,Male,1956-02-01,Scotland,15/01/2023
CUST20314,Michael,Williams,Male,1976-12-10,England,12/04/2022
CUST20315,William,Thompson,Female,1971-04-26,England,09/08/2021
CUST20316,Oliver,Wilson,Female,1991-06-09,England,02/04/2022
CUST20317,Joseph,Walker,Male,1986-11-27,England,04/12/2021
CUST20318,Mary,Walker,Male,1961-12-08,England,27/03/2024
CUST20319,Sarah,Johnson,Female,1991-03-13,England,09/12/2021
CUST20320,Charles,Smith,Male,1971-11-02,England,16/08/2023
CUST20321,Oliver,Jones,Male,1986-09-20,England,13/12/2024
CUST20322,Olivia,Jones,Male,1996-08-07,Scotland,26/08/2021
CUST20323,Amelia,Wilson,Male,1981-03-23,England,25/04/2024
CUST20324,Isla,Williams,Male,1996-09-04,Wales,31/12/2024
CUST20325,Jack,Evans,Female,2006-08-04,England,19/06/2023
CUST20326,Barbara,Wright,Male,1996-06-13,England,31/10/2021
CUST20327,Amelia,Wright,Female,1996-08-03,England,24/07/2024
CUST20328,James,White,Female,1991-03-09,England,23/08/2022
CUST20329,Isla,Smith,Female,1966-08-19,England,15/07/2024
CUST20330,William,Wright,Female,1991-02-14,England,31/03/2023
CUST20331,John,Roberts,Male,1971-04-16,England,22/06/2024
CUST20332,Linda,Smith,Female,1986-06-03,England,23/10/2024
CUST20333,Elizabeth,Wilson,Female,2006-02-19,England,05/10/2021
CUST20334,Barbara,Davies,Female,1996-11-03,England,15/04/2024
CUST20335,Noah,Davies,Female,1966-11-16,England,10/11/2022
CUST20336,Susan,Walker,Male,1981-06-22,England,06/11/2021
CUST20337,Isla,Walker,Male,1966-07-20,England,13/06/2023
CUST20338,Jessica,Wilson,Male,1991-04-10,England,23/10/2024
CUST20339,Oliver,Brown,Female,1976-03-05,England,12/08/2023
CUST20340,Robert,White,Male,1976-12-23,England,12/12/2021
CUST20341,William,Jones,Male,1961-05-06,England,09/09/2023
CUST20342,Amelia,Robinson,Female,2006-12-14,England,02/09/2022
CUST20343,David,Wright,Male,1961-01-07,England,01/05/2023
CUST20344,Linda,Roberts,Female,1991-02-01,England,24/09/2024
CUST20345,Linda,Wilson,Female,1971-06-12,England,10/05/2022
CUST20346,Amelia,Robinson,Male,1986-10-15,England,21/04/2022
CUST20347,Jennifer,Jones,Male,1986-06-21,England,28/05/2023
CUST20348,Richard,Johnson,Male,1991-11-20,England,06/09/2024
CUST20349,Harry,Brown,Female,1971-02-23,England,03/08/2024
CUST20350,Susan,Robinson,Female,1996-11-22,England,27/02/2024
CUST20351,Jack,Taylor,Female,1986-06-11,England,04/10/2024
CUST20352,Amelia,Thompson,Male,1986-04-10,England,26/10/2023
CUST20353,Olivia,Jones,Male,1976-08-17,England,30/10/2024
CUST20354,Robert,Evans,Male,1986-10-13,England,02/11/2021
CUST20355,Elizabeth,Williams,Male,1981-12-08,England,22/01/2025
CUST20356,Isla,Johnson,Female,1986-02-01,England,17/11/2021
CUST20357,Harry,Evans,Female,1981-09-13,England,17/06/2022
CUST20358,Linda,Johnson,Female,1981-04-13,England,05/08/2023
CUST20359,James,Williams,Female,1976-07-26,England,19/07/2024
CUST20360,Isla,Wright,Female,1971-06-22,England,16/08/2024
CUST20361,Isla,Wilson,Male,1986-10-08,England,10/01/2023
CUST20362,Linda,Jones,Male,1996-05-03,Northern Ireland,29/07/2023
CUST20363,Mary,Johnson,Male,1981-04-22,Northern Ireland,21/12/2023
CUST20364,Oliver,White,Female,2006-06-14,England,15/12/2024
CUST20365,Amelia,Davies,Male,1996-09-02,England,06/10/2021
CUST20366,Mary,Williams,Male,1976-11-21,England,21/09/2024
CUST20367,Amelia,Smith,Male,1986-01-10,England,22/03/2023
CUST20368,Elizabeth,Evans,Female,1986-07-05,England,09/08/2023
CUST20369,Susan,Wright,Female,1956-01-18,England,25/02/2024
CUST20370,Harry,Thompson,Female,1996-08-22,England,22/02/2024
CUST20371,William,Walker,Female,2006-08-21,Wales,22/08/2021
CUST20372,Mary,Roberts,Female,2001-11-08,England,15/12/2023
CUST20373,Barbara,Williams,Male,1996-03-16,England,03/04/2023
CUST20374,George,Wilson,Female,1976-10-13,England,24/11/2022
CUST20375,Emily,Johnson,Male,1976-09-24,England,09/08/2021
CUST20376,Mary,Robinson,Male,1986-08-06,England,18/09/2023
CUST20377,John,Williams,Male,1996-08-23,England,23/05/2022
CUST20378,Linda,Walker,Male,1986-07-10,England,19/02/2024
CUST20379,Barbara,Johnson,Male,2006-01-17,England,24/08/2022
CUST20380,George,Evans,Female,1981-10-14,England,04/06/2022
CUST20381,Harry,Taylor,Female,1981-05-10,Scotland,27/11/2022
CUST20382,Noah,White,Male,2006-02-07,Scotland,22/04/2023
CUST20383,Jessica,Thompson,Male,1971-08-10,England,09/02/2024
CUST20384,James,Jones,Female,1976-12-17,England,17/09/2021
CUST20385,Olivia,Thompson,Male,1991-09-17,England,21/07/2024
CUST20386,David,Thompson,Male,1981-03-17,England,24/07/2024
CUST20387,Joseph,Davies,Male,1981-10-18,England,14/09/2023
CUST20388,Olivia,Wilson,Male,2001-11-02,England,11/10/2022
CUST20389,Sarah,Davies,Female,1996-04-11,England,02/10/2024
CUST20390,Michael,Williams,Male,1981-07-09,England,01/01/2022
CUST20391,Olivia,Davies,Female,1966-11-11,England,19/07/2023
CUST20392,John,Wilson,Female,1981-02-11,England,23/02/2025
CUST20393,Richard,Wilson,Male,1986-05-05,England,04/10/2023
CUST20394,Karen,Brown,Male,1981-06-27,England,08/07/2023
CUST20395,Isla,Johnson,Male,1986-01-01,England,01/01/2022
CUST20396,Robert,Robinson,Male,2006-03-17,England,04/07/2022
CUST20397,George,Johnson,Male,1991-08-13,Wales,26/02/2024
CUST20398,Barbara,Wilson,Female,1966-04-19,England,23/09/2024
CUST20399,Isla,Williams,Female,1971-03-23,England,21/09/2021
CUST20400,Jack,Robinson,Male,1966-04-18,England,23/05/2023
CUST20401,Karen,Evans,Male,2001-02-21,Wales,17/03/2024
CUST20402,Jack,White,Female,1986-08-08,England,04/08/2024
CUST20403,Joseph,Jones,Female,1981-04-27,Scotland,20/02/2022
CUST20404,Elizabeth,Evans,Female,1996-08-03,England,17/01/2023
CUST20405,Joseph,Johnson,Male,1996-10-19,England,09/02/2024
CUST20406,Oliver,Smith,Male,1976-06-04,England,07/12/2022
CUST20407,Michael,Thompson,Male,1981-11-07,England,08/02/2023
CUST20408,Richard,Evans,Female,1981-03-23,England,04/05/2022
CUST20409,Robert,Brown,Female,1996-12-19,England,28/10/2023
CUST20410,Susan,Walker,Female,1986-04-18,Wales,11/04/2022
CUST20411,Charles,Evans,Male,2006-04-23,England,23/03/2022
CUST20412,Harry,Smith,Male,2001-12-08,England,08/02/2022
CUST20413,Linda,Brown,Female,1986-06-18,Scotland,20/04/2023
CUST20414,Richard,Roberts,Male,1991-09-06,England,05/03/2024
CUST20415,John,Thompson,Female,1961-10-14,England,02/06/2023
CUST20416,Robert,Williams,Male,1986-06-11,England,10/10/2021
CUST20417,Michael,White,Male,2001-04-17,England,25/07/2023
CUST20418,George,Roberts,Male,2006-06-02,England,28/03/2022
CUST20419,Joseph,Thompson,Male,1976-05-01,England,17/10/2024
CUST20420,Olivia,White,Female,2001-05-01,England,18/10/2022
CUST20421,Richard,Smith,Male,1996-03-08,England,28/12/2024
CUST20422,Jennifer,Taylor,Female,1991-11-16,England,28/07/2024
CUST20423,Barbara,Evans,Male,1996-07-05,Northern Ireland,05/08/2022
CUST20424,Jack,Robinson,Male,1981-10-27,England,26/08/2024
CUST20425,James,Brown,Female,1986-08-12,England,03/08/2023
CUST20426,Noah,Thompson,Male,2001-05-09,England,24/04/2023
CUST20427,Mary,Brown,Male,1976-04-25,England,28/10/2022
CUST20428,Charles,Taylor,Male,1991-12-05,England,06/08/2022
CUST20429,Jennifer,Brown,Female,1981-01-06,Northern Ireland,01/03/2022
CUST20430,Linda,White,Male,2006-04-11,Scotland,06/01/2024
CUST20431,George,White,Female,1981-09-02,Scotland,21/09/2021
CUST20432,Jennifer,Davies,Female,1996-07-19,Northern Ireland,20/05/2023
CUST20433,Elizabeth,Brown,Female,1986-08-21,England,19/02/2025
CUST20434,Michael,Wright,Male,1996-01-10,England,27/10/2021
CUST20435,William,Williams,Male,1956-03-24,England,01/03/2022
CUST20436,Mary,Davies,Female,1996-08-01,Scotland,22/11/2021
CUST20437,Joseph,Taylor,Female,1966-04-15,England,03/02/2025
CUST20438,Harry,Smith,Male,1966-06-20,England,12/04/2022
CUST20439,Jennifer,Evans,Male,1991-12-11,England,29/07/2023
CUST20440,Joseph,Walker,Female,1991-08-26,England,26/11/2021
CUST20441,Robert,Jones,Female,1991-08-12,Northern Ireland,10/10/2021
CUST20442,Harry,Davies,Male,1956-03-25,England,15/01/2022
CUST20443,Richard,Roberts,Male,1981-08-18,England,05/02/2024
CUST20444,Patricia,Johnson,Male,1986-12-07,England,05/02/2024
CUST20445,Olivia,White,Male,2006-08-23,Northern Ireland,14/03/2023
CUST20446,Oliver,Walker,Female,1971-10-01,England,05/12/2022
CUST20447,David,Roberts,Female,2001-12-06,Scotland,28/04/2024
CUST20448,Joseph,Williams,Male,2006-11-22,England,30/08/2022
CUST20449,Olivia,Evans,Female,1996-05-25,England,12/03/2023
CUST20450,Noah,Thompson,Female,1986-04-11,England,30/01/2022
CUST20451,Harry,Wilson,Female,1966-04-18,Scotland,21/08/2022
CUST20452,George,Williams,Female,1976-10-19,England,10/04/2022
CUST20453,Isla,Roberts,Female,1996-05-20,England,01/07/2023
CUST20454,William,Smith,Male,1991-10-25,England,14/09/2021
CUST20455,Noah,Walker,Male,1976-10-03,England,20/10/2022
CUST20456,Emily,Johnson,Male,1986-08-06,England,19/09/2024
CUST20457,Isla,Thompson,Male,2001-02-25,England,03/06/2023
CUST20458,Barbara,Thompson,Female,1991-09-15,England,18/10/2024
CUST20459,Jack,Evans,Female,1981-03-15,England,22/09/2023
CUST20460,Barbara,Robinson,Female,1961-07-11,England,13/11/2022
CUST20461,Jessica,Davies,Female,1981-03-10,England,01/01/2024
CUST20462,David,Brown,Male,2006-01-07,Scotland,28/04/2022
CUST20463,James,Walker,Male,1976-08-11,England,11/04/2024
CUST20464,Jennifer,Davies,Female,1996-06-02,England,05/03/2023
CUST20465,Olivia,Taylor,Female,1971-08-08,England,03/05/2024
CUST20466,Harry,Taylor,Male,1991-06-27,England,23/06/2023
CUST20467,Jack,Wilson,Female,1996-05-05,England,16/06/2024
CUST20468,Noah,Smith,Female,1986-01-20,England,07/07/2023
CUST20469,Jack,Davies,Male,1996-04-01,Northern Ireland,30/11/2023
CUST20470,John,Robinson,Male,1996-11-20,Scotland,26/11/2022
CUST20471,John,Brown,Female,1981-10-08,Scotland,14/04/2024
CUST20472,Noah,Taylor,Male,1976-06-19,England,26/10/2021
CUST20473,Karen,Thompson,Female,1971-01-14,Scotland,03/02/2024
CUST20474,Olivia,Johnson,Male,1991-12-21,England,04/09/2022
CUST20475,Emily,Robinson,Female,2006-09-19,England,20/06/2024
CUST20476,Olivia,Williams,Female,1986-01-16,England,07/10/2021
CUST20477,Linda,Jones,Female,1986-03-20,England,17/04/2024
CUST20478,Barbara,Jones,Female,1996-03-27,England,03/02/2025
CUST20479,David,Walker,Male,1966-11-17,England,05/08/2021
CUST20480,Barbara,Smith,Male,1961-12-05,England,23/10/2024
CUST20481,Oliver,Wilson,Male,2006-05-04,England,14/12/2021
CUST20482,William,Jones,Male,1976-03-15,England,23/08/2023
CUST20483,George,Brown,Male,1981-08-12,England,07/01/2023
CUST20484,John,Walker,Male,1996-04-17,England,30/10/2021
CUST20485,Sarah,White,Female,1981-02-19,Scotland,03/01/2025
CUST20486,John,Jones,Female,2001-04-06,England,15/01/2022
CUST20487,Harry,Jones,Female,2006-04-21,England,21/09/2023
CUST20488,Susan,Wilson,Male,1956-01-27,England,23/07/2024
CUST20489,John,Jones,Male,1981-09-09,England,03/01/2023
CUST20490,Noah,Johnson,Male,1996-05-26,England,23/08/2023
CUST20491,Jessica,Wilson,Female,1986-07-26,Scotland,15/11/2021
CUST20492,Jack,Brown,Male,1961-07-12,England,22/12/2021
CUST20493,Karen,Evans,Female,1986-10-22,England,11/12/2022
CUST20494,William,Thompson,Female,1966-10-26,England,21/08/2024
CUST20495,John,White,Female,1971-07-23,Scotland,14/09/2023
CUST20496,Harry,White,Female,1991-11-11,England,09/12/2024
CUST20497,Jessica,Taylor,Female,1976-07-18,England,14/07/2022
CUST20498,Michael,Smith,Male,1981-01-16,England,15/05/2024
CUST20499,Mary,Brown,Female,1976-11-12,Wales,21/12/2024
CUST20500,Susan,Brown,Male,1991-10-18,England,27/07/2024
CUST20501,Amelia,Williams,Female,2006-06-26,England,08/11/2023
CUST20502,Mary,Wright,Male,2001-05-01,England,29/09/2023
CUST20503,Noah,Walker,Female,1981-11-25,England,11/09/2024
CUST20504,James,Roberts,Female,1976-06-10,England,31/10/2021
CUST20505,Sarah,Jones,Male,1976-05-23,England,14/04/2022
CUST20506,Olivia,White,Female,1981-09-03,Northern Ireland,14/09/2023
CUST20507,George,Williams,Female,2001-04-25,Scotland,06/08/2023
CUST20508,Oliver,Robinson,Male,2006-05-13,England,15/02/2025
CUST20509,Joseph,Robinson,Male,1976-10-25,England,21/01/2025
CUST20510,Barbara,Thompson,Male,1986-03-12,England,15/02/2025
CUST20511,Jack,Thompson,Female,1976-01-21,England,02/11/2021
CUST20512,Elizabeth,Wilson,Male,2001-05-17,England,21/01/2022
CUST20513,Thomas,Roberts,Female,1991-03-06,Northern Ireland,30/10/2022
CUST20514,James,Robinson,Male,1966-05-07,England,20/12/2024
CUST20515,Olivia,Smith,Male,2001-01-15,England,27/08/2021
CUST20516,Jessica,Jones,Female,2006-08-14,England,13/07/2023
CUST20517,Sarah,Roberts,Male,1981-07-17,England,27/09/2021
CUST20518,James,Jones,Male,1981-04-22,England,21/02/2024
CUST20519,Karen,White,Male,1961-08-21,England,13/10/2022
CUST20520,Richard,Thompson,Male,1966-02-02,England,04/10/2024
CUST20521,Jack,Taylor,Male,1976-01-14,England,13/09/2023
CUST20522,Olivia,Johnson,Male,2006-06-05,Wales,27/12/2021
CUST20523,Linda,Wright,Female,1986-02-14,England,10/05/2024
CUST20524,Patricia,Taylor,Female,1966-11-15,England,15/11/2022
CUST20525,Olivia,Davies,Female,1986-04-27,England,28/01/2024
CUST20526,George,Davies,Male,1961-06-11,England,26/02/2024
CUST20527,Thomas,Robinson,Male,1981-04-13,England,09/05/2023
CUST20528,Jack,Smith,Female,2001-06-14,Wales,20/02/2023
CUST20529,Charles,Evans,Male,1986-02-04,England,03/04/2024
CUST20530,John,Johnson,Male,1976-12-02,England,09/10/2021
CUST20531,William,Robinson,Female,2006-03-20,Scotland,05/08/2023
CUST20532,Oliver,Taylor,Female,1991-05-09,England,10/06/2023
CUST20533,Isla,Wright,Male,1976-11-10,Wales,29/05/2022
CUST20534,Richard,Williams,Male,2001-06-27,England,04/05/2023
CUST20535,Jessica,Roberts,Female,1991-09-07,England,16/12/2022
CUST20536,Olivia,Davies,Female,1981-01-25,England,22/08/2023
CUST20537,Isla,Jones,Male,1976-04-17,Wales,09/07/2024
CUST20538,Karen,Brown,Female,1986-10-08,England,12/10/2023
CUST20539,Joseph,Davies,Female,1961-04-26,England,13/08/2023
CUST20540,Susan,Smith,Male,1966-05-17,England,19/07/2023
CUST20541,Elizabeth,Walker,Female,1986-01-09,England,11/06/2022
CUST20542,Olivia,Davies,Female,2001-07-13,England,10/02/2025
CUST20543,John,Taylor,Female,1976-05-11,England,29/05/2022
CUST20544,George,Thompson,Male,1996-11-23,England,30/12/2022
CUST20545,George,White,Female,1971-05-13,England,10/02/2025
CUST20546,Jennifer,Robinson,Female,1981-10-01,England,28/01/2024
CUST20547,Patricia,Roberts,Female,1991-11-19,England,06/12/2024
CUST20548,Thomas,Thompson,Male,1986-11-21,England,14/07/2022
CUST20549,Charles,Wright,Male,1986-09-11,England,23/07/2022
CUST20550,Thomas,Taylor,Female,1966-08-25,Scotland,16/05/2023
CUST20551,Mary,Wilson,Male,1996-06-12,England,17/09/2022
CUST20552,George,Wilson,Female,1966-01-08,England,15/12/2022
CUST20553,Jack,Johnson,Female,2006-02-19,England,04/05/2022
CUST20554,Olivia,Davies,Female,1976-05-04,England,20/06/2022
CUST20555,Jack,White,Male,1966-08-27,England,31/12/2021
CUST20556,Robert,Brown,Male,1991-01-19,England,27/01/2024
CUST20557,Elizabeth,Wilson,Female,2006-12-09,Wales,01/09/2021
CUST20558,Jessica,Johnson,Female,1971-12-03,England,27/08/2022
CUST20559,Olivia,Robinson,Male,1971-01-16,England,07/12/2021
CUST20560,Susan,Robinson,Male,1991-02-16,Scotland,23/02/2025
CUST20561,Joseph,Wright,Female,1986-11-22,England,12/05/2023
CUST20562,Emily,White,Male,1971-03-08,England,19/11/2023
CUST20563,Linda,Walker,Male,1996-03-06,Scotland,01/02/2025
CUST20564,Emily,Smith,Female,1981-03-12,England,25/05/2023
CUST20565,George,Jones,Male,1986-09-23,England,05/03/2022
CUST20566,Jennifer,Roberts,Female,2001-02-25,England,30/08/2021
CUST20567,Emily,Davies,Female,1971-03-10,Wales,05/02/2024
CUST20568,Linda,Walker,Male,1991-05-02,England,02/05/2022
CUST20569,Amelia,Roberts,Female,1966-08-03,England,02/12/2023
CUST20570,Michael,Wright,Female,1986-12-15,England,19/01/2022
CUST20571,Robert,Taylor,Female,1986-03-01,England,14/03/2024
CUST20572,Susan,Williams,Female,1991-04-20,England,30/03/2024
CUST20573,Michael,Johnson,Male,1991-07-01,England,03/07/2022
CUST20574,George,Wilson,Female,1971-06-12,England,31/08/2021
CUST20575,Michael,Thompson,Female,1981-08-22,England,13/06/2022
CUST20576,Olivia,Davies,Female,1976-03-13,Northern Ireland,30/04/2024
CUST20577,Charles,Smith,Male,1991-08-19,Northern Ireland,28/02/2022
CUST20578,Sarah,Thompson,Male,1996-12-10,England,03/07/2022
CUST20579,James,Jones,Male,2001-09-22,England,23/10/2023
CUST20580,Harry,Roberts,Male,1976-09-12,England,31/05/2024
CUST20581,George,Johnson,Male,1991-01-21,England,30/11/2022
CUST20582,Noah,Williams,Female,1986-11-26,England,24/01/2023
CUST20583,Richard,Roberts,Female,1986-09-11,England,10/01/2025
CUST20584,Oliver,Evans,Male,1986-08-07,Scotland,21/10/2022
CUST20585,Thomas,Roberts,Female,1981-02-26,England,14/09/2022
CUST20586,Thomas,Smith,Female,1981-07-19,England,29/01/2025
CUST20587,William,White,Male,1961-09-24,England,28/02/2023
CUST20588,Sarah,Robinson,Female,2001-08-11,England,08/10/2022
CUST20589,Olivia,Johnson,Female,1981-02-10,England,20/07/2023
CUST20590,Jack,Wright,Male,2006-01-04,England,10/11/2024
CUST20591,Noah,Johnson,Female,1971-06-21,England,28/11/2024
CUST20592,Joseph,Williams,Female,1981-09-23,England,19/05/2022
CUST20593,Barbara,Johnson,Female,1991-05-23,England,11/01/2023
CUST20594,Richard,Wilson,Male,1971-09-08,England,28/05/2023
CUST20595,David,Wilson,Male,1986-12-14,England,25/09/2023
CUST20596,Jessica,Taylor,Female,1996-11-14,England,30/08/2023
CUST20597,Michael,Smith,Male,1986-08-04,Wales,26/02/2022
CUST20598,Richard,Wright,Male,2006-09-01,England,18/10/2021
CUST20599,Olivia,Walker,Female,1966-02-10,England,17/09/2021
CUST20600,Amelia,Robinson,Female,1976-02-14,England,02/04/2023
CUST20601,Noah,White,Male,1976-09-27,Scotland,07/12/2023
CUST20602,Mary,Johnson,Male,1971-10-24,England,14/04/2024
CUST20603,Harry,Johnson,Female,1976-03-20,England,28/04/2023
CUST20604,Thomas,Brown,Female,1986-08-26,England,09/04/2024
CUST20605,Sarah,Walker,Male,2001-04-21,Scotland,08/05/2022
CUST20606,Sarah,Johnson,Female,1991-02-15,England,04/03/2023
CUST20607,John,Taylor,Male,1966-05-25,England,13/09/2021
CUST20608,Robert,Thompson,Male,1961-06-25,England,14/05/2024
CUST20609,David,Wilson,Female,1976-10-06,England,12/11/2024
CUST20610,Isla,Roberts,Male,1996-11-08,England,03/08/2023
CUST20611,Harry,White,Female,1996-12-27,England,01/11/2023
CUST20612,Richard,Brown,Female,1971-02-01,England,15/04/2024
CUST20613,Isla,Roberts,Female,2001-12-14,England,09/01/2023
CUST20614,Susan,Taylor,Female,1981-07-11,Northern Ireland,26/01/2025
CUST20615,Jennifer,Wright,Female,1991-03-21,England,13/12/2022
CUST20616,Michael,Davies,Male,1991-08-26,England,04/05/2022
CUST20617,David,Davies,Female,1981-01-09,England,27/12/2024
CUST20618,Susan,Robinson,Female,1961-06-06,England,29/02/2024
CUST20619,Mary,Walker,Male,1976-10-09,England,12/12/2021
CUST20620,Barbara,Brown,Male,1986-12-20,England,26/11/2021
CUST20621,Patricia,Taylor,Male,1986-04-10,England,06/01/2024
CUST20622,Charles,Evans,Male,1966-03-18,England,30/09/2021
CUST20623,John,Brown,Female,1981-07-10,Scotland,24/06/2024
CUST20624,Oliver,Johnson,Male,1986-02-20,England,18/05/2022
CUST20625,Linda,Jones,Female,1981-12-02,England,08/09/2023
CUST20626,George,Taylor,Male,1996-04-10,England,24/10/2023
CUST20627,Michael,Williams,Male,2006-03-09,England,22/10/2021
CUST20628,Michael,Brown,Male,1971-03-17,Wales,13/11/2021
CUST20629,David,Robinson,Male,1981-05-18,England,28/12/2021
CUST20630,John,Roberts,Female,2001-09-20,England,31/08/2021
CUST20631,Jessica,Taylor,Female,1996-11-25,England,02/02/2023
CUST20632,Jennifer,Roberts,Male,1956-09-22,England,12/03/2023
CUST20633,Robert,Davies,Female,1981-08-02,England,10/12/2022
CUST20634,Elizabeth,Robinson,Male,1981-04-19,England,07/08/2021
CUST20635,Jennifer,Jones,Female,2006-12-01,England,18/07/2024
CUST20636,Michael,Wright,Male,1961-12-12,England,07/06/2023
CUST20637,Charles,Walker,Female,1966-08-16,England,27/01/2025
CUST20638,Noah,Walker,Female,1986-10-09,England,25/09/2021
CUST20639,Joseph,Thompson,Male,1991-04-19,England,10/01/2022
CUST20640,Isla,Robinson,Female,1976-06-22,England,24/04/2022
CUST20641,Thomas,Williams,Female,1971-10-17,England,15/03/2023
CUST20642,Charles,Robinson,Female,1976-06-15,England,15/06/2024
CUST20643,Richard,Smith,Male,1961-10-27,England,01/11/2022
CUST20644,Michael,Walker,Male,1981-11-18,England,27/11/2024
CUST20645,Barbara,Wilson,Male,1991-12-07,England,27/09/2021
CUST20646,Patricia,Taylor,Male,1986-04-18,England,25/03/2024
CUST20647,Richard,Johnson,Female,1971-06-13,England,27/01/2023
CUST20648,David,Smith,Female,1996-05-01,England,07/01/2025
CUST20649,Linda,Walker,Female,1996-07-25,England,02/10/2021
CUST20650,Olivia,Taylor,Female,1976-09-22,England,18/10/2021
CUST20651,James,Brown,Male,1986-04-17,England,19/08/2023
CUST20652,Linda,Davies,Male,1971-03-19,England,31/08/2023
CUST20653,Emily,Robinson,Male,2001-04-16,England,08/07/2023
CUST20654,Patricia,White,Male,1991-10-10,England,25/02/2022
CUST20655,Michael,Thompson,Female,1996-12-26,England,31/08/2022
CUST20656,Jennifer,Taylor,Male,1976-02-15,England,05/11/2022
CUST20657,Olivia,Smith,Female,1976-12-10,England,11/06/2022
CUST20658,Thomas,Wright,Male,1986-01-19,England,28/11/2021
CUST20659,Karen,Robinson,Female,1986-07-05,England,09/04/2022
CUST20660,Thomas,Taylor,Male,2001-02-09,England,06/10/2023
CUST20661,Charles,Thompson,Male,1976-12-04,England,11/01/2024
CUST20662,Charles,Jones,Male,1956-10-03,England,23/01/2023
CUST20663,Olivia,Evans,Female,1976-05-23,England,13/08/2021
CUST20664,John,Wright,Female,1996-09-12,England,30/12/2024
CUST20665,Olivia,Johnson,Male,1981-11-24,Wales,15/05/2023
CUST20666,Jennifer,Wright,Male,1996-03-18,England,17/12/2022
CUST20667,Jennifer,Jones,Male,2006-08-07,England,27/07/2022
CUST20668,Patricia,Thompson,Male,2001-04-06,England,26/09/2023
CUST20669,Thomas,Walker,Female,2001-09-13,England,07/10/2024
CUST20670,Sarah,Smith,Male,1996-07-03,England,24/08/2021
CUST20671,Joseph,Johnson,Male,1976-09-16,England,06/10/2024
CUST20672,Sarah,Wilson,Female,1996-08-13,England,29/03/2023
CUST20673,Elizabeth,Roberts,Female,1976-08-04,England,19/11/2022
CUST20674,Elizabeth,Taylor,Female,1961-02-15,England,21/05/2022
CUST20675,David,Thompson,Female,1981-11-23,England,06/05/2024
CUST20676,David,Wright,Male,1986-03-25,England,20/10/2023
CUST20677,Susan,Robinson,Female,1976-05-12,England,24/12/2021
CUST20678,Jessica,Thompson,Female,2001-07-02,England,23/06/2024
CUST20679,Jack,Evans,Male,1991-11-24,Scotland,09/09/2024
CUST20680,Charles,Davies,Male,1986-08-15,England,02/07/2023
CUST20681,Olivia,White,Female,1971-03-21,Scotland,11/04/2023
CUST20682,David,Wright,Female,1971-04-02,England,10/04/2022
CUST20683,Susan,Thompson,Female,1971-03-08,England,01/09/2021
CUST20684,Barbara,Jones,Female,1976-08-08,England,16/02/2025
CUST20685,William,Williams,Female,1986-09-20,Wales,22/04/2023
CUST20686,Olivia,Johnson,Male,1971-09-19,Scotland,08/10/2021
CUST20687,Thomas,Robinson,Female,1971-10-20,Scotland,13/05/2022
CUST20688,Mary,Brown,Male,1986-09-11,England,04/05/2023
CUST20689,Olivia,Davies,Male,1956-11-09,England,05/11/2021
CUST20690,Mary,Roberts,Female,1971-11-06,England,19/04/2024
CUST20691,Barbara,Williams,Male,1986-04-07,Scotland,10/10/2023
CUST20692,Barbara,Brown,Male,2006-04-05,England,20/10/2022
CUST20693,Jack,Wilson,Male,1996-01-23,Wales,17/03/2022
CUST20694,George,Robinson,Female,1976-04-19,England,09/11/2021
CUST20695,Thomas,Evans,Male,2001-07-19,England,19/04/2024
CUST20696,Patricia,Jones,Female,1986-08-24,Wales,28/09/2022
CUST20697,Emily,Walker,Female,1981-11-20,England,12/04/2024
CUST20698,Emily,Wright,Male,1971-08-09,England,21/08/2021
CUST20699,Mary,Jones,Male,1971-12-09,England,31/10/2024
CUST20700,Michael,Taylor,Female,1976-07-04,England,08/08/2024
CUST20701,George,Davies,Female,1991-11-20,England,23/01/2022
CUST20702,Jack,Wilson,Male,2001-10-24,England,27/08/2023
CUST20703,Linda,Jones,Female,1981-06-20,England,01/05/2022
CUST20704,Isla,Wilson,Female,1996-11-13,England,22/06/2023
CUST20705,Michael,Taylor,Female,1986-11-09,Scotland,18/04/2022
CUST20706,Thomas,Johnson,Male,1956-04-12,England,27/05/2022
CUST20707,Richard,Thompson,Male,1986-03-08,England,16/08/2022
CUST20708,Patricia,Jones,Male,1981-02-05,Wales,20/12/2024
CUST20709,Michael,Johnson,Female,1981-12-12,Wales,25/05/2023
CUST20710,Patricia,Roberts,Male,1971-06-07,England,15/10/2024
CUST20711,Oliver,Davies,Male,1986-07-20,England,18/07/2022
CUST20712,Jack,Thompson,Female,1986-04-25,England,03/06/2022
CUST20713,John,Wilson,Male,2001-05-06,England,17/07/2022
CUST20714,Thomas,Robinson,Male,1981-05-01,England,29/12/2024
CUST20715,Sarah,Taylor,Male,1996-07-24,England,30/04/2023
CUST20716,Jennifer,Wilson,Female,1986-03-08,England,15/06/2022
CUST20717,Noah,Evans,Female,1976-10-07,England,07/05/2022
CUST20718,Jack,Williams,Male,2006-05-24,England,09/07/2023
CUST20719,Olivia,Johnson,Male,1986-03-23,England,09/12/2023
CUST20720,Olivia,Jones,Female,2001-01-16,England,08/03/2023
CUST20721,Oliver,Wright,Male,1996-02-05,England,18/09/2021
CUST20722,Richard,Brown,Female,2006-04-20,England,25/11/2021
CUST20723,Charles,Roberts,Female,2001-09-20,England,16/05/2022
CUST20724,William,Wright,Male,1956-11-12,England,25/09/2021
CUST20725,Richard,Smith,Female,1956-12-16,England,29/06/2023
CUST20726,Richard,Taylor,Male,1976-04-15,England,28/11/2024
CUST20727,Isla,Taylor,Female,1981-08-18,England,29/11/2021
CUST20728,Jessica,Taylor,Male,1976-04-14,England,03/10/2021
CUST20729,Harry,Robinson,Female,1966-02-27,Scotland,21/12/2022
CUST20730,Noah,Jones,Male,1986-07-01,England,03/06/2023
CUST20731,Mary,Wright,Female,2006-08-02,England,02/11/2024
CUST20732,James,Walker,Male,1976-10-05,England,06/11/2024
CUST20733,Olivia,Taylor,Female,1956-02-05,England,04/04/2023
CUST20734,Robert,Brown,Male,1996-09-14,England,02/08/2023
CUST20735,William,Jones,Female,1986-04-03,England,04/09/2022
CUST20736,Olivia,Johnson,Female,1991-04-06,Wales,05/03/2022
CUST20737,Richard,Wright,Female,1991-01-15,England,15/05/2022
CUST20738,Michael,Wilson,Female,1976-03-25,Wales,24/03/2023
CUST20739,Linda,Davies,Male,1991-06-22,England,13/01/2024
CUST20740,Harry,Davies,Male,1961-03-06,Scotland,11/11/2023
CUST20741,Richard,Taylor,Male,1976-04-02,Northern Ireland,20/01/2023
CUST20742,Joseph,Davies,Male,2006-07-20,Wales,18/11/2021
CUST20743,Harry,Evans,Male,1971-02-22,England,14/04/2022
CUST20744,Sarah,Walker,Male,1976-11-26,England,06/12/2021
CUST20745,Elizabeth,Wright,Male,1986-04-12,England,17/02/2024
CUST20746,Isla,Brown,Male,1986-10-02,England,17/08/2024
CUST20747,George,White,Male,1971-08-26,England,04/06/2024
CUST20748,Jennifer,Evans,Male,1991-10-08,England,12/06/2024
CUST20749,James,Jones,Male,2001-04-11,Scotland,19/01/2024
CUST20750,Linda,Smith,Male,1991-03-12,England,19/08/2021
CUST20751,Elizabeth,Walker,Male,1996-02-27,England,17/03/2022
CUST20752,Isla,Walker,Male,1981-03-10,England,23/12/2023
CUST20753,Charles,Robinson,Female,2001-07-16,England,13/03/2023
CUST20754,Mary,Wright,Female,1981-08-14,England,04/01/2024
CUST20755,Joseph,Davies,Female,1986-10-27,England,04/05/2023
CUST20756,Charles,Wilson,Female,1971-12-26,England,05/09/2023
CUST20757,Elizabeth,Thompson,Female,1986-10-18,England,04/05/2022
CUST20758,George,Walker,Male,1966-05-03,England,11/01/2025
CUST20759,Robert,Taylor,Male,1966-06-10,Scotland,22/06/2024
CUST20760,Jessica,Smith,Female,1996-12-18,England,16/02/2024
CUST20761,Thomas,White,Male,1981-09-22,England,25/03/2024
CUST20762,George,Smith,Male,1996-06-21,England,28/12/2024
CUST20763,Patricia,Johnson,Male,1971-10-14,England,06/11/2021
CUST20764,Isla,Evans,Female,1981-02-19,England,12/12/2023
CUST20765,Oliver,Walker,Female,1996-09-09,England,17/08/2022
CUST20766,Linda,Wilson,Male,1996-12-18,Scotland,20/10/2021
CUST20767,Richard,Wright,Female,1991-07-13,Scotland,22/02/2024
CUST20768,Karen,Robinson,Female,1971-08-19,England,30/01/2023
CUST20769,George,Wilson,Male,1976-01-24,Scotland,07/11/2021
CUST20770,Olivia,Williams,Female,2006-08-23,England,25/11/2024
CUST20771,Charles,Davies,Female,1991-04-20,England,05/12/2021
CUST20772,Elizabeth,Williams,Female,1991-12-21,England,03/01/2024
CUST20773,Isla,White,Female,1981-04-05,England,08/06/2022
CUST20774,Olivia,Wilson,Female,2001-04-05,England,05/09/2023
CUST20775,Jennifer,Jones,Male,1991-05-23,England,26/03/2023
CUST20776,Mary,Smith,Male,1966-09-15,England,18/11/2024
CUST20777,Oliver,Smith,Female,1986-12-12,England,26/11/2021
CUST20778,Harry,Walker,Female,1976-05-18,England,18/11/2022
CUST20779,Oliver,Smith,Female,1986-03-03,England,07/11/2024
CUST20780,Patricia,Brown,Female,1986-10-05,England,06/07/2023
CUST20781,Olivia,Davies,Male,1981-07-04,England,14/10/2024
CUST20782,Patricia,Roberts,Female,1996-06-16,England,11/09/2023
CUST20783,Olivia,Brown,Male,1996-12-02,England,23/09/2024
CUST20784,Barbara,Davies,Male,1956-06-02,England,24/11/2023
CUST20785,James,Jones,Male,1971-08-19,England,21/01/2023
CUST20786,Jessica,Robinson,Male,1976-12-20,England,12/09/2021
CUST20787,Jennifer,Wilson,Male,2001-03-07,England,19/04/2024
CUST20788,Amelia,Taylor,Male,2006-11-19,Scotland,20/08/2022
CUST20789,George,Johnson,Male,2001-12-03,England,01/08/2022
CUST20790,Oliver,Thompson,Male,1966-06-12,England,16/11/2021
CUST20791,Linda,Roberts,Female,1971-05-10,England,23/10/2024
CUST20792,Sarah,White,Male,1986-02-10,England,26/08/2023
CUST20793,Michael,Evans,Male,1961-01-24,England,26/09/2023
CUST20794,David,White,Male,2001-12-03,England,19/04/2024
CUST20795,Emily,Robinson,Female,1986-06-17,England,30/11/2024
CUST20796,Karen,Roberts,Female,1996-09-08,Scotland,13/12/2024
CUST20797,Richard,Jones,Male,1991-03-14,England,13/09/2021
CUST20798,Charles,Wilson,Female,1961-04-06,Scotland,14/09/2023
CUST20799,Sarah,Jones,Male,1971-10-20,England,14/01/2023
CUST20800,Mary,White,Male,2001-08-02,England,23/11/2021
CUST20801,George,Wilson,Female,1996-03-03,England,24/07/2024
CUST20802,George,Johnson,Female,1981-01-09,Scotland,02/07/2023
CUST20803,Robert,Williams,Male,2006-10-24,England,25/01/2025
CUST20804,Joseph,Wilson,Female,1986-01-01,England,14/10/2022
CUST20805,Harry,Thompson,Male,1981-01-05,England,20/03/2024
CUST20806,Isla,Thompson,Female,1996-04-14,England,16/09/2021
CUST20807,Thomas,Walker,Female,1996-12-01,England,01/08/2024
CUST20808,Susan,Davies,Male,1996-08-15,England,26/11/2023
CUST20809,Jessica,Wright,Male,1966-01-10,England,09/01/2025
CUST20810,Emily,Brown,Female,1991-12-18,Scotland,10/11/2021
CUST20811,Noah,White,Male,1981-12-02,England,23/11/2022
CUST20812,George,Davies,Female,1991-09-05,Wales,25/10/2022
CUST20813,Oliver,Roberts,Male,1976-01-05,England,02/02/2023
CUST20814,Noah,Walker,Male,2001-01-20,England,30/04/2023
CUST20815,James,Jones,Female,2006-11-20,England,06/02/2022
CUST20816,Robert,Thompson,Male,1976-10-04,England,02/04/2024
CUST20817,Olivia,Smith,Male,1976-10-11,Scotland,06/11/2023
CUST20818,George,Davies,Male,1996-06-20,England,19/05/2022
CUST20819,Richard,Taylor,Male,1991-08-01,Northern Ireland,22/01/2024
CUST20820,Amelia,Evans,Male,1961-03-03,England,07/10/2023
CUST20821,Oliver,Brown,Male,2001-01-18,England,01/01/2022
CUST20822,Olivia,Robinson,Female,1996-03-16,England,06/12/2023
CUST20823,Olivia,Williams,Male,1986-08-20,England,20/07/2024
CUST20824,Elizabeth,Davies,Male,1996-05-13,England,03/08/2022
CUST20825,David,Brown,Female,1981-08-25,England,03/12/2024
CUST20826,Emily,Johnson,Male,1976-06-04,England,26/02/2024
CUST20827,Harry,Jones,Male,1986-07-05,England,05/10/2021
CUST20828,Oliver,Johnson,Male,1981-12-18,England,16/01/2023
CUST20829,Richard,Johnson,Female,1986-08-24,England,14/12/2023
CUST20830,Joseph,Thompson,Female,1976-12-01,England,01/06/2024
CUST20831,Sarah,Johnson,Female,2006-12-20,England,18/12/2021
CUST20832,Richard,White,Female,1991-08-27,England,23/09/2023
CUST20833,Elizabeth,Wilson,Male,1981-12-16,England,22/07/2023
CUST20834,George,White,Female,1991-03-23,England,14/01/2023
CUST20835,Oliver,Walker,Male,2006-07-08,England,08/09/2021
CUST20836,Thomas,Jones,Male,1991-01-22,England,23/03/2022
CUST20837,Robert,Smith,Female,1976-02-13,England,22/12/2024
CUST20838,Harry,Davies,Female,2001-02-09,England,26/02/2023
CUST20839,Barbara,Wright,Female,1976-02-06,Wales,02/10/2022
CUST20840,Karen,White,Female,1976-05-24,Scotland,08/11/2022
CUST20841,Isla,Wright,Male,1981-09-20,England,04/11/2024
CUST20842,Amelia,Wilson,Male,1996-12-22,England,14/04/2023
CUST20843,Oliver,Brown,Male,1971-12-19,England,17/04/2024
CUST20844,Emily,Davies,Female,1996-03-07,England,29/10/2023
CUST20845,Michael,Smith,Female,1966-06-06,England,11/02/2025
CUST20846,Mary,Brown,Female,1976-06-18,England,10/02/2025
CUST20847,Emily,Smith,Male,2006-02-07,England,15/05/2022
CUST20848,George,Wilson,Female,1976-01-18,England,24/01/2023
CUST20849,Michael,Wilson,Male,1986-05-25,England,13/01/2025
CUST20850,John,Johnson,Male,1986-11-21,England,22/11/2021
CUST20851,George,Wilson,Male,1991-05-13,England,23/04/2023
CUST20852,William,Walker,Male,1981-05-25,England,26/01/2023
CUST20853,Susan,White,Female,1976-12-15,Northern Ireland,24/02/2023
CUST20854,William,Robinson,Female,1966-05-13,England,29/03/2023
CUST20855,Emily,Walker,Female,1996-09-26,Scotland,18/10/2021
CUST20856,Sarah,Wilson,Male,1981-12-10,England,04/03/2022
CUST20857,Emily,Smith,Female,1981-02-06,England,17/01/2024
CUST20858,Michael,White,Male,1981-07-04,England,22/12/2023
CUST20859,Linda,White,Male,1986-05-17,England,06/09/2022
CUST20860,David,Taylor,Male,1991-02-14,England,24/05/2023
CUST20861,Noah,Walker,Female,1976-01-21,England,14/12/2021
CUST20862,William,Wilson,Male,1991-08-04,Wales,03/10/2024
CUST20863,William,Walker,Female,1996-08-09,England,17/10/2021
CUST20864,Thomas,Walker,Female,1986-07-04,England,30/01/2022
CUST20865,Barbara,White,Male,1996-09-09,England,09/08/2021
CUST20866,David,Roberts,Female,2006-09-26,England,18/04/2024
CUST20867,Karen,Brown,Female,2006-01-25,England,02/01/2024
CUST20868,Oliver,Williams,Female,1976-01-14,England,10/08/2022
CUST20869,Michael,Smith,Female,1961-05-03,England,13/05/2024
CUST20870,Michael,Smith,Female,1986-07-27,England,04/09/2022
CUST20871,Thomas,Brown,Male,2001-11-05,Scotland,23/02/2025
CUST20872,Jack,Brown,Female,1971-12-03,Northern Ireland,12/02/2023
CUST20873,Olivia,Davies,Female,1996-10-12,England,19/09/2024
CUST20874,William,Thompson,Male,1956-04-26,England,02/07/2023
CUST20875,Oliver,Robinson,Female,1986-07-22,Wales,14/12/2022
CUST20876,Richard,Brown,Male,1996-02-10,England,05/11/2022
CUST20877,David,Roberts,Male,1986-06-13,Northern Ireland,29/10/2023
CUST20878,Jennifer,Williams,Female,1991-02-02,England,30/01/2023
CUST20879,Sarah,Walker,Male,1976-12-08,England,20/11/2022
CUST20880,Isla,Wilson,Female,2001-06-19,England,04/04/2024
CUST20881,Karen,Davies,Male,1971-09-12,England,31/08/2022
CUST20882,David,Johnson,Male,1976-02-27,England,17/01/2022
CUST20883,Patricia,Johnson,Female,1971-12-13,England,04/03/2022
CUST20884,Jessica,Jones,Male,1966-07-23,England,09/01/2024
CUST20885,Robert,Johnson,Female,1996-01-20,England,20/08/2024
CUST20886,Charles,Wright,Male,1986-05-14,England,13/08/2024
CUST20887,Jennifer,Wright,Female,1971-03-24,England,13/07/2023
CUST20888,Robert,Thompson,Male,1991-01-24,England,13/02/2023
CUST20889,George,Wilson,Female,2006-01-09,England,15/04/2022
CUST20890,Joseph,Jones,Male,1996-09-08,England,25/01/2023
CUST20891,Patricia,Robinson,Male,1996-11-20,England,07/12/2023
CUST20892,Susan,Davies,Female,1971-08-01,England,21/01/2024
CUST20893,Richard,Roberts,Male,1986-09-19,England,01/06/2024
CUST20894,Linda,Walker,Male,1981-01-12,England,20/04/2023
CUST20895,Amelia,Brown,Male,1961-03-21,England,04/09/2021
CUST20896,Amelia,Evans,Male,1996-01-04,England,07/12/2024
CUST20897,Noah,Taylor,Female,1976-12-16,England,29/11/2023
CUST20898,Jessica,Johnson,Male,2006-09-15,England,18/04/2022
CUST20899,George,Walker,Female,2001-12-01,England,25/03/2023
CUST20900,Harry,Johnson,Female,2001-11-15,England,30/09/2021
CUST20901,Elizabeth,Wilson,Female,1991-03-18,England,23/12/2023
CUST20902,Harry,Evans,Female,1991-07-11,England,07/10/2022
CUST20903,Jessica,Wilson,Male,1986-08-17,Northern Ireland,02/11/2022
CUST20904,Harry,Roberts,Female,1996-09-09,England,18/10/2021
CUST20905,Patricia,Wilson,Female,2006-09-17,England,25/06/2023
CUST20906,Michael,Brown,Male,1981-06-07,England,15/10/2021
CUST20907,Michael,Smith,Female,2006-01-08,England,06/10/2024
CUST20908,John,Roberts,Female,1971-12-02,England,10/02/2022
CUST20909,Jessica,White,Male,1966-09-03,Scotland,27/05/2022
CUST20910,Isla,Roberts,Female,1976-11-04,England,15/03/2024
CUST20911,John,Smith,Male,1981-03-06,England,05/09/2024
CUST20912,Karen,Brown,Male,1981-02-20,England,18/12/2021
CUST20913,Jack,Walker,Male,1981-11-06,Scotland,07/08/2022
CUST20914,Jennifer,Brown,Female,1966-10-10,England,14/10/2021
CUST20915,James,Wright,Female,1961-11-05,England,22/02/2022
CUST20916,Olivia,Wilson,Female,1991-06-12,England,31/05/2022
CUST20917,Joseph,White,Male,1981-11-07,England,15/05/2024
CUST20918,George,Williams,Female,1971-03-09,England,03/05/2024
CUST20919,Richard,Wright,Male,2006-10-02,England,16/09/2022
CUST20920,Oliver,Taylor,Female,1986-06-14,England,15/08/2023
CUST20921,Michael,Evans,Female,1981-02-08,England,08/03/2024
CUST20922,Jessica,Wright,Female,1976-09-18,England,02/01/2023
CUST20923,Jennifer,Taylor,Female,1991-05-27,England,08/07/2022
CUST20924,Barbara,Wright,Male,1996-02-14,England,04/08/2023
CUST20925,Olivia,Wilson,Female,1996-09-14,England,05/02/2023
CUST20926,Olivia,Roberts,Male,1986-10-23,England,07/03/2022
CUST20927,David,Smith,Female,1966-04-10,England,12/09/2023
CUST20928,Patricia,Wilson,Female,1966-12-04,England,06/05/2022
CUST20929,George,Wright,Male,1991-09-20,England,25/08/2021
CUST20930,Thomas,Wright,Female,1996-01-18,Wales,09/11/2024
CUST20931,Oliver,Roberts,Female,1976-05-13,England,02/11/2022
CUST20932,David,Davies,Female,1976-12-11,England,31/03/2022
CUST20933,Karen,Brown,Male,1986-03-01,England,27/09/2024
CUST20934,Jessica,Jones,Female,1991-12-16,England,14/09/2021
CUST20935,Susan,Evans,Male,2001-07-15,Scotland,20/08/2022
CUST20936,Harry,Johnson,Male,1976-09-14,England,25/04/2024
CUST20937,Linda,Wilson,Male,1981-09-09,England,06/10/2022
CUST20938,Jessica,Walker,Male,1991-07-05,England,22/11/2024
CUST20939,Richard,Wilson,Male,1966-07-16,Northern Ireland,19/11/2024
CUST20940,Joseph,Smith,Female,1981-07-17,England,20/07/2024
CUST20941,Charles,Smith,Male,1966-08-05,England,23/10/2022
CUST20942,Karen,Evans,Male,1986-09-04,England,19/05/2023
CUST20943,Elizabeth,Davies,Female,1986-06-14,England,02/06/2022
CUST20944,Patricia,Evans,Female,1966-06-02,England,17/07/2022
CUST20945,Jennifer,Brown,Male,1961-10-06,Wales,25/03/2023
CUST20946,Elizabeth,Williams,Male,1961-10-18,England,02/07/2022
CUST20947,Karen,Davies,Male,1971-08-09,England,03/03/2023
CUST20948,William,Smith,Male,1986-06-13,England,15/01/2022
CUST20949,Richard,Roberts,Male,1996-07-19,England,23/05/2024
CUST20950,George,Robinson,Female,1991-07-05,Scotland,04/11/2024
CUST20951,Richard,Jones,Male,1966-06-07,England,15/12/2024
CUST20952,Barbara,Brown,Male,1991-03-09,England,27/10/2022
CUST20953,Thomas,Taylor,Female,1976-07-12,Wales,10/06/2024
CUST20954,Susan,Smith,Female,1966-06-16,England,21/11/2021
CUST20955,Noah,Thompson,Male,1961-01-02,England,02/07/2022
CUST20956,Joseph,Robinson,Male,1961-12-13,England,24/02/2022
CUST20957,Emily,Wilson,Female,1986-09-19,England,10/02/2025
CUST20958,Thomas,Robinson,Male,1986-02-23,England,10/05/2022
CUST20959,Michael,White,Male,1956-03-15,England,25/12/2024
CUST20960,Linda,Johnson,Female,1996-07-17,England,07/05/2024
CUST20961,Jennifer,Brown,Female,1996-11-22,England,29/08/2022
CUST20962,Barbara,Wright,Female,1961-06-20,England,05/01/2025
CUST20963,Jack,Wilson,Female,1981-10-15,England,16/08/2022
CUST20964,Jennifer,Jones,Male,1986-02-16,England,03/11/2022
CUST20965,Mary,Walker,Female,2001-07-27,England,22/11/2021
CUST20966,Jennifer,Evans,Female,1986-10-21,England,08/11/2024
CUST20967,Elizabeth,Roberts,Female,1961-11-07,England,04/03/2024
CUST20968,Isla,Roberts,Female,1981-03-13,England,10/02/2023
CUST20969,Barbara,White,Female,1991-09-21,England,25/12/2022
CUST20970,Thomas,Evans,Female,1986-01-15,England,06/08/2023
CUST20971,David,Robinson,Male,1966-02-12,Northern Ireland,18/01/2023
CUST20972,Charles,Johnson,Male,1966-11-17,England,09/03/2024
CUST20973,Isla,Davies,Female,1991-09-11,England,11/01/2022
CUST20974,John,Jones,Female,1981-03-19,England,21/11/2024
CUST20975,Noah,Walker,Female,1996-12-20,England,13/03/2022
CUST20976,Richard,Thompson,Female,1986-12-25,England,26/09/2023
CUST20977,Amelia,Taylor,Male,1996-01-26,England,05/09/2024
CUST20978,John,Walker,Male,1986-01-20,England,15/01/2023
CUST20979,Amelia,Jones,Male,1981-03-21,England,01/12/2021
CUST20980,James,Williams,Male,1991-10-21,England,04/06/2023
CUST20981,Karen,White,Male,1996-08-09,England,19/08/2022
CUST20982,Oliver,Roberts,Male,2001-07-25,England,22/02/2025
CUST20983,David,Williams,Male,2001-05-14,Scotland,18/06/2023
CUST20984,Elizabeth,Smith,Female,1976-06-24,England,07/01/2025
CUST20985,Susan,White,Female,1996-08-06,England,14/11/2023
CUST20986,Isla,Roberts,Male,2001-01-09,England,18/12/2022
CUST20987,Oliver,Wilson,Female,1956-08-17,England,31/08/2022
CUST20988,Isla,Smith,Male,1996-03-16,England,08/02/2024
CUST20989,William,Walker,Male,1966-10-11,England,02/03/2024
CUST20990,Amelia,Thompson,Male,1981-03-06,England,25/09/2021
CUST20991,John,Williams,Male,1976-01-07,England,18/11/2021
CUST20992,Noah,Wilson,Female,1986-06-20,Northern Ireland,31/03/2022
CUST20993,William,White,Female,1996-06-01,England,27/09/2023
CUST20994,Oliver,Johnson,Female,1971-07-04,England,06/08/2021
CUST20995,Jack,Johnson,Male,1971-11-25,England,05/01/2024
CUST20996,Amelia,White,Male,1991-09-27,England,19/07/2023
CUST20997,Sarah,Johnson,Male,1976-05-03,England,09/03/2024
CUST20998,Mary,Wright,Female,1986-09-04,England,13/06/2023
CUST20999,Richard,Thompson,Male,1966-07-09,Northern Ireland,11/04/2023
CUST21000,John,Roberts,Male,1971-03-16,Scotland,12/05/2024
CUST21001,Charles,Davies,Female,2006-01-06,England,14/03/2022
CUST21002,Oliver,Williams,Female,1971-01-27,Scotland,19/10/2022
CUST21003,Charles,Johnson,Male,1961-03-14,England,08/06/2022
CUST21004,Olivia,Smith,Male,1976-10-15,England,28/10/2024
CUST21005,Jennifer,White,Male,2001-06-06,Northern Ireland,29/10/2023
CUST21006,Mary,Roberts,Male,1971-06-09,England,04/11/2022
CUST21007,Susan,Walker,Male,1981-05-20,Wales,26/08/2024
CUST21008,Richard,Jones,Female,1991-04-18,England,17/09/2021
CUST21009,George,Williams,Female,1966-09-07,England,03/09/2021
CUST21010,William,Robinson,Female,1986-01-12,England,19/04/2024
CUST21011,Amelia,Brown,Female,1971-08-06,England,07/03/2022
CUST21012,Olivia,Taylor,Female,1981-12-12,England,30/01/2022
CUST21013,Harry,Brown,Male,1996-11-06,England,03/11/2022
CUST21014,Linda,Smith,Female,1961-05-27,England,13/01/2022
CUST21015,Elizabeth,Robinson,Female,1981-11-09,England,31/08/2021
CUST21016,Isla,Thompson,Female,1986-03-13,England,31/12/2023
CUST21017,Emily,Taylor,Male,1991-03-18,England,16/09/2023
CUST21018,Thomas,White,Female,2001-05-02,Scotland,12/04/2024
CUST21019,Patricia,Smith,Male,1981-01-06,England,07/03/2022
CUST21020,Harry,Robinson,Female,1986-04-27,England,07/09/2021
CUST21021,Mary,Thompson,Female,1966-11-19,England,15/08/2022
CUST21022,Mary,Robinson,Male,1961-10-07,Scotland,09/02/2022
CUST21023,Jennifer,Walker,Male,1976-04-12,England,18/04/2022
CUST21024,Emily,Jones,Female,1996-04-24,Scotland,04/05/2022
CUST21025,Olivia,Roberts,Female,1976-05-06,England,09/02/2022
CUST21026,Amelia,Wilson,Male,2006-02-09,England,03/04/2022
CUST21027,Barbara,Smith,Female,1971-02-07,Scotland,14/04/2023
CUST21028,George,Wilson,Male,1986-12-18,England,04/06/2022
CUST21029,Emily,Williams,Male,1966-09-15,England,02/03/2024
CUST21030,Jennifer,Evans,Female,1991-09-14,England,19/02/2024
CUST21031,Joseph,Davies,Female,1996-04-11,Wales,30/06/2023
CUST21032,Jennifer,Roberts,Male,1956-11-09,Wales,28/10/2022
CUST21033,Barbara,Smith,Female,1986-03-14,England,28/07/2023
CUST21034,George,Walker,Female,1971-12-22,Scotland,01/06/2024
CUST21035,Joseph,Brown,Male,1966-07-22,England,15/08/2024
CUST21036,Joseph,Robinson,Male,1986-04-22,England,04/01/2024
CUST21037,Olivia,Smith,Female,1986-10-02,England,13/08/2022
CUST21038,Olivia,Taylor,Male,1986-06-14,England,28/08/2024
CUST21039,Emily,Evans,Female,1971-04-11,Wales,27/07/2022
CUST21040,Jessica,Thompson,Female,1961-09-26,Scotland,10/05/2023
CUST21041,Linda,Smith,Male,1991-09-12,England,29/04/2023
CUST21042,William,Evans,Male,1976-08-07,England,07/10/2023
CUST21043,Jennifer,Thompson,Male,1996-06-07,Scotland,15/11/2022
CUST21044,Karen,Brown,Female,1981-04-06,Wales,08/05/2022
CUST21045,George,Roberts,Female,1971-05-12,England,08/11/2022
CUST21046,Karen,Johnson,Female,1966-11-08,England,13/03/2023
CUST21047,Joseph,White,Female,1986-05-16,England,01/01/2024
CUST21048,Thomas,Brown,Male,1991-12-07,England,07/09/2021
CUST21049,Michael,Robinson,Female,1996-02-16,England,30/09/2022
CUST21050,Harry,Jones,Male,2001-02-17,England,17/07/2024
CUST21051,Harry,Wright,Male,1991-04-19,England,14/09/2023
CUST21052,Noah,Johnson,Male,1971-01-24,England,20/07/2024
CUST21053,Harry,Davies,Female,1991-11-03,Wales,02/12/2023
CUST21054,Patricia,Davies,Male,1991-05-02,Scotland,14/04/2022
CUST21055,Charles,Wright,Female,1976-02-13,Scotland,15/08/2022
CUST21056,Noah,Jones,Female,1996-08-14,Northern Ireland,22/10/2024
CUST21057,Patricia,Roberts,Male,1996-12-21,England,01/02/2024
CUST21058,Harry,Wilson,Male,1966-12-07,England,08/08/2024
CUST21059,Emily,Jones,Female,2001-02-13,England,15/11/2022
CUST21060,Patricia,Williams,Male,1991-10-17,England,05/01/2023
CUST21061,Linda,White,Male,1981-05-18,Scotland,16/09/2022
CUST21062,Isla,Walker,Female,1996-11-15,England,21/12/2023
CUST21063,Joseph,White,Female,1996-08-16,England,15/08/2022
CUST21064,Karen,Robinson,Female,1996-09-05,England,01/03/2023
CUST21065,George,Wright,Female,1991-11-13,England,16/07/2024
CUST21066,Isla,Robinson,Male,1966-11-15,England,28/12/2023
CUST21067,Amelia,Robinson,Female,1986-02-03,England,24/02/2022
CUST21068,Robert,Walker,Male,1991-09-27,England,22/07/2022
CUST21069,Mary,Thompson,Male,1991-02-18,England,08/11/2021
CUST21070,Harry,Walker,Female,1961-12-20,England,30/12/2024
CUST21071,Susan,Wright,Female,2001-08-15,Scotland,08/03/2023
CUST21072,Elizabeth,Johnson,Female,1971-03-26,England,23/10/2022
CUST21073,Jessica,Johnson,Male,1991-04-01,England,04/04/2022
CUST21074,Barbara,Johnson,Male,1961-11-26,England,17/08/2024
CUST21075,Olivia,Williams,Female,1991-08-06,England,27/12/2022
CUST21076,William,Wright,Female,2001-03-24,Scotland,01/08/2022
CUST21077,Sarah,Evans,Female,1986-10-02,Scotland,20/05/2024
CUST21078,Joseph,Wilson,Female,1996-09-09,England,12/12/2022
CUST21079,Mary,Wilson,Male,1976-01-16,England,26/06/2023
CUST21080,Olivia,Evans,Male,1981-04-18,Scotland,06/09/2023
CUST21081,Emily,Brown,Female,1981-11-01,England,04/01/2025
CUST21082,Patricia,Walker,Female,1996-05-10,England,19/09/2024
CUST21083,Jack,Taylor,Male,1976-01-23,England,14/01/2024
CUST21084,Olivia,Evans,Female,1991-08-05,England,27/09/2021
CUST21085,William,Williams,Female,1956-11-26,England,16/07/2022
CUST21086,Robert,Evans,Female,1976-07-20,Scotland,01/11/2021
CUST21087,Thomas,Wilson,Male,1981-12-27,England,29/08/2024
CUST21088,Mary,White,Male,1971-02-25,England,18/11/2023
CUST21089,Noah,Taylor,Female,1981-09-07,England,07/01/2022
CUST21090,Richard,Wright,Female,1986-08-26,England,27/06/2023
CUST21091,Thomas,Jones,Male,1996-12-14,England,01/03/2023
CUST21092,Emily,Smith,Male,1981-07-07,England,09/01/2025
CUST21093,David,White,Female,1991-10-25,Northern Ireland,30/05/2023
CUST21094,James,Wright,Male,2006-02-13,England,17/01/2025
CUST21095,Amelia,Smith,Male,1971-01-19,England,31/01/2022
CUST21096,Linda,Williams,Male,2006-09-17,England,14/01/2023
CUST21097,David,Williams,Male,1981-01-09,England,28/09/2022
CUST21098,Robert,Brown,Female,2001-11-27,England,01/03/2023
CUST21099,Patricia,Jones,Female,1986-01-23,England,18/07/2024
CUST21100,George,Wilson,Female,1971-09-15,England,22/07/2023
CUST21101,George,Thompson,Female,2001-06-16,England,24/11/2022
CUST21102,Joseph,Walker,Male,1981-08-02,Scotland,16/10/2022
CUST21103,Harry,Wilson,Male,1981-08-20,England,08/04/2023
CUST21104,Thomas,Davies,Male,1971-06-25,England,11/12/2024
CUST21105,Susan,Walker,Female,2001-06-27,England,12/02/2025
CUST21106,Joseph,White,Male,1976-07-16,England,30/12/2022
CUST21107,Patricia,Johnson,Female,1986-09-27,Scotland,27/02/2023
CUST21108,Susan,Williams,Male,1991-09-22,England,01/07/2022
CUST21109,Sarah,Evans,Male,1991-06-14,England,21/10/2023
CUST21110,Jennifer,Jones,Female,1991-05-22,Scotland,30/09/2023
CUST21111,Barbara,Taylor,Female,1986-01-05,England,04/08/2022
CUST21112,Noah,Walker,Male,2001-10-19,England,28/05/2023
CUST21113,Linda,Evans,Female,1991-03-17,England,19/03/2024
CUST21114,Susan,Brown,Male,1981-06-14,England,05/01/2022
CUST21115,Isla,Roberts,Male,1986-12-18,England,14/11/2022
CUST21116,Michael,Robinson,Male,2001-10-24,Scotland,22/12/2023
CUST21117,Elizabeth,Wright,Female,1991-05-16,England,18/11/2023
CUST21118,Karen,Wilson,Female,1986-06-11,England,18/04/2024
CUST21119,Isla,White,Female,1981-04-12,England,06/08/2024
CUST21120,Olivia,Roberts,Female,1966-08-16,England,09/01/2023
CUST21121,Olivia,Smith,Female,1986-02-16,England,17/12/2022
CUST21122,Joseph,Wright,Male,1981-12-09,England,16/11/2021
CUST21123,Sarah,Jones,Male,2006-12-15,England,16/05/2022
CUST21124,Robert,White,Female,1961-04-08,England,30/08/2024
CUST21125,Jessica,Johnson,Male,1991-03-26,Scotland,12/11/2024
CUST21126,Noah,Brown,Female,1991-07-15,England,01/12/2022
CUST21127,Emily,Robinson,Female,1996-08-23,England,09/09/2023
CUST21128,Amelia,Williams,Male,2001-08-11,Wales,05/01/2023
CUST21129,Sarah,Walker,Female,1976-01-11,England,15/11/2023
CUST21130,Richard,Walker,Male,1996-09-08,England,27/10/2021
CUST21131,Thomas,Wilson,Male,1996-01-16,England,28/10/2024
CUST21132,Oliver,Taylor,Female,1996-05-17,England,14/02/2023
CUST21133,James,Brown,Male,1961-09-16,England,08/04/2022
CUST21134,John,Walker,Male,1976-11-23,England,23/10/2024
CUST21135,Olivia,Evans,Male,1966-08-14,England,02/05/2023
CUST21136,Emily,Taylor,Male,1971-02-23,England,21/10/2021
CUST21137,Sarah,Jones,Female,1966-09-02,England,30/05/2024
CUST21138,Olivia,Thompson,Female,1986-01-10,England,13/12/2021
CUST21139,Emily,Jones,Female,2001-03-20,England,13/12/2021
CUST21140,Olivia,Roberts,Female,1991-02-11,Wales,24/11/2023
CUST21141,Sarah,White,Female,1996-12-20,England,24/02/2024
CUST21142,Olivia,Smith,Female,1976-05-16,England,09/01/2025
CUST21143,Jessica,Evans,Male,2006-07-14,England,01/05/2023
CUST21144,Jack,White,Male,2001-10-16,England,22/09/2023
CUST21145,Karen,Jones,Female,1981-12-25,England,14/10/2023
CUST21146,Sarah,Wright,Female,2001-12-19,England,30/11/2021
CUST21147,Linda,Wright,Female,2006-02-27,England,30/06/2024
CUST21148,Jennifer,Davies,Female,2001-05-03,England,10/05/2022
CUST21149,Elizabeth,Smith,Female,1976-05-22,England,21/11/2024
CUST21150,Charles,Davies,Female,2001-10-25,England,24/11/2023
CUST21151,Robert,Johnson,Male,2001-05-26,Wales,16/11/2023
CUST21152,Barbara,Robinson,Male,1996-03-15,Scotland,27/12/2021
CUST21153,Richard,Williams,Male,1976-10-14,England,08/03/2022
CUST21154,Karen,Smith,Male,1996-06-16,England,29/08/2022
CUST21155,Isla,Robinson,Female,2006-09-25,Northern Ireland,10/06/2023
CUST21156,Olivia,Williams,Female,1966-05-24,England,17/10/2023
CUST21157,Thomas,Thompson,Male,1971-06-26,England,18/02/2022
CUST21158,Susan,Evans,Female,1996-01-27,England,29/11/2021
CUST21159,Olivia,Thompson,Female,1996-01-17,England,09/01/2025
CUST21160,James,Smith,Female,1996-01-07,England,16/06/2023
CUST21161,Emily,Walker,Female,1976-03-05,England,27/05/2024
CUST21162,Thomas,Williams,Female,1996-05-25,England,03/06/2022
CUST21163,Elizabeth,Wilson,Male,1966-01-05,Wales,06/09/2024
CUST21164,Robert,Smith,Female,1971-02-02,England,25/04/2024
CUST21165,William,Wright,Male,1981-11-13,England,23/07/2022
CUST21166,Olivia,Walker,Male,2006-11-21,England,10/03/2023
CUST21167,Olivia,Johnson,Female,1966-04-20,England,16/08/2021
CUST21168,Patricia,Wilson,Female,1976-12-07,England,25/01/2025
CUST21169,Linda,Davies,Male,1976-02-14,England,14/12/2022
CUST21170,Charles,Smith,Male,2006-01-25,Wales,07/04/2023
CUST21171,Olivia,Williams,Male,1976-05-22,England,27/11/2023
CUST21172,Noah,Roberts,Male,1971-04-25,England,20/10/2022
CUST21173,Olivia,Walker,Female,1961-01-21,England,16/06/2024
CUST21174,Emily,Smith,Female,1981-11-03,Scotland,25/10/2023
CUST21175,Thomas,Wilson,Male,1986-12-06,England,20/07/2022
CUST21176,David,Jones,Female,1991-04-05,England,21/12/2024
CUST21177,Jennifer,Davies,Female,1976-04-04,England,01/01/2022
CUST21178,Olivia,Wright,Female,1966-09-24,England,15/05/2022
CUST21179,Barbara,Williams,Male,1981-12-20,England,15/04/2023
CUST21180,Jennifer,Thompson,Female,1996-04-25,England,23/02/2022
CUST21181,Charles,Smith,Male,2006-09-09,England,11/08/2022
CUST21182,John,Wilson,Female,1981-01-27,England,09/07/2023
CUST21183,Joseph,Jones,Female,1971-07-26,England,08/08/2022
CUST21184,James,Johnson,Female,2006-12-03,England,09/04/2023
CUST21185,George,Jones,Male,1991-06-24,England,18/05/2024
CUST21186,Patricia,Johnson,Female,1961-08-03,England,30/12/2022
CUST21187,Jessica,Johnson,Male,1986-09-13,Northern Ireland,12/04/2022
CUST21188,Oliver,Evans,Male,1996-08-05,England,28/08/2024
CUST21189,Emily,Johnson,Male,1991-09-16,Wales,28/08/2023
CUST21190,Michael,Smith,Female,1991-11-01,England,20/09/2022
CUST21191,Linda,Roberts,Male,2001-01-23,Scotland,07/11/2024
CUST21192,Barbara,Jones,Female,1981-11-13,Scotland,21/11/2023
CUST21193,Jennifer,Johnson,Male,1981-11-24,England,19/03/2024
CUST21194,Sarah,Jones,Male,1981-11-12,England,21/02/2025
CUST21195,Amelia,White,Female,1981-05-16,Wales,01/02/2022
CUST21196,Noah,Johnson,Female,2006-07-20,England,23/03/2024
CUST21197,Olivia,Jones,Male,2001-05-27,England,20/05/2022
CUST21198,Karen,Roberts,Male,2001-11-11,Scotland,06/06/2023
CUST21199,William,Robinson,Female,2001-05-15,England,09/02/2023
CUST21200,Charles,White,Female,1976-04-09,England,28/03/2022
CUST21201,Thomas,Johnson,Male,2001-09-02,England,21/12/2022
CUST21202,Amelia,Wright,Male,1981-01-24,England,21/02/2025
CUST21203,Charles,Davies,Female,2001-05-16,England,30/12/2021
CUST21204,Sarah,Thompson,Female,2001-03-11,England,26/06/2024
CUST21205,Amelia,Jones,Male,2001-05-21,England,24/11/2023
CUST21206,Susan,Evans,Female,1986-06-23,England,22/02/2025
CUST21207,Olivia,Williams,Male,1981-01-27,England,10/12/2024
CUST21208,Barbara,Smith,Female,1971-11-12,Scotland,23/01/2025
CUST21209,Jennifer,Thompson,Female,2001-05-03,England,22/09/2022
CUST21210,Jack,Taylor,Female,1981-05-14,England,27/11/2024
CUST21211,Olivia,Thompson,Male,1976-02-12,Wales,02/01/2025
CUST21212,Joseph,Davies,Male,1991-12-06,Northern Ireland,14/06/2023
CUST21213,David,Smith,Male,2006-11-16,England,15/09/2022
CUST21214,Robert,Johnson,Female,2001-06-12,England,07/01/2025
CUST21215,Michael,Wilson,Male,2001-05-24,England,15/04/2024
CUST21216,Jessica,Brown,Female,1966-06-02,England,17/12/2024
CUST21217,John,Wilson,Male,1991-12-20,England,08/07/2023
CUST21218,Harry,Evans,Male,1986-03-17,England,18/10/2021
CUST21219,Olivia,Williams,Female,1976-09-07,England,14/04/2023
CUST21220,Robert,Robinson,Male,1991-11-10,England,06/01/2022
CUST21221,Patricia,Thompson,Female,1981-10-24,England,01/08/2022
CUST21222,Karen,Wright,Male,2006-11-10,England,18/10/2024
CUST21223,Sarah,White,Female,1986-12-18,England,17/12/2021
CUST21224,Sarah,White,Female,2001-01-14,England,14/02/2025
CUST21225,Barbara,Jones,Male,1996-03-25,England,02/09/2021
CUST21226,Amelia,Evans,Female,1996-02-18,Northern Ireland,17/08/2022
CUST21227,Robert,White,Female,1976-07-23,England,24/01/2023
CUST21228,Robert,Jones,Female,1981-05-25,England,20/01/2025
CUST21229,William,Roberts,Male,1976-01-04,England,24/09/2023
CUST21230,Mary,Johnson,Female,2006-07-23,England,05/01/2025
CUST21231,Joseph,Jones,Male,1956-02-26,England,11/01/2025
CUST21232,Mary,Robinson,Male,2006-05-01,England,23/04/2023
CUST21233,Olivia,Roberts,Female,1971-05-13,England,02/12/2021
CUST21234,Jack,Taylor,Male,1976-11-07,England,25/09/2024
CUST21235,Noah,Robinson,Male,1981-09-27,Scotland,03/04/2023
CUST21236,Thomas,Thompson,Female,1986-08-10,England,18/01/2022
CUST21237,Richard,Williams,Male,1976-10-06,Scotland,07/02/2022
CUST21238,Harry,Wilson,Male,1976-03-03,England,03/01/2025
CUST21239,Olivia,Thompson,Male,2001-04-22,Wales,01/09/2024
CUST21240,William,Walker,Male,1976-10-02,England,21/02/2023
CUST21241,Charles,Walker,Male,2006-09-09,England,07/04/2023
CUST21242,Olivia,Walker,Female,1986-01-15,Scotland,27/06/2022
CUST21243,Joseph,Wilson,Female,1981-03-02,England,01/01/2022
CUST21244,Patricia,Williams,Male,1971-03-05,England,16/02/2025
CUST21245,Amelia,Walker,Female,1986-01-27,England,07/11/2023
CUST21246,Michael,Thompson,Female,1996-08-13,England,11/01/2022
CUST21247,Jennifer,Walker,Female,1986-01-09,England,16/09/2024
CUST21248,Susan,Roberts,Male,1996-11-24,England,03/11/2024
CUST21249,Patricia,Johnson,Male,1986-08-03,England,10/04/2024
CUST21250,Jack,Thompson,Male,1986-10-08,England,10/04/2022
CUST21251,Karen,Jones,Male,1976-06-24,England,28/10/2022
CUST21252,Thomas,Brown,Male,1996-12-21,England,16/09/2024
CUST21253,Robert,Johnson,Male,1996-04-12,England,29/07/2024
CUST21254,Barbara,Evans,Female,1986-07-27,Wales,14/01/2024
CUST21255,Thomas,Jones,Female,2006-01-16,England,17/07/2022
CUST21256,Isla,Jones,Male,1996-10-21,Northern Ireland,10/07/2024
CUST21257,Sarah,Wright,Female,1991-07-27,England,05/02/2022
CUST21258,Robert,White,Male,1986-03-14,Wales,25/09/2022
CUST21259,David,Smith,Male,1996-10-13,England,16/06/2022
CUST21260,Oliver,Wilson,Female,1986-12-18,England,05/11/2022
CUST21261,Jessica,Davies,Female,1971-01-02,England,08/08/2022
CUST21262,Linda,Johnson,Male,1986-11-12,England,11/06/2022
CUST21263,Elizabeth,Wright,Female,1996-09-19,England,29/01/2025
CUST21264,Mary,Roberts,Female,2006-05-11,Scotland,01/11/2023
CUST21265,Charles,Davies,Female,2001-08-20,England,20/05/2022
CUST21266,Jack,Wilson,Male,1986-10-11,England,02/02/2025
CUST21267,Emily,Evans,Male,1981-06-06,England,07/06/2022
CUST21268,David,Wright,Male,2006-08-04,England,30/10/2024
CUST21269,Thomas,Wilson,Male,1996-01-15,England,05/07/2024
CUST21270,Susan,White,Male,1991-12-06,England,22/08/2021
CUST21271,Isla,Roberts,Female,1991-12-10,England,12/07/2024
CUST21272,Joseph,Robinson,Male,1961-03-15,England,05/04/2023
CUST21273,David,Evans,Female,1996-06-02,England,03/07/2024
CUST21274,Harry,Williams,Male,2006-03-12,England,20/12/2021
CUST21275,Emily,Wright,Female,1991-05-09,England,16/06/2022
CUST21276,Jack,Jones,Female,2001-04-09,England,05/03/2023
CUST21277,Emily,White,Male,2001-11-25,England,13/08/2021
CUST21278,Jennifer,Evans,Female,1991-09-25,England,06/11/2024
CUST21279,Charles,Jones,Female,1991-11-09,England,18/08/2024
CUST21280,Joseph,Jones,Male,2001-10-24,England,23/04/2023
CUST21281,David,Davies,Male,1981-09-07,England,26/11/2021
CUST21282,Olivia,Roberts,Male,1986-02-10,Wales,17/03/2024
CUST21283,Michael,Roberts,Male,2006-10-26,England,25/04/2023
CUST21284,David,Evans,Female,1971-10-03,Scotland,16/09/2023
CUST21285,Susan,Evans,Female,1996-02-11,England,22/11/2022
CUST21286,Robert,Walker,Female,1961-02-22,England,03/11/2021
CUST21287,Patricia,White,Male,1966-10-26,England,21/02/2022
CUST21288,Emily,Jones,Female,1986-05-26,England,29/10/2021
CUST21289,Harry,Walker,Male,1996-04-24,England,01/02/2022
CUST21290,Mary,Davies,Male,1971-05-27,England,11/03/2022
CUST21291,Linda,Walker,Male,1991-11-13,England,30/07/2023
CUST21292,Linda,Brown,Female,2001-05-09,England,16/07/2023
CUST21293,Olivia,Smith,Male,1986-05-11,England,21/01/2022
CUST21294,Noah,Williams,Male,1986-05-04,England,09/01/2022
CUST21295,Elizabeth,Brown,Female,1971-01-04,England,04/11/2022
CUST21296,Olivia,Roberts,Female,1976-01-27,England,11/09/2021
CUST21297,Jennifer,Robinson,Male,1971-05-06,England,23/03/2024
CUST21298,Olivia,Roberts,Male,1976-01-17,England,08/12/2023
CUST21299,Barbara,Smith,Female,1981-10-07,England,28/08/2024
CUST21300,Isla,Brown,Male,1986-06-18,England,15/10/2021
CUST21301,Charles,Brown,Male,1956-07-13,England,06/02/2022
CUST21302,Jennifer,Robinson,Male,1961-05-03,Northern Ireland,11/06/2023
CUST21303,George,White,Female,1971-10-11,England,08/07/2024
CUST21304,Mary,Wilson,Female,1976-06-20,England,15/02/2024
CUST21305,George,Williams,Female,1981-01-22,England,04/06/2024
CUST21306,Jessica,Evans,Female,1996-06-08,England,20/11/2024
CUST21307,Jennifer,Johnson,Male,1971-03-09,England,06/06/2023
CUST21308,Jennifer,Johnson,Male,2006-08-20,England,24/07/2024
CUST21309,Amelia,Walker,Female,1996-07-12,England,08/08/2022
CUST21310,William,Taylor,Female,1991-06-02,Northern Ireland,09/06/2023
CUST21311,George,Robinson,Female,1981-05-04,England,22/05/2024
CUST21312,Noah,Williams,Female,1986-08-11,Scotland,25/07/2023
CUST21313,Patricia,Smith,Male,2001-09-08,Wales,19/04/2024
CUST21314,Isla,Smith,Male,2001-11-04,England,31/12/2024
CUST21315,Sarah,Robinson,Female,1996-12-22,England,13/08/2022
CUST21316,Harry,Taylor,Female,1991-01-13,England,01/05/2024
CUST21317,Jack,Robinson,Male,2006-08-20,Scotland,13/11/2021
CUST21318,Karen,Taylor,Female,1976-02-01,England,11/12/2024
CUST21319,John,Wright,Male,1996-06-11,England,06/01/2024
CUST21320,John,Walker,Male,1991-09-13,England,21/11/2021
CUST21321,Linda,Jones,Female,1991-07-16,England,08/08/2023
CUST21322,Joseph,Brown,Female,1986-10-27,Scotland,27/02/2024
CUST21323,Susan,Thompson,Female,1971-11-13,England,19/05/2022
CUST21324,Olivia,White,Female,2001-12-14,England,05/11/2024
CUST21325,Charles,Jones,Male,1991-09-25,England,16/01/2025
CUST21326,Noah,Taylor,Male,1976-09-11,England,13/11/2023
CUST21327,Joseph,Jones,Male,2006-10-11,England,13/01/2024
CUST21328,Barbara,Jones,Male,1971-03-05,England,09/10/2021
CUST21329,George,White,Male,1961-04-20,England,31/07/2022
CUST21330,Mary,Brown,Female,1981-05-01,England,13/10/2023
CUST21331,Linda,Johnson,Female,1961-09-06,Wales,02/09/2021
CUST21332,George,Evans,Female,1991-05-12,Wales,22/12/2022
CUST21333,Thomas,Wright,Female,1991-02-12,England,13/12/2021
CUST21334,Susan,Davies,Female,2001-10-02,England,30/04/2022
CUST21335,Jessica,Davies,Female,2006-09-15,England,20/09/2024
CUST21336,William,Walker,Male,1996-08-27,Scotland,16/11/2022
CUST21337,Susan,Williams,Female,1986-11-03,England,30/12/2021
CUST21338,Susan,Robinson,Male,1986-10-14,England,07/08/2021
CUST21339,Linda,Walker,Female,1996-11-16,England,31/10/2021
CUST21340,Richard,Brown,Female,1981-04-09,England,29/01/2023
CUST21341,Oliver,Williams,Female,1996-02-16,Wales,21/12/2021
CUST21342,Noah,Jones,Male,1991-05-10,England,05/01/2024
CUST21343,Patricia,Smith,Male,1996-10-05,England,25/06/2022
CUST21344,Oliver,Evans,Female,1976-12-23,England,20/02/2024
CUST21345,David,Smith,Female,1986-02-27,England,05/11/2021
CUST21346,Jennifer,Taylor,Female,1976-11-11,England,18/07/2024
CUST21347,Elizabeth,Brown,Male,2006-06-03,Wales,21/09/2023
CUST21348,Joseph,White,Female,1991-10-05,England,06/09/2022
CUST21349,Emily,Wilson,Female,1961-09-25,Wales,09/04/2022
CUST21350,John,Wright,Female,2006-01-24,England,04/08/2023
CUST21351,Patricia,Jones,Male,1991-06-14,England,18/07/2024
CUST21352,Jessica,Thompson,Female,2006-02-24,England,20/12/2023
CUST21353,Sarah,Johnson,Male,2001-05-07,England,15/06/2022
CUST21354,David,White,Male,1986-10-11,England,05/09/2021
CUST21355,Jennifer,Walker,Male,2001-09-04,England,26/08/2024
CUST21356,Barbara,Brown,Female,1986-09-15,England,14/04/2023
CUST21357,John,Robinson,Male,1966-08-19,England,03/10/2021
CUST21358,Isla,Johnson,Female,1996-01-26,England,07/08/2021
CUST21359,Thomas,Johnson,Female,2001-07-21,Scotland,28/07/2023
CUST21360,Linda,Wilson,Female,1971-06-18,England,31/07/2024
CUST21361,Patricia,Smith,Male,1986-07-19,Wales,10/06/2022
CUST21362,David,Evans,Female,1966-03-17,England,21/05/2022
CUST21363,Amelia,White,Female,1991-09-12,England,13/02/2022
CUST21364,Michael,Wilson,Male,1981-08-14,England,17/10/2021
CUST21365,Jessica,Davies,Male,1966-05-05,Northern Ireland,12/08/2024
CUST21366,Michael,Roberts,Female,2001-01-01,England,05/02/2023
CUST21367,Emily,Walker,Male,1971-01-22,England,24/11/2021
CUST21368,Oliver,Jones,Female,1981-05-14,England,01/02/2024
CUST21369,George,Evans,Male,1971-07-24,England,30/11/2021
CUST21370,Harry,Walker,Female,2001-12-04,England,21/04/2024
CUST21371,Noah,Williams,Male,1986-09-11,England,22/07/2022
CUST21372,Noah,Evans,Female,2001-06-07,England,01/06/2022
CUST21373,James,Robinson,Female,1961-04-23,England,16/08/2022
CUST21374,John,Johnson,Female,2006-03-11,England,19/09/2023
CUST21375,Jessica,White,Female,2006-02-18,England,09/12/2021
CUST21376,George,Brown,Male,1966-01-03,England,02/02/2024
CUST21377,David,Evans,Male,1991-11-15,England,22/06/2022
CUST21378,Joseph,Davies,Male,1981-01-12,England,31/10/2021
CUST21379,Jessica,Robinson,Female,1996-11-17,England,19/03/2022
CUST21380,Joseph,Wright,Female,1981-08-16,England,15/05/2023
CUST21381,Jack,Walker,Male,1996-08-03,Scotland,04/12/2022
CUST21382,Isla,Brown,Male,1986-12-02,England,17/07/2023
CUST21383,Jack,White,Male,1986-10-04,Scotland,10/11/2024
CUST21384,Susan,Brown,Male,1991-02-06,England,16/07/2023
CUST21385,Linda,Taylor,Male,1996-12-20,England,03/06/2022
CUST21386,Mary,Smith,Male,2001-03-08,England,25/03/2022
CUST21387,Susan,Brown,Female,1976-07-27,England,30/10/2023
CUST21388,David,Jones,Female,2001-08-03,Wales,17/01/2023
CUST21389,Charles,Wright,Male,1996-03-14,England,28/08/2023
CUST21390,Susan,Thompson,Female,1991-08-20,England,25/04/2022
CUST21391,Richard,Brown,Female,1986-08-02,Scotland,10/11/2021
CUST21392,Olivia,Jones,Female,1976-12-14,England,10/01/2023
CUST21393,James,Williams,Female,1991-11-02,England,20/09/2023
CUST21394,Mary,Thompson,Male,1971-05-22,England,29/03/2024
CUST21395,Emily,Jones,Male,1981-09-13,England,03/01/2025
CUST21396,James,Davies,Male,1971-10-24,England,23/04/2023
CUST21397,Richard,Walker,Male,1976-01-18,England,30/08/2022
CUST21398,Charles,Brown,Male,2001-09-09,England,24/09/2022
CUST21399,Thomas,Smith,Female,1961-12-05,England,13/08/2022
CUST21400,Mary,Davies,Male,1976-02-05,England,21/10/2022
CUST21401,Olivia,White,Female,1981-10-01,England,27/12/2024
CUST21402,Harry,Taylor,Female,2001-01-09,England,24/12/2022
CUST21403,Charles,Roberts,Male,2001-05-20,England,12/03/2024
CUST21404,Thomas,Davies,Male,1981-10-10,England,02/10/2021
CUST21405,Amelia,Robinson,Male,1991-12-04,England,10/01/2023
CUST21406,Oliver,White,Female,1981-09-03,England,04/01/2025
CUST21407,Michael,Wilson,Male,1991-09-12,England,25/04/2023
CUST21408,Thomas,Walker,Female,1986-04-06,Scotland,08/09/2023
CUST21409,Elizabeth,Roberts,Female,1996-10-20,England,24/09/2023
CUST21410,Linda,Thompson,Male,2001-08-10,England,11/10/2021
CUST21411,Patricia,Thompson,Male,2006-12-04,England,09/04/2022
CUST21412,Mary,Roberts,Female,1971-08-08,England,26/11/2022
CUST21413,Emily,Thompson,Female,1986-01-12,England,14/10/2024
CUST21414,Robert,Williams,Male,1961-07-02,England,23/05/2024
CUST21415,George,Taylor,Female,1976-10-04,England,05/09/2021
CUST21416,Sarah,Brown,Male,1976-10-26,Wales,27/01/2024
CUST21417,George,Robinson,Male,1986-05-10,England,11/02/2023
CUST21418,Jennifer,Williams,Female,1971-03-21,England,07/07/2023
CUST21419,John,Robinson,Female,1961-11-25,England,22/07/2023
CUST21420,Joseph,Smith,Male,1976-10-04,England,17/12/2023
CUST21421,Amelia,Davies,Male,2001-11-19,England,02/10/2023
CUST21422,Richard,Taylor,Female,1981-09-23,England,08/04/2024
CUST21423,John,Taylor,Male,2001-10-01,England,07/07/2023
CUST21424,Michael,Smith,Male,2006-05-09,England,10/10/2024
CUST21425,Olivia,Robinson,Female,1976-10-04,England,15/08/2023
CUST21426,Jessica,Robinson,Male,1971-06-01,England,09/03/2022
CUST21427,Elizabeth,Brown,Female,2001-10-08,England,29/12/2023
CUST21428,Michael,Johnson,Female,2006-02-05,Scotland,18/09/2022
CUST21429,Jessica,White,Female,1966-04-25,Scotland,16/08/2024
CUST21430,Patricia,Walker,Female,2001-03-07,England,19/11/2021
CUST21431,Thomas,Wilson,Male,2006-05-21,England,26/08/2022
CUST21432,William,Williams,Female,1976-10-02,England,13/06/2023
CUST21433,Charles,Jones,Male,1971-02-17,England,09/02/2025
CUST21434,Linda,Taylor,Male,1986-09-19,England,19/01/2024
CUST21435,John,Wright,Male,1986-10-05,England,24/05/2022
CUST21436,Emily,Evans,Male,1991-09-12,England,31/08/2023
CUST21437,Olivia,Jones,Female,1996-08-26,England,23/08/2024
CUST21438,Noah,Robinson,Male,1976-02-17,Scotland,05/12/2022
CUST21439,Karen,Taylor,Male,1971-08-22,England,24/01/2023
CUST21440,Susan,Smith,Female,1991-03-12,Scotland,24/05/2022
CUST21441,Mary,Williams,Male,1996-03-07,England,06/10/2022
CUST21442,Barbara,White,Male,1996-11-13,England,20/07/2023
CUST21443,Elizabeth,Johnson,Female,2006-08-11,England,30/05/2024
CUST21444,Elizabeth,Williams,Female,1996-12-27,England,22/09/2024
CUST21445,John,Davies,Male,2006-06-12,England,22/12/2024
CUST21446,Jessica,Robinson,Male,1976-05-17,Wales,07/07/2024
CUST21447,Mary,Williams,Male,1996-12-16,England,12/05/2024
CUST21448,Richard,Wilson,Female,1976-08-11,England,24/09/2023
CUST21449,Charles,White,Male,1986-11-11,England,05/10/2023
CUST21450,Emily,Brown,Male,1971-01-23,Scotland,09/10/2024
CUST21451,Michael,Roberts,Male,1961-07-06,England,02/12/2024
CUST21452,Amelia,Thompson,Female,1991-10-12,England,10/08/2022
CUST21453,David,Robinson,Male,2001-10-19,England,19/09/2023
CUST21454,Thomas,Brown,Female,1976-09-02,England,07/01/2024
CUST21455,Patricia,Johnson,Female,2006-02-19,England,11/05/2024
CUST21456,Sarah,Johnson,Male,1996-07-23,England,23/11/2021
CUST21457,Linda,Evans,Female,2006-02-12,England,31/07/2023
CUST21458,Sarah,Johnson,Female,1966-10-16,England,12/08/2024
CUST21459,Robert,White,Male,2006-08-14,England,24/11/2023
CUST21460,Oliver,Roberts,Male,1986-03-18,England,24/11/2022
CUST21461,Elizabeth,Davies,Male,1991-09-02,England,09/05/2024
CUST21462,Noah,Jones,Female,1981-09-17,England,14/11/2021
CUST21463,Jack,Davies,Male,1996-01-13,England,06/10/2022
CUST21464,Harry,Walker,Female,1971-02-01,England,28/06/2022
CUST21465,James,Taylor,Female,1976-03-22,Northern Ireland,24/06/2023
CUST21466,Harry,Williams,Female,1986-01-05,England,18/09/2022
CUST21467,Olivia,Smith,Female,1991-07-16,Wales,13/09/2022
CUST21468,Mary,Johnson,Female,1971-11-23,England,14/12/2023
CUST21469,David,Wilson,Male,1976-01-25,England,31/03/2022
CUST21470,Charles,Brown,Female,1991-08-17,Scotland,09/09/2022
CUST21471,Olivia,Brown,Male,1991-06-20,England,13/05/2023
CUST21472,Olivia,Wilson,Male,2006-11-16,England,09/07/2024
CUST21473,Susan,Jones,Female,2001-06-21,England,11/11/2023
CUST21474,Joseph,Thompson,Male,2006-09-27,England,13/03/2024
CUST21475,Patricia,Roberts,Male,2006-12-13,England,08/02/2022
CUST21476,David,Brown,Female,2001-02-12,England,08/02/2024
CUST21477,Karen,Davies,Male,1971-04-05,England,19/04/2024
CUST21478,Isla,Taylor,Female,1976-04-27,England,04/10/2023
CUST21479,William,White,Male,1971-03-25,England,10/12/2024
CUST21480,James,White,Female,1981-08-20,England,23/10/2024
CUST21481,Karen,Wilson,Female,1981-01-18,England,05/03/2024
CUST21482,James,Taylor,Male,2001-05-06,England,06/10/2021
CUST21483,Jennifer,Smith,Male,1976-02-25,England,04/07/2024
CUST21484,Amelia,Walker,Female,1996-08-02,England,09/12/2024
CUST21485,Linda,Jones,Female,1986-10-17,England,14/11/2024
CUST21486,Amelia,Roberts,Male,1961-06-07,England,17/07/2023
CUST21487,Patricia,Wright,Male,1971-06-13,England,11/04/2023
CUST21488,Olivia,Williams,Male,1996-06-03,England,23/09/2022
CUST21489,Jessica,Walker,Male,1976-03-04,England,17/08/2022
CUST21490,Robert,Brown,Female,2001-05-11,England,15/07/2024
CUST21491,Karen,Johnson,Male,2006-12-11,England,21/09/2023
CUST21492,George,Smith,Male,2006-01-24,England,30/09/2022
CUST21493,Jessica,Williams,Male,2001-10-17,England,22/05/2023
CUST21494,Karen,Davies,Male,1976-02-01,England,02/05/2023
CUST21495,Olivia,Roberts,Male,1991-02-26,England,17/03/2022
CUST21496,Jennifer,White,Female,2006-04-17,England,01/04/2022
CUST21497,Thomas,Taylor,Male,1956-04-23,England,15/11/2023
CUST21498,Oliver,Smith,Female,1986-04-25,England,09/08/2024
CUST21499,William,Roberts,Male,1991-11-14,England,16/01/2024
CUST21500,Mary,Walker,Female,1986-11-05,Scotland,11/12/2022
CUST21501,Harry,Williams,Female,1986-09-13,England,04/03/2023
CUST21502,Olivia,Davies,Female,1986-02-19,England,09/02/2024
CUST21503,Thomas,Davies,Female,1981-12-01,England,29/10/2022
CUST21504,Oliver,Williams,Male,1966-11-26,England,11/11/2023
CUST21505,David,Roberts,Female,1991-01-10,England,21/02/2025
CUST21506,Michael,Jones,Female,1986-05-18,England,08/08/2021
CUST21507,Mary,Robinson,Female,2006-10-27,England,15/12/2024
CUST21508,Susan,Wright,Female,1971-02-24,England,07/11/2021
CUST21509,Richard,White,Male,1991-01-21,England,25/03/2024
CUST21510,Mary,Johnson,Female,1996-08-09,England,14/08/2022
CUST21511,Olivia,Robinson,Male,1956-05-15,England,09/01/2024
CUST21512,Karen,Jones,Female,1981-06-14,England,31/07/2024
CUST21513,George,Williams,Male,2001-10-24,England,10/07/2024
CUST21514,James,Taylor,Male,1996-07-02,England,05/09/2022
CUST21515,Linda,Taylor,Male,1991-09-01,Wales,25/11/2024
CUST21516,Patricia,Walker,Female,1956-02-04,England,13/11/2024
CUST21517,Jack,Williams,Male,1986-01-26,England,09/04/2022
CUST21518,Sarah,Wright,Female,1996-04-15,England,25/11/2022
CUST21519,Charles,Wright,Male,1986-03-19,England,31/08/2022
CUST21520,Amelia,Walker,Female,1991-04-03,England,07/04/2022
CUST21521,Patricia,Davies,Female,2006-10-01,England,17/11/2024
CUST21522,Charles,Taylor,Female,1971-02-18,England,13/01/2025
CUST21523,Jack,Walker,Male,2006-02-20,England,16/12/2024
CUST21524,Thomas,Wright,Female,1966-03-12,England,03/01/2025
CUST21525,James,White,Male,1976-04-03,England,11/04/2022
CUST21526,John,Roberts,Female,2006-03-14,England,16/09/2021
CUST21527,Patricia,Wright,Female,1976-03-18,England,03/07/2022
CUST21528,Richard,Taylor,Male,1976-07-06,England,07/08/2021
CUST21529,Karen,Wright,Male,1981-02-09,Scotland,09/02/2023
CUST21530,Elizabeth,Johnson,Female,1981-02-21,England,24/02/2025
CUST21531,Michael,White,Female,2006-11-06,England,13/09/2021
CUST21532,Emily,Williams,Female,2006-01-03,Wales,24/12/2023
CUST21533,Olivia,White,Female,1976-01-17,England,16/10/2021
CUST21534,Joseph,Evans,Male,2001-01-01,England,08/10/2024
CUST21535,David,Evans,Female,1996-07-12,England,19/05/2022
CUST21536,Charles,Wright,Male,1986-09-16,England,08/11/2022
CUST21537,Thomas,Robinson,Female,2001-09-02,England,17/04/2024
CUST21538,Joseph,Williams,Male,1976-09-18,England,18/04/2024
CUST21539,Emily,Wright,Male,1971-01-23,England,28/03/2022
CUST21540,Harry,White,Male,1971-05-27,England,05/10/2022
CUST21541,Charles,Robinson,Male,2006-08-08,Wales,24/08/2021
CUST21542,Karen,Johnson,Female,1991-09-09,England,26/07/2024
CUST21543,Isla,Williams,Male,1971-05-17,Scotland,04/09/2024
CUST21544,David,White,Female,1991-11-17,England,31/10/2022
CUST21545,John,Wright,Female,1976-11-17,England,08/04/2023
CUST21546,Barbara,Taylor,Male,1981-10-09,England,13/10/2024
CUST21547,Olivia,Robinson,Female,1991-10-02,Scotland,13/05/2023
CUST21548,Oliver,Wright,Female,1996-12-01,England,27/05/2024
CUST21549,Thomas,White,Male,1981-10-27,England,08/05/2023
CUST21550,Elizabeth,Jones,Female,2001-08-11,England,13/01/2022
CUST21551,Charles,Brown,Female,1971-05-13,England,09/07/2022
CUST21552,William,White,Male,1981-05-17,England,07/12/2023
CUST21553,James,Wright,Female,2001-10-06,England,24/01/2024
CUST21554,George,Johnson,Male,1976-04-11,England,10/03/2022
CUST21555,Noah,Walker,Female,1986-08-12,England,23/06/2023
CUST21556,David,Roberts,Female,1996-07-03,Scotland,11/01/2024
CUST21557,Harry,Robinson,Female,1961-05-17,England,06/04/2023
CUST21558,Olivia,Wilson,Female,1976-06-06,England,30/01/2022
CUST21559,Sarah,Williams,Female,1981-01-01,England,06/04/2022
CUST21560,Karen,Walker,Female,1971-09-17,Scotland,12/06/2023
CUST21561,Jennifer,White,Female,1986-01-09,England,24/02/2022
CUST21562,Susan,Evans,Male,1986-01-20,England,04/04/2022
CUST21563,Sarah,Brown,Male,1996-04-15,Scotland,26/01/2024
CUST21564,David,Thompson,Female,2001-07-01,Wales,08/12/2021
CUST21565,Patricia,White,Male,1986-04-19,England,21/05/2023
CUST21566,Harry,White,Female,1986-11-02,Scotland,03/05/2022
CUST21567,Harry,Davies,Female,1976-12-09,England,30/03/2023
CUST21568,Noah,Wilson,Male,1986-05-19,England,15/02/2024
CUST21569,Robert,Brown,Female,1981-12-11,England,09/12/2021
CUST21570,Oliver,Robinson,Male,1971-02-11,England,17/09/2024
CUST21571,Joseph,Walker,Male,1956-02-06,England,07/03/2023
CUST21572,Susan,Thompson,Female,1991-05-12,England,23/03/2024
CUST21573,Olivia,Jones,Male,1966-12-08,England,17/10/2021
CUST21574,Joseph,Evans,Male,1971-07-26,Scotland,04/07/2024
CUST21575,Olivia,Thompson,Female,2006-09-19,England,14/10/2024
CUST21576,Elizabeth,Evans,Male,1991-08-25,England,24/09/2022
CUST21577,Susan,Smith,Female,1996-06-10,England,06/05/2024
CUST21578,Barbara,Williams,Female,1981-12-26,England,29/07/2024
CUST21579,Jack,Taylor,Female,1986-12-08,Northern Ireland,06/02/2023
CUST21580,Harry,Jones,Female,1986-06-09,England,25/09/2023
CUST21581,Barbara,Brown,Male,1976-09-09,England,26/06/2024
CUST21582,Joseph,Brown,Male,1991-08-16,England,17/07/2024
CUST21583,Michael,Robinson,Female,1991-08-17,Wales,14/07/2022
CUST21584,Joseph,Walker,Male,1971-02-02,England,28/07/2023
CUST21585,Barbara,White,Female,1961-03-16,Scotland,30/12/2022
CUST21586,Isla,Thompson,Female,1976-12-26,England,25/12/2022
CUST21587,Robert,Roberts,Female,1996-03-11,England,25/01/2025
CUST21588,Elizabeth,Roberts,Female,2001-08-19,England,23/05/2023
CUST21589,Karen,Taylor,Male,1996-11-18,England,16/03/2022
CUST21590,Noah,Jones,Female,1991-08-27,England,02/11/2021
CUST21591,Isla,Smith,Male,1996-03-18,Wales,05/05/2024
CUST21592,Jessica,Brown,Male,1966-11-13,England,03/02/2025
CUST21593,Jennifer,Walker,Male,1981-01-01,England,19/02/2025
CUST21594,Michael,Brown,Female,1991-09-22,England,03/08/2022
CUST21595,Olivia,Johnson,Female,1996-04-10,England,10/09/2023
CUST21596,Isla,Walker,Female,1991-08-25,England,14/12/2023
CUST21597,Robert,Wright,Male,1986-06-07,England,04/02/2023
CUST21598,George,Davies,Male,1976-07-12,England,18/08/2021
CUST21599,Charles,Roberts,Male,2001-05-23,England,29/12/2023
CUST21600,Jennifer,Brown,Male,1971-07-05,England,22/12/2021
CUST21601,Harry,Johnson,Male,2001-12-08,England,09/03/2023
CUST21602,Oliver,Walker,Male,1996-10-22,England,16/04/2022
CUST21603,David,White,Male,1956-06-09,England,11/01/2022
CUST21604,Joseph,Williams,Male,1996-12-26,England,03/08/2022
CUST21605,George,White,Male,2001-11-15,England,22/12/2023
CUST21606,Karen,Robinson,Male,1981-08-23,England,26/09/2021
CUST21607,Mary,Wright,Male,1991-08-15,England,22/01/2022
CUST21608,Elizabeth,Smith,Male,2001-01-02,England,01/12/2023
CUST21609,Barbara,Brown,Male,2006-07-22,England,16/12/2024
CUST21610,William,Jones,Female,2006-03-12,England,27/01/2025
CUST21611,Oliver,Johnson,Male,1986-02-11,Scotland,22/03/2024
CUST21612,Joseph,Davies,Male,1996-11-20,England,19/09/2021
CUST21613,Joseph,Smith,Male,1976-04-08,England,02/11/2023
CUST21614,Linda,Evans,Male,1971-08-12,Northern Ireland,28/07/2023
CUST21615,John,Evans,Male,2001-11-17,Scotland,10/08/2023
CUST21616,Elizabeth,Jones,Female,1991-08-17,Northern Ireland,14/05/2022
CUST21617,Oliver,Jones,Female,2001-10-20,England,09/12/2021
CUST21618,Richard,Jones,Female,1996-10-03,England,09/02/2025
CUST21619,Patricia,Davies,Male,1996-06-27,England,16/05/2022
CUST21620,Jack,Wright,Male,1976-12-17,England,28/09/2022
CUST21621,Harry,Brown,Male,1991-11-17,Scotland,16/10/2023
CUST21622,Linda,Thompson,Female,1986-05-24,England,18/04/2023
CUST21623,Olivia,White,Male,1981-10-14,Scotland,29/11/2021
CUST21624,David,Wilson,Female,1971-03-01,England,02/03/2024
CUST21625,Charles,Johnson,Male,1991-02-04,Scotland,01/12/2023
CUST21626,Barbara,Williams,Male,1996-07-26,Wales,24/11/2021
CUST21627,Thomas,Evans,Male,1961-08-27,England,30/04/2022
CUST21628,George,Taylor,Female,1991-08-03,England,29/10/2022
CUST21629,Patricia,Johnson,Female,1981-10-19,England,16/11/2021
CUST21630,Olivia,Smith,Male,1981-05-18,England,10/11/2021
CUST21631,James,Brown,Female,1986-10-05,England,03/07/2024
CUST21632,John,Robinson,Male,1996-11-22,England,23/11/2023
CUST21633,Oliver,Wilson,Female,2001-02-13,England,04/11/2022
CUST21634,Emily,Evans,Female,1986-06-07,England,09/12/2023
CUST21635,Sarah,Roberts,Female,1986-03-16,England,06/03/2024
CUST21636,Isla,Evans,Female,1976-08-25,England,06/12/2023
CUST21637,Karen,Robinson,Female,1976-05-06,England,19/10/2024
CUST21638,Amelia,Roberts,Male,1966-04-17,England,25/03/2022
CUST21639,Jack,Taylor,Female,1961-04-20,England,25/10/2024
CUST21640,Joseph,Davies,Female,1976-05-17,Wales,23/09/2022
CUST21641,Harry,Jones,Male,2006-02-18,England,10/08/2022
CUST21642,Sarah,Williams,Male,1991-02-20,England,12/04/2023
CUST21643,Elizabeth,Jones,Male,1981-08-07,England,05/06/2023
CUST21644,Harry,Wright,Female,1981-12-03,England,10/02/2025
CUST21645,David,White,Male,1996-07-27,England,28/05/2024
CUST21646,John,Smith,Male,1981-12-09,England,23/09/2022
CUST21647,Linda,Smith,Female,1991-02-26,Wales,05/06/2024
CUST21648,Thomas,Robinson,Male,1991-12-08,England,10/12/2023
CUST21649,Oliver,Jones,Female,1971-08-08,England,23/07/2023
CUST21650,Patricia,Wilson,Female,1991-09-01,England,02/05/2023
CUST21651,Michael,Smith,Female,1986-01-12,England,06/04/2024
CUST21652,Olivia,Williams,Male,1986-08-26,Wales,21/07/2022
CUST21653,Elizabeth,White,Male,1986-05-25,England,05/12/2024
CUST21654,Robert,Johnson,Male,1996-11-09,England,15/10/2024
CUST21655,Joseph,Thompson,Male,1981-10-11,England,22/11/2021
CUST21656,Amelia,Williams,Male,1991-11-19,England,07/07/2023
CUST21657,Olivia,Evans,Female,1981-11-26,England,18/01/2023
CUST21658,Harry,Robinson,Female,2001-09-17,England,22/08/2024
CUST21659,Jessica,Davies,Female,1956-03-06,England,07/07/2023
CUST21660,Michael,Roberts,Female,1976-04-10,England,13/02/2022
CUST21661,Robert,Johnson,Female,1991-11-20,England,05/01/2025
CUST21662,Emily,Wright,Female,1991-08-01,England,30/11/2022
CUST21663,Noah,Smith,Female,1991-11-17,England,14/05/2022
CUST21664,Sarah,Walker,Male,1976-10-21,England,04/08/2024
CUST21665,Emily,Johnson,Female,1981-08-10,England,03/06/2022
CUST21666,Jack,Robinson,Female,1976-02-15,England,03/09/2022
CUST21667,Susan,Jones,Female,1966-12-20,England,03/01/2025
CUST21668,Olivia,Wright,Male,1986-03-17,England,30/12/2022
CUST21669,Michael,Robinson,Female,1981-03-01,England,18/02/2025
CUST21670,George,Robinson,Male,1986-02-16,England,28/11/2023
CUST21671,James,White,Female,1981-01-07,England,04/05/2024
CUST21672,Jennifer,Wright,Female,1986-05-20,England,22/05/2022
CUST21673,Sarah,Thompson,Male,1976-11-08,England,13/12/2021
CUST21674,Harry,Wilson,Male,2006-11-27,Northern Ireland,16/04/2023
CUST21675,Jennifer,Roberts,Female,1996-06-04,England,04/08/2024
CUST21676,Jennifer,Wilson,Female,1996-04-25,England,02/01/2025
CUST21677,Harry,White,Female,1961-05-01,England,28/11/2021
CUST21678,Patricia,Robinson,Female,1986-12-19,England,01/09/2024
CUST21679,Jennifer,Williams,Female,1991-01-10,England,23/01/2025
CUST21680,Noah,Evans,Male,1991-01-06,England,19/01/2025
CUST21681,Linda,Roberts,Female,1986-01-06,England,11/09/2024
CUST21682,Emily,Roberts,Female,1971-11-02,England,22/03/2023
CUST21683,Noah,Walker,Male,1961-02-04,Northern Ireland,24/08/2022
CUST21684,David,Robinson,Male,1971-12-11,Scotland,26/07/2022
CUST21685,Isla,Wright,Female,1971-03-05,England,31/05/2022
CUST21686,Noah,Johnson,Male,1996-07-27,England,21/12/2024
CUST21687,Olivia,Roberts,Female,1996-12-23,England,07/12/2024
CUST21688,George,Davies,Male,1981-02-13,England,04/11/2024
CUST21689,Emily,Williams,Male,1981-04-03,Wales,10/11/2022
CUST21690,John,Brown,Male,1996-09-27,Wales,08/09/2021
CUST21691,Harry,Jones,Female,1976-10-20,England,10/01/2023
CUST21692,Mary,Davies,Female,1996-11-05,Scotland,05/10/2021
CUST21693,John,Williams,Male,1996-01-02,England,11/02/2025
CUST21694,David,Brown,Male,1991-10-17,England,19/10/2021
CUST21695,Linda,Williams,Female,1971-04-02,Northern Ireland,17/07/2023
CUST21696,Olivia,Thompson,Female,1976-07-17,Scotland,05/12/2022
CUST21697,Jack,Wilson,Female,1986-11-12,Wales,06/12/2024
CUST21698,Mary,Davies,Female,1971-11-24,England,22/06/2023
CUST21699,Patricia,White,Female,1971-03-11,Wales,09/05/2022
CUST21700,Olivia,Williams,Male,1991-06-13,England,11/02/2024
CUST21701,Isla,Thompson,Female,1976-04-15,England,23/12/2022
CUST21702,Elizabeth,Smith,Male,1996-08-27,England,20/01/2024
CUST21703,Karen,Williams,Female,1986-10-19,England,10/09/2024
CUST21704,Jessica,Thompson,Male,2001-04-19,England,20/02/2023
CUST21705,Patricia,Davies,Male,1991-02-09,England,09/01/2024
CUST21706,Jack,Robinson,Female,1986-01-14,England,06/01/2023
CUST21707,Karen,Taylor,Male,2006-01-06,England,04/10/2021
CUST21708,Richard,Jones,Female,1986-05-11,England,24/05/2023
CUST21709,Olivia,Taylor,Male,1981-12-23,England,01/08/2023
CUST21710,Emily,Davies,Female,1981-04-03,England,10/05/2023
CUST21711,Jennifer,Robinson,Male,2006-05-05,England,26/08/2022
CUST21712,David,Johnson,Female,2001-09-16,England,11/11/2023
CUST21713,Charles,Walker,Female,1991-08-22,England,25/01/2025
CUST21714,Noah,Davies,Male,1971-04-27,Scotland,12/05/2022
CUST21715,Charles,Taylor,Female,1971-02-16,England,06/05/2022
CUST21716,Michael,Robinson,Male,1991-02-18,England,24/07/2023
CUST21717,Barbara,Evans,Female,1976-03-08,Northern Ireland,04/08/2024
CUST21718,Thomas,Williams,Female,1981-02-12,England,22/08/2021
CUST21719,David,Evans,Female,1956-06-09,England,13/11/2021
CUST21720,Charles,Wilson,Male,2001-08-03,England,20/02/2023
CUST21721,Richard,Walker,Female,1986-09-11,England,27/06/2024
CUST21722,Sarah,Wilson,Female,1981-11-06,England,31/08/2024
CUST21723,Noah,White,Male,1991-04-16,Northern Ireland,27/12/2022
CUST21724,Michael,Walker,Male,2006-08-21,England,13/01/2025
CUST21725,Olivia,Jones,Female,2006-11-27,England,10/05/2024
CUST21726,Linda,Brown,Male,1986-01-24,Scotland,07/05/2023
CUST21727,Joseph,Walker,Male,1976-10-09,England,18/10/2022
CUST21728,James,Thompson,Male,1976-02-26,Wales,01/10/2021
CUST21729,William,Taylor,Female,1996-07-26,England,31/08/2021
CUST21730,Amelia,Williams,Female,1971-10-14,England,20/10/2022
CUST21731,William,Evans,Female,1991-06-06,England,11/06/2022
CUST21732,James,Smith,Female,1961-07-21,England,04/07/2023
CUST21733,David,Thompson,Male,2001-08-04,England,03/12/2024
CUST21734,Jennifer,Davies,Male,1971-07-10,England,15/02/2025
CUST21735,Robert,Thompson,Male,1966-09-15,England,09/09/2024
CUST21736,Jack,Wilson,Male,1971-11-24,England,06/01/2024
CUST21737,William,Davies,Female,1971-02-27,Wales,08/12/2023
CUST21738,Harry,Robinson,Male,1991-05-23,England,19/09/2021
CUST21739,Noah,Evans,Female,1976-11-14,Scotland,30/05/2022
CUST21740,Richard,Wilson,Female,1981-05-03,England,26/09/2022
CUST21741,Elizabeth,Wilson,Male,1991-06-22,England,11/07/2023
CUST21742,Joseph,Wright,Female,1956-09-24,England,04/11/2021
CUST21743,Jessica,Jones,Male,1996-12-13,Wales,27/12/2022
CUST21744,Noah,Robinson,Male,1991-04-15,England,05/10/2021
CUST21745,Michael,Roberts,Female,1966-12-23,England,17/11/2021
CUST21746,Patricia,Johnson,Female,1996-09-04,England,02/07/2023
CUST21747,Jessica,Johnson,Male,2001-01-22,Scotland,18/10/2024
CUST21748,Oliver,Davies,Female,1991-11-14,England,16/11/2022
CUST21749,Mary,Smith,Male,1976-05-19,England,04/10/2023
CUST21750,Mary,Walker,Female,1971-04-06,England,05/02/2024
CUST21751,Patricia,Thompson,Male,2001-07-17,England,03/09/2021
CUST21752,Jack,Thompson,Male,1981-07-08,England,08/05/2022
CUST21753,John,Walker,Female,1986-07-14,England,12/06/2023
CUST21754,Patricia,Johnson,Female,1981-01-15,England,31/03/2024
CUST21755,Karen,White,Male,1981-10-26,England,01/09/2021
CUST21756,Mary,White,Male,1961-05-19,Northern Ireland,19/12/2021
CUST21757,Jessica,Taylor,Female,1991-02-16,England,07/07/2023
CUST21758,Michael,Johnson,Female,1996-07-11,England,21/11/2023
CUST21759,Jennifer,Brown,Male,1981-08-10,England,13/05/2022
CUST21760,Jennifer,Thompson,Female,1991-02-18,England,16/03/2023
CUST21761,Jessica,Evans,Male,1986-12-24,England,09/08/2021
CUST21762,Jennifer,Williams,Female,2006-08-16,England,11/08/2021
CUST21763,David,Walker,Female,2001-12-18,England,01/04/2024
CUST21764,Jack,Johnson,Male,1966-09-09,England,10/12/2023
CUST21765,Robert,White,Male,2006-01-16,England,05/03/2024
CUST21766,Charles,Thompson,Male,1981-03-16,Wales,15/12/2024
CUST21767,Emily,Williams,Female,1976-12-19,England,23/07/2024
CUST21768,Sarah,Roberts,Male,2006-07-09,England,18/10/2022
CUST21769,Jessica,Wilson,Male,1996-02-10,Scotland,06/09/2022
CUST21770,Amelia,Taylor,Female,1991-01-10,England,25/09/2021
CUST21771,David,Thompson,Female,1986-07-12,England,08/03/2024
CUST21772,Mary,Jones,Male,1991-08-08,England,01/09/2021
CUST21773,Elizabeth,Robinson,Female,1981-03-06,England,19/10/2024
CUST21774,Amelia,Brown,Male,1996-03-14,England,22/04/2023
CUST21775,Elizabeth,Williams,Female,2006-08-24,England,28/11/2021
CUST21776,Jessica,Evans,Male,2006-06-01,England,18/02/2023
CUST21777,Olivia,Brown,Male,1991-01-18,England,15/03/2024
CUST21778,Charles,Wright,Female,1991-01-23,England,30/09/2021
CUST21779,Olivia,Walker,Male,1961-03-23,England,28/01/2025
CUST21780,David,White,Male,2006-07-24,England,27/07/2024
CUST21781,Olivia,Roberts,Female,1986-04-09,England,13/04/2022
CUST21782,Susan,Taylor,Female,1981-01-03,England,15/06/2023
CUST21783,Richard,Wright,Female,1976-11-27,Scotland,23/12/2024
CUST21784,John,Taylor,Male,1981-09-19,England,17/03/2022
CUST21785,Emily,Davies,Female,2006-08-10,Scotland,30/06/2022
CUST21786,Robert,Johnson,Female,1981-03-24,England,08/06/2022
CUST21787,George,Thompson,Female,1991-09-10,England,09/05/2023
CUST21788,Charles,Wilson,Female,1976-12-21,England,29/04/2022
CUST21789,William,Wilson,Male,1996-09-26,England,18/02/2023
CUST21790,Thomas,Johnson,Female,1976-04-21,England,23/11/2022
CUST21791,Susan,Roberts,Female,1981-05-18,England,23/08/2021
CUST21792,Elizabeth,Taylor,Female,1981-12-06,England,01/03/2023
CUST21793,Elizabeth,Evans,Male,2001-01-26,Wales,18/06/2023
CUST21794,Amelia,Roberts,Female,1981-03-12,England,09/01/2023
CUST21795,Jennifer,Williams,Male,1976-02-17,Scotland,18/11/2022
CUST21796,George,Thompson,Male,1986-08-17,England,22/01/2022
CUST21797,James,Johnson,Male,1991-06-07,Scotland,29/01/2023
CUST21798,Robert,Jones,Male,2001-02-17,England,10/09/2023
CUST21799,Elizabeth,Walker,Male,1996-12-11,England,24/12/2023
CUST21800,Joseph,Jones,Male,1976-07-10,England,24/12/2022
CUST21801,Robert,Brown,Female,1991-03-24,England,23/03/2023
CUST21802,Charles,Jones,Female,1976-12-20,England,19/09/2022
CUST21803,Karen,Thompson,Male,1976-09-14,England,07/07/2024
CUST21804,James,Thompson,Male,1981-02-01,England,26/01/2023
CUST21805,Oliver,Jones,Male,1981-10-20,England,18/05/2022
CUST21806,Emily,Davies,Female,1981-01-20,England,17/07/2023
CUST21807,Emily,Walker,Male,1986-11-05,England,01/08/2022
CUST21808,Linda,White,Female,1996-05-21,England,29/04/2023
CUST21809,Robert,Wright,Female,1971-04-11,England,18/08/2021
CUST21810,Barbara,Thompson,Female,1961-01-20,England,26/03/2024
CUST21811,Jessica,White,Female,1986-12-23,England,21/02/2024
CUST21812,Harry,Robinson,Female,1966-07-19,England,17/02/2023
CUST21813,Susan,Johnson,Female,1956-08-26,England,19/07/2024
CUST21814,Charles,Wright,Male,1986-11-03,England,29/10/2022
CUST21815,Richard,Evans,Female,1976-07-09,England,09/04/2022
CUST21816,William,Evans,Female,1981-04-02,England,23/03/2023
CUST21817,William,Jones,Male,1996-10-05,England,26/09/2022
CUST21818,Jennifer,Williams,Male,2006-07-11,Scotland,05/02/2022
CUST21819,George,Wright,Female,1986-03-01,Wales,28/10/2021
CUST21820,Patricia,Jones,Male,1976-11-11,England,06/06/2022
CUST21821,William,Evans,Male,1991-10-04,England,12/11/2022
CUST21822,Isla,Evans,Male,1976-03-04,England,14/08/2021
CUST21823,Noah,Johnson,Female,1981-08-23,England,15/08/2022
CUST21824,David,Thompson,Female,1976-12-21,England,14/03/2022
CUST21825,Elizabeth,Thompson,Male,1996-10-13,England,01/10/2022
CUST21826,Oliver,Evans,Male,1986-03-16,England,05/10/2023
CUST21827,James,Smith,Female,1996-11-08,England,25/04/2023
CUST21828,Elizabeth,Evans,Female,1996-01-14,England,23/07/2023
CUST21829,Patricia,Robinson,Male,2001-08-21,England,12/10/2023
CUST21830,Thomas,Davies,Male,2001-07-15,England,28/01/2023
CUST21831,Mary,White,Female,1996-01-22,England,27/02/2023
CUST21832,Oliver,Wright,Male,1981-09-14,England,14/04/2023
CUST21833,Isla,Johnson,Female,1986-04-10,England,16/06/2024
CUST21834,Michael,Brown,Male,1996-11-25,England,26/12/2023
CUST21835,Joseph,Smith,Male,1971-11-25,England,30/09/2023
CUST21836,George,White,Male,1986-08-07,England,24/08/2023
CUST21837,Jack,Jones,Male,1966-08-13,England,02/01/2022
CUST21838,Jessica,Evans,Male,1981-01-21,England,17/09/2023
CUST21839,David,Williams,Female,2006-11-08,England,23/03/2024
CUST21840,Harry,Jones,Male,1966-09-21,England,23/11/2024
CUST21841,Oliver,Brown,Female,1971-05-25,England,17/10/2023
CUST21842,Patricia,Wilson,Female,1981-02-07,Northern Ireland,19/06/2023
CUST21843,Harry,Brown,Male,1986-07-05,England,21/10/2024
CUST21844,Amelia,Davies,Male,1986-11-26,England,16/04/2023
CUST21845,James,Smith,Female,1986-11-27,England,03/02/2023
CUST21846,Sarah,Smith,Female,1976-02-24,England,03/03/2022
CUST21847,Amelia,Johnson,Female,1986-10-17,England,12/12/2024
CUST21848,Karen,Walker,Female,2001-01-03,England,23/12/2022
CUST21849,Thomas,Walker,Male,2006-05-25,England,17/09/2023
CUST21850,Emily,Brown,Female,2001-06-06,England,11/08/2024
CUST21851,Patricia,Taylor,Male,1996-01-05,Wales,06/08/2023
CUST21852,Thomas,Smith,Female,1991-02-20,England,24/09/2022
CUST21853,Elizabeth,Robinson,Female,1966-11-11,England,02/03/2023
CUST21854,Barbara,Davies,Male,1996-08-24,England,26/12/2021
CUST21855,Susan,Jones,Female,1991-10-24,England,29/03/2023
CUST21856,David,White,Male,1996-07-22,England,15/01/2023
CUST21857,Mary,Williams,Male,1986-06-23,England,20/10/2021
CUST21858,Susan,Smith,Female,1981-01-15,England,30/03/2023
CUST21859,Linda,Robinson,Male,1986-07-24,England,13/09/2024
CUST21860,Joseph,Walker,Male,1961-10-25,England,10/02/2022
CUST21861,Harry,Wilson,Female,1956-03-08,England,31/10/2024
CUST21862,Isla,Roberts,Male,1971-06-12,England,30/03/2024
CUST21863,Mary,Taylor,Female,1971-05-17,England,20/04/2022
CUST21864,Jack,Johnson,Female,1991-11-24,Northern Ireland,04/06/2024
CUST21865,Barbara,Robinson,Male,1981-02-11,England,15/02/2025
CUST21866,Olivia,Taylor,Female,1991-02-08,England,30/06/2022
CUST21867,Thomas,Wright,Male,1976-03-09,England,11/12/2024
CUST21868,David,Wright,Female,2001-02-22,England,20/11/2022
CUST21869,Sarah,Brown,Male,1996-11-15,England,19/03/2022
CUST21870,Emily,Roberts,Male,2006-04-07,Wales,23/03/2023
CUST21871,Barbara,Evans,Male,1981-05-20,England,29/12/2022
CUST21872,Emily,Roberts,Female,1981-04-18,England,25/12/2024
CUST21873,Patricia,Robinson,Female,2006-10-14,England,01/03/2022
CUST21874,Emily,Brown,Male,1986-08-17,England,10/12/2023
CUST21875,William,Davies,Male,1991-06-07,Scotland,02/10/2021
CUST21876,Barbara,Brown,Female,1976-10-05,England,04/09/2023
CUST21877,Oliver,Smith,Female,2006-01-22,Scotland,14/05/2023
CUST21878,Linda,Wilson,Female,2006-09-19,England,01/01/2023
CUST21879,Amelia,Brown,Male,1981-05-27,England,28/12/2021
CUST21880,Michael,Taylor,Male,1981-05-26,England,16/08/2024
CUST21881,Oliver,Robinson,Male,1971-02-10,England,18/05/2024
CUST21882,Joseph,Taylor,Male,1981-02-13,England,29/03/2023
CUST21883,David,Williams,Female,1961-09-23,England,10/07/2023
CUST21884,Jack,Johnson,Male,1991-11-01,England,26/10/2021
CUST21885,Noah,Walker,Male,1991-11-24,Northern Ireland,12/09/2021
CUST21886,Harry,Walker,Male,1961-03-05,England,07/07/2023
CUST21887,Noah,White,Female,2001-10-08,England,31/07/2024
CUST21888,James,Roberts,Male,1976-02-14,England,12/04/2022
CUST21889,Thomas,Taylor,Male,2006-10-20,England,22/02/2023
CUST21890,John,Thompson,Female,1986-07-10,England,30/10/2021
CUST21891,James,White,Male,2001-11-26,England,27/08/2023
CUST21892,Oliver,Thompson,Male,1981-01-22,England,05/11/2021
CUST21893,Isla,Jones,Male,1976-10-20,England,11/01/2022
CUST21894,Noah,Wilson,Female,2006-06-21,Wales,14/06/2022
CUST21895,Joseph,Thompson,Female,2001-07-01,England,26/11/2024
CUST21896,Noah,White,Male,1991-07-23,Scotland,02/10/2022
CUST21897,Jessica,Johnson,Female,1996-09-17,Northern Ireland,09/09/2022
CUST21898,Michael,Evans,Female,1991-08-06,England,20/07/2022
CUST21899,Karen,Thompson,Male,1961-05-22,England,18/11/2023
CUST21900,Richard,Thompson,Female,2001-06-03,Wales,08/04/2023
CUST21901,Olivia,White,Male,1991-01-17,England,16/08/2022
CUST21902,Jessica,Smith,Male,1986-09-16,England,09/06/2024
CUST21903,Olivia,Roberts,Male,1996-09-01,England,17/04/2024
CUST21904,John,Robinson,Female,1996-07-11,England,14/12/2023
CUST21905,Jack,Smith,Female,1976-09-04,England,27/01/2024
CUST21906,Noah,White,Female,1981-04-26,England,20/12/2022
CUST21907,Amelia,Smith,Male,1971-03-22,England,01/08/2022
CUST21908,George,Robinson,Male,1991-12-27,England,01/09/2021
CUST21909,Mary,Brown,Male,1981-12-14,England,18/06/2024
CUST21910,William,Thompson,Male,1966-11-09,England,05/05/2022
CUST21911,William,Wilson,Female,1971-01-26,England,11/11/2024
CUST21912,Oliver,Jones,Male,1966-07-09,England,29/08/2024
CUST21913,Olivia,Taylor,Male,1996-09-12,England,07/09/2021
CUST21914,Olivia,Evans,Female,1956-01-04,England,27/09/2023
CUST21915,Thomas,Johnson,Female,1971-12-23,Scotland,15/10/2022
CUST21916,William,Williams,Male,1976-10-04,England,12/06/2023
CUST21917,Patricia,Davies,Female,1981-04-01,England,27/07/2023
CUST21918,Elizabeth,Wright,Male,1956-07-23,England,25/09/2024
CUST21919,Emily,Taylor,Female,1986-11-23,England,06/04/2024
CUST21920,Olivia,Roberts,Male,1976-11-24,England,10/06/2023
CUST21921,Noah,Walker,Female,1976-10-24,England,28/09/2022
CUST21922,Thomas,Evans,Male,1976-12-04,England,03/05/2022
CUST21923,Thomas,Thompson,Male,1976-09-10,England,23/02/2023
CUST21924,Thomas,Smith,Female,1996-12-21,Scotland,11/02/2024
CUST21925,Harry,Taylor,Female,1991-12-09,England,14/08/2021
CUST21926,Harry,Davies,Male,1991-01-22,England,31/07/2023
CUST21927,Patricia,Brown,Male,1976-08-25,England,30/06/2023
CUST21928,Isla,Thompson,Female,1976-05-26,England,08/07/2023
CUST21929,Olivia,Davies,Female,1971-06-21,England,11/01/2022
CUST21930,Karen,Roberts,Female,1976-03-22,England,19/10/2021
CUST21931,Joseph,Davies,Female,1981-09-17,England,06/02/2024
CUST21932,Isla,Roberts,Male,2001-11-03,England,15/03/2023
CUST21933,Jack,Roberts,Female,1981-05-12,England,03/11/2023
CUST21934,Olivia,Williams,Male,1966-09-26,England,03/06/2022
CUST21935,Noah,Wilson,Female,1981-04-25,England,16/03/2024
CUST21936,Olivia,Wilson,Female,1966-09-07,England,15/08/2023
CUST21937,Charles,Roberts,Male,1956-01-21,England,10/10/2023
CUST21938,Michael,Thompson,Female,1991-11-09,Scotland,07/09/2024
CUST21939,Richard,Wilson,Female,1976-05-12,England,07/07/2024
CUST21940,Mary,Evans,Male,1986-07-18,England,09/12/2023
CUST21941,Emily,Walker,Male,1986-10-14,England,17/07/2023
CUST21942,George,Evans,Female,1996-01-17,England,28/07/2023
CUST21943,David,Williams,Female,1996-12-03,Northern Ireland,02/10/2021
CUST21944,Oliver,Jones,Male,1996-08-09,Scotland,25/08/2022
CUST21945,Susan,Jones,Female,1981-12-22,England,31/07/2022
CUST21946,Charles,Thompson,Male,2001-07-17,England,10/04/2022
CUST21947,Charles,Roberts,Female,1986-03-23,England,14/11/2022
CUST21948,Michael,Walker,Female,1986-07-27,England,08/04/2022
CUST21949,George,Brown,Male,1986-07-10,England,23/11/2022
CUST21950,Linda,Johnson,Male,1971-12-08,England,01/12/2024
CUST21951,George,Evans,Male,1986-07-09,Northern Ireland,23/09/2021
CUST21952,Susan,Jones,Male,2001-05-16,Wales,19/11/2023
CUST21953,Olivia,Johnson,Male,1956-03-07,England,06/10/2024
CUST21954,Karen,Johnson,Female,1971-04-11,Wales,23/12/2024
CUST21955,Linda,Jones,Female,1981-07-05,England,01/06/2024
CUST21956,Michael,Evans,Male,1976-05-11,England,31/05/2023
CUST21957,Susan,Wright,Male,2001-05-26,England,26/11/2024
CUST21958,Amelia,White,Male,1976-01-12,England,16/08/2024
CUST21959,David,Taylor,Female,1996-12-21,England,06/02/2025
CUST21960,Jack,Davies,Male,1986-11-12,England,29/02/2024
CUST21961,George,Walker,Male,2001-04-12,England,12/09/2024
CUST21962,Robert,White,Male,1976-02-18,England,08/12/2023
CUST21963,Linda,Johnson,Male,1996-11-03,Northern Ireland,21/08/2024
CUST21964,Patricia,Roberts,Female,1996-11-10,England,12/02/2023
CUST21965,Richard,Taylor,Male,2001-11-04,England,14/01/2022
CUST21966,Harry,Williams,Male,1976-07-06,England,11/05/2023
CUST21967,Olivia,Evans,Female,1996-09-20,England,07/07/2024
CUST21968,John,Davies,Male,1986-09-05,England,16/10/2022
CUST21969,Patricia,Jones,Female,1991-03-06,England,21/10/2022
CUST21970,James,Williams,Female,1976-07-16,England,28/04/2022
CUST21971,Joseph,Evans,Male,1996-04-10,England,08/11/2023
CUST21972,Noah,Williams,Female,1961-10-04,England,14/03/2024
CUST21973,Patricia,Robinson,Male,1991-12-26,England,11/11/2021
CUST21974,Sarah,Evans,Male,2001-01-25,England,05/08/2021
CUST21975,Richard,Taylor,Female,1996-01-16,England,14/05/2022
CUST21976,Robert,Johnson,Female,2006-04-15,England,23/12/2024
CUST21977,Isla,Johnson,Male,1986-02-22,England,26/07/2022
CUST21978,Charles,Smith,Female,1996-01-27,England,04/09/2022
CUST21979,Jessica,Wright,Male,1966-12-03,Northern Ireland,21/09/2023
CUST21980,Joseph,White,Male,1986-07-03,England,18/04/2024
CUST21981,Jessica,Thompson,Male,1996-10-09,England,21/06/2022
CUST21982,Robert,Williams,Female,1986-07-09,England,16/07/2022
CUST21983,Jack,Robinson,Male,1996-09-25,England,08/04/2024
CUST21984,Richard,Davies,Male,2001-09-14,England,27/02/2022
CUST21985,Linda,Brown,Male,1991-02-22,England,03/12/2022
CUST21986,Jessica,Davies,Male,2001-02-19,England,12/12/2021
CUST21987,George,Robinson,Female,1996-06-20,England,12/09/2021
CUST21988,David,Evans,Male,1966-05-26,England,22/09/2021
CUST21989,William,Thompson,Male,1981-11-16,England,26/11/2023
CUST21990,Linda,Smith,Female,1966-04-21,England,09/02/2022
CUST21991,David,Davies,Male,1996-04-08,England,02/01/2023
CUST21992,John,Johnson,Male,1971-07-08,England,23/06/2024
CUST21993,Isla,Wright,Male,1991-03-16,England,27/09/2023
CUST21994,Patricia,Walker,Male,2001-11-25,England,11/05/2024
CUST21995,William,Williams,Male,1971-01-02,England,12/07/2024
CUST21996,Patricia,Thompson,Female,2006-11-14,England,19/01/2025
CUST21997,Isla,Roberts,Male,1991-08-06,England,24/10/2024
CUST21998,Patricia,Williams,Female,1971-11-24,England,27/03/2023
CUST21999,Patricia,Smith,Male,1981-04-14,England,02/07/2023
CUST22000,Charles,Thompson,Male,1986-11-02,England,07/09/2022
CUST22001,Patricia,Wright,Female,1991-11-01,England,17/03/2024
CUST22002,David,Williams,Female,2006-06-18,England,25/11/2021
CUST22003,Susan,Thompson,Male,1956-04-07,England,07/02/2023
CUST22004,Patricia,Thompson,Female,2001-03-02,England,19/08/2021
CUST22005,Robert,Smith,Male,1996-02-05,England,03/11/2023
CUST22006,Richard,Wright,Male,1996-07-05,England,09/04/2022
CUST22007,Richard,Davies,Male,1966-12-10,England,12/04/2023
CUST22008,Amelia,Smith,Male,1976-07-20,England,26/12/2024
CUST22009,Robert,Thompson,Male,1986-12-24,Scotland,22/08/2022
CUST22010,William,Thompson,Male,1961-10-15,England,03/09/2022
CUST22011,Barbara,Robinson,Male,2006-09-26,England,17/12/2024
CUST22012,Amelia,Johnson,Male,1966-09-22,England,30/08/2022
CUST22013,Jennifer,Williams,Male,2006-12-05,Wales,02/04/2022
CUST22014,Olivia,Wright,Female,1991-11-20,England,26/12/2023
CUST22015,Jack,Williams,Male,2006-02-07,England,09/01/2023
CUST22016,Olivia,Walker,Female,1956-08-27,England,08/10/2023
CUST22017,Susan,Wilson,Male,1966-06-23,England,25/01/2025
CUST22018,Karen,Walker,Female,1981-11-02,England,03/07/2022
CUST22019,Mary,Wilson,Male,1996-03-05,England,19/01/2022
CUST22020,Susan,Thompson,Male,1996-10-12,England,19/04/2023
CUST22021,Jack,Wright,Male,1986-06-21,England,04/11/2024
CUST22022,Susan,Williams,Male,1991-12-15,England,11/06/2022
CUST22023,Elizabeth,Wilson,Female,2006-10-03,England,03/10/2024
CUST22024,William,Evans,Male,1981-05-17,England,09/08/2023
CUST22025,Isla,Johnson,Female,1981-11-18,England,30/09/2022
CUST22026,James,Walker,Male,1966-03-26,England,21/02/2022
CUST22027,Noah,Brown,Female,1986-01-08,Wales,15/11/2024
CUST22028,Karen,Smith,Female,1991-07-02,England,07/06/2024
CUST22029,Charles,Taylor,Female,1986-05-21,England,11/01/2025
CUST22030,Patricia,Williams,Female,1996-02-19,England,09/01/2025
CUST22031,Isla,Taylor,Male,1981-12-15,England,27/12/2021
CUST22032,Jack,Thompson,Female,1976-01-19,England,09/12/2021
CUST22033,Linda,Williams,Male,2001-08-05,England,16/01/2025
CUST22034,Karen,Jones,Female,1991-04-04,England,21/11/2022
CUST22035,William,Williams,Male,1971-04-11,England,03/04/2022
CUST22036,Mary,Taylor,Male,1986-03-25,Northern Ireland,13/05/2024
CUST22037,Charles,Jones,Female,1986-05-14,England,15/12/2024
CUST22038,David,Roberts,Female,1976-09-18,England,07/08/2021
CUST22039,Karen,Davies,Female,1981-04-27,England,17/11/2023
CUST22040,Richard,Walker,Male,2006-09-09,England,29/05/2024
CUST22041,James,Smith,Male,1971-06-13,Wales,04/08/2024
CUST22042,Jessica,Walker,Male,1966-10-19,England,12/01/2022
CUST22043,Patricia,Robinson,Female,2006-06-05,England,04/03/2022
CUST22044,George,Roberts,Male,2001-05-11,England,12/03/2024
CUST22045,Michael,Walker,Male,1976-07-15,England,01/09/2021
CUST22046,Sarah,Johnson,Male,1981-09-09,England,23/08/2023
CUST22047,Richard,Jones,Female,1991-06-06,England,05/03/2023
CUST22048,Sarah,Williams,Male,1986-11-12,England,17/04/2023
CUST22049,James,Wright,Female,1976-07-24,England,10/08/2022
CUST22050,Mary,Williams,Male,1986-04-12,England,05/01/2024
CUST22051,Sarah,Robinson,Male,2001-01-23,England,09/02/2025
CUST22052,Joseph,White,Female,2001-05-19,England,04/11/2023
CUST22053,Susan,Thompson,Male,1986-01-04,Scotland,06/02/2025
CUST22054,Olivia,Taylor,Female,1966-01-25,England,18/02/2024
CUST22055,Karen,Evans,Female,1986-05-16,England,12/09/2024
CUST22056,Mary,Walker,Female,1991-04-16,England,05/03/2024
CUST22057,Joseph,Johnson,Male,1966-11-19,England,21/02/2022
CUST22058,Patricia,Wilson,Female,1991-09-02,England,13/08/2024
CUST22059,Oliver,White,Male,1986-10-07,England,11/05/2022
CUST22060,Karen,Wilson,Male,2001-07-22,England,13/02/2022
CUST22061,Barbara,Wright,Male,1976-02-17,England,02/08/2022
CUST22062,Barbara,Roberts,Male,1976-11-11,England,08/03/2024
CUST22063,Oliver,Walker,Female,1976-06-13,England,06/03/2024
CUST22064,Emily,Thompson,Female,1991-06-17,England,17/06/2022
CUST22065,Michael,Jones,Male,1986-08-14,England,11/09/2021
CUST22066,Karen,Evans,Male,2001-02-13,England,16/01/2024
CUST22067,Charles,Roberts,Male,1961-06-15,England,28/01/2022
CUST22068,Richard,Wilson,Male,2001-08-08,England,27/03/2022
CUST22069,Olivia,White,Male,1981-09-16,England,14/01/2022
CUST22070,Harry,White,Male,1976-07-19,England,25/02/2022
CUST22071,John,Roberts,Female,2001-12-20,England,08/04/2022
CUST22072,Michael,Davies,Male,1991-12-17,England,21/06/2023
CUST22073,George,Williams,Female,2006-02-13,England,20/12/2021
CUST22074,Olivia,Johnson,Female,1986-01-18,England,31/10/2023
CUST22075,John,Jones,Male,1956-07-20,England,01/06/2023
CUST22076,Susan,Johnson,Male,1991-10-09,England,29/03/2024
CUST22077,David,Williams,Female,1956-07-14,England,10/06/2024
CUST22078,John,Roberts,Female,2001-03-19,England,09/02/2022
CUST22079,Amelia,Brown,Male,1991-07-18,England,28/11/2021
CUST22080,Charles,Smith,Male,1966-12-14,England,20/02/2024
CUST22081,Elizabeth,Jones,Female,1971-03-08,England,23/05/2024
CUST22082,Barbara,Brown,Male,1991-06-25,England,10/11/2022
CUST22083,David,Brown,Female,1981-08-15,England,20/09/2021
CUST22084,Barbara,Walker,Male,1966-05-15,England,09/08/2021
CUST22085,Barbara,Johnson,Male,1976-01-13,England,18/03/2022
CUST22086,Mary,Davies,Male,1981-09-21,England,25/11/2021
CUST22087,George,Brown,Female,2001-09-09,Scotland,13/01/2022
CUST22088,Jennifer,Wilson,Male,2006-08-26,England,13/06/2022
CUST22089,George,Jones,Female,1981-08-02,England,08/10/2023
CUST22090,David,Williams,Male,1986-08-01,England,23/08/2021
CUST22091,Karen,Brown,Female,1996-04-14,England,24/05/2024
CUST22092,William,Brown,Female,1996-01-24,Wales,05/12/2021
CUST22093,William,Jones,Male,1991-12-01,England,17/02/2022
CUST22094,Jack,Brown,Male,1986-03-19,England,26/11/2024
CUST22095,Sarah,Thompson,Female,1991-10-11,England,02/11/2024
CUST22096,Noah,Brown,Male,1991-07-01,England,26/12/2024
CUST22097,Richard,Wilson,Male,2001-07-11,England,31/10/2021
CUST22098,Olivia,Roberts,Male,1971-01-18,Scotland,13/09/2021
CUST22099,Jennifer,Brown,Female,1981-12-18,England,16/06/2024
CUST22100,William,Taylor,Female,2001-07-23,England,05/12/2023
CUST22101,Amelia,Evans,Male,1991-10-27,England,08/10/2024
CUST22102,Olivia,Jones,Female,1991-10-02,Scotland,20/06/2022
CUST22103,David,Thompson,Female,1981-02-24,England,26/08/2022
CUST22104,Thomas,Taylor,Female,1981-12-01,England,25/11/2022
CUST22105,Jessica,Smith,Female,1981-08-27,England,07/08/2024
CUST22106,Elizabeth,Walker,Male,1976-03-21,England,26/01/2024
CUST22107,William,Wright,Male,2001-07-26,England,16/06/2024
CUST22108,Barbara,Wilson,Female,1991-08-02,England,11/08/2021
CUST22109,Sarah,Williams,Male,2006-08-03,England,20/06/2024
CUST22110,Harry,Wright,Male,1986-04-27,England,28/11/2024
CUST22111,Susan,White,Female,1991-12-08,England,11/09/2021
CUST22112,Karen,Taylor,Male,1976-03-11,England,01/12/2022
CUST22113,Olivia,Walker,Male,2001-06-09,Scotland,27/01/2025
CUST22114,Harry,Evans,Male,1981-11-05,England,01/09/2022
CUST22115,William,Davies,Male,1991-01-02,England,06/12/2024
CUST22116,David,Evans,Male,1991-05-04,England,12/09/2024
CUST22117,Olivia,Walker,Male,1976-06-23,England,05/11/2022
CUST22118,George,Wright,Male,2006-10-01,England,16/08/2022
CUST22119,Jennifer,Evans,Male,1991-10-25,Wales,17/11/2023
CUST22120,William,Davies,Male,1991-10-06,Wales,19/02/2025
CUST22121,Linda,Brown,Female,1976-05-17,England,15/08/2023
CUST22122,Elizabeth,Thompson,Female,1996-06-07,England,28/11/2021
CUST22123,David,Thompson,Male,1961-01-25,England,02/10/2024
CUST22124,Isla,Walker,Male,1956-10-02,Wales,13/04/2022
CUST22125,William,Smith,Female,1971-04-20,England,28/09/2022
CUST22126,George,Jones,Female,1996-06-26,England,19/08/2023
CUST22127,David,Wright,Male,1981-09-12,England,01/05/2022
CUST22128,Patricia,Jones,Female,2001-10-13,England,05/06/2024
CUST22129,William,Taylor,Male,1971-02-05,England,01/05/2023
CUST22130,Charles,Williams,Male,1986-10-24,England,11/08/2023
CUST22131,Jack,Williams,Female,2001-05-26,England,10/08/2023
CUST22132,Linda,Walker,Male,1991-06-14,England,09/12/2022
CUST22133,Harry,Robinson,Female,1971-02-19,England,17/08/2024
CUST22134,Isla,Jones,Male,1971-09-21,England,19/11/2023
CUST22135,Patricia,Wright,Male,1986-06-10,England,22/12/2021
CUST22136,James,Thompson,Male,1986-02-01,England,14/11/2024
CUST22137,David,Brown,Female,1976-02-04,England,14/09/2021
CUST22138,Sarah,Johnson,Female,1971-09-25,England,03/01/2023
CUST22139,Robert,Wilson,Male,1976-02-22,England,09/07/2023
CUST22140,Mary,Davies,Male,1991-07-03,England,27/09/2021
CUST22141,Emily,Brown,Male,1981-09-22,England,23/10/2021
CUST22142,Joseph,Jones,Male,1971-11-24,England,19/11/2024
CUST22143,Harry,Taylor,Male,2001-02-15,England,21/03/2022
CUST22144,Noah,Thompson,Male,1991-04-13,England,12/01/2025
CUST22145,Sarah,Davies,Male,2006-02-27,England,12/11/2024
CUST22146,Barbara,Smith,Female,1991-11-24,England,25/05/2023
CUST22147,David,Wright,Male,1976-08-11,England,13/05/2023
CUST22148,Harry,Davies,Female,1996-12-13,England,16/02/2023
CUST22149,Emily,Wright,Male,1986-01-26,England,21/08/2024
CUST22150,David,Walker,Male,2006-09-25,England,16/08/2024
CUST22151,Sarah,Wright,Female,1966-01-18,England,15/04/2024
CUST22152,Linda,Wright,Male,1971-02-18,England,31/03/2022
CUST22153,Jack,Taylor,Female,1986-06-20,England,21/08/2021
CUST22154,Jack,Taylor,Male,1976-05-08,England,21/08/2024
CUST22155,Olivia,Johnson,Male,2001-05-25,England,15/12/2024
CUST22156,Sarah,Brown,Female,1971-01-08,England,27/12/2022
CUST22157,William,Evans,Female,1976-07-23,England,25/12/2022
CUST22158,George,Walker,Male,2001-05-23,Scotland,18/10/2021
CUST22159,Elizabeth,Williams,Female,1956-12-08,England,03/10/2021
CUST22160,Charles,White,Male,2006-10-22,England,12/02/2024
CUST22161,James,Taylor,Female,1981-06-24,England,28/01/2025
CUST22162,David,Johnson,Male,2001-10-14,England,01/07/2022
CUST22163,Olivia,Williams,Male,1976-07-15,England,05/08/2024
CUST22164,Joseph,Williams,Male,2006-06-14,England,14/11/2024
CUST22165,Olivia,Evans,Male,2001-12-02,Scotland,26/04/2023
CUST22166,Jessica,Wright,Male,1986-08-15,England,22/06/2022
CUST22167,Jennifer,Evans,Male,1956-06-19,England,07/08/2021
CUST22168,David,White,Male,1996-07-16,England,12/06/2023
CUST22169,Amelia,Johnson,Male,1981-10-14,England,23/12/2022
CUST22170,John,Wilson,Male,1986-09-14,England,16/09/2021
CUST22171,Linda,Johnson,Female,1971-07-15,England,27/10/2024
CUST22172,Jack,Taylor,Female,1996-03-26,England,14/05/2023
CUST22173,Jessica,Robinson,Male,1986-08-12,England,13/08/2022
CUST22174,Joseph,White,Male,1961-06-07,England,12/10/2023
CUST22175,James,Smith,Female,1991-12-02,England,17/01/2025
CUST22176,Linda,Johnson,Male,1986-11-24,Scotland,28/07/2024
CUST22177,Olivia,Robinson,Male,1966-01-05,England,24/10/2024
CUST22178,Charles,Johnson,Male,1991-12-12,England,24/01/2022
CUST22179,Karen,White,Female,1991-11-21,England,03/06/2022
CUST22180,William,White,Male,1991-11-05,England,07/05/2022
CUST22181,Barbara,White,Male,1971-06-07,Wales,15/12/2022
CUST22182,James,Jones,Female,1966-04-18,England,17/09/2021
CUST22183,Mary,Davies,Female,1981-08-17,England,07/04/2023
CUST22184,Olivia,Walker,Male,1981-11-07,England,22/07/2022
CUST22185,Emily,Thompson,Male,1991-06-15,Wales,07/10/2021
CUST22186,Linda,Taylor,Female,2006-12-20,England,10/01/2024
CUST22187,George,Roberts,Female,2001-04-06,Scotland,28/06/2023
CUST22188,John,Wilson,Male,2001-11-12,England,14/09/2021
CUST22189,Charles,Brown,Male,2001-01-08,Wales,05/02/2025
CUST22190,Noah,Taylor,Male,1981-11-26,England,30/03/2024
CUST22191,Jack,Walker,Male,2001-12-11,England,30/07/2024
CUST22192,Karen,Williams,Male,2001-09-24,England,17/06/2023
CUST22193,Richard,Robinson,Female,1991-08-24,England,10/08/2023
CUST22194,Jennifer,Davies,Male,1996-05-05,England,06/06/2023
CUST22195,Karen,Roberts,Male,2001-11-26,England,16/02/2024
CUST22196,Emily,Davies,Female,2001-02-02,England,26/03/2024
CUST22197,Joseph,Roberts,Female,1996-04-11,England,03/03/2022
CUST22198,Jessica,Smith,Male,1986-02-05,England,19/08/2024
CUST22199,Linda,Roberts,Male,1976-04-02,England,14/03/2024
CUST22200,Sarah,Brown,Female,1971-07-15,England,08/12/2021
CUST22201,Robert,Williams,Female,1976-05-17,England,11/12/2021
CUST22202,Amelia,Davies,Male,1981-06-16,England,07/04/2024
CUST22203,Thomas,Wilson,Male,1966-03-12,England,25/10/2024
CUST22204,Thomas,Robinson,Male,1986-05-22,England,26/01/2024
CUST22205,Joseph,Smith,Female,1981-06-14,England,26/02/2022
CUST22206,Elizabeth,Williams,Female,1991-03-15,England,28/02/2023
CUST22207,Michael,Johnson,Male,1991-12-12,England,25/11/2021
CUST22208,Amelia,Brown,Female,1991-11-06,England,14/02/2023
CUST22209,Joseph,Wilson,Female,2001-11-18,Scotland,30/12/2023
CUST22210,Noah,Wright,Female,1976-01-23,Scotland,03/11/2022
CUST22211,Emily,White,Female,2006-06-09,England,31/08/2024
CUST22212,James,Brown,Male,1981-10-13,England,26/07/2023
CUST22213,Jack,Brown,Male,1971-05-25,England,29/09/2024
CUST22214,Linda,Johnson,Male,1986-03-06,England,25/09/2022
CUST22215,Barbara,Roberts,Female,2006-08-12,England,17/12/2023
CUST22216,Jessica,Wright,Female,1991-01-08,England,08/12/2022
CUST22217,Jennifer,Taylor,Female,1991-08-10,Scotland,21/02/2022
CUST22218,Richard,Johnson,Male,1956-06-13,England,15/08/2024
CUST22219,Joseph,Thompson,Male,1976-09-25,England,03/12/2023
CUST22220,Thomas,Johnson,Female,1976-09-01,England,13/02/2024
CUST22221,William,Walker,Male,1986-07-10,England,04/06/2023
CUST22222,Richard,Thompson,Male,1976-08-24,England,06/11/2021
CUST22223,Jennifer,Robinson,Female,1976-01-03,Scotland,29/06/2023
CUST22224,Jessica,Wilson,Male,2006-12-14,England,07/01/2025
CUST22225,Jessica,Smith,Male,1996-01-05,Scotland,23/05/2022
CUST22226,Richard,Robinson,Female,2006-12-16,England,28/03/2023
CUST22227,Charles,White,Female,1986-12-20,Wales,02/01/2024
CUST22228,Isla,Johnson,Female,1971-09-18,England,10/07/2022
CUST22229,Amelia,Taylor,Male,1981-09-16,England,05/09/2024
CUST22230,Karen,Smith,Male,1986-01-21,England,14/03/2023
CUST22231,Oliver,Wright,Female,1966-12-15,England,25/01/2022
CUST22232,Susan,Jones,Female,2001-07-17,England,07/08/2024
CUST22233,Charles,Taylor,Female,2006-05-03,England,22/08/2024
CUST22234,Mary,Roberts,Male,1966-09-01,England,20/09/2022
CUST22235,Olivia,Wilson,Male,1966-07-05,Scotland,03/07/2024
CUST22236,James,White,Male,1981-05-15,England,28/03/2023
CUST22237,Jennifer,Robinson,Male,1996-04-11,Scotland,25/03/2022
CUST22238,Amelia,Brown,Female,1961-02-10,England,08/06/2023
CUST22239,Jessica,Taylor,Male,1976-11-13,Wales,19/07/2024
CUST22240,Richard,Evans,Female,1981-08-27,England,29/12/2023
CUST22241,Susan,Jones,Female,1996-04-11,England,01/07/2022
CUST22242,Jessica,Wright,Female,1986-09-12,England,28/08/2023
CUST22243,Sarah,Roberts,Male,1971-09-14,England,24/05/2022
CUST22244,Patricia,Wright,Male,1971-02-21,England,05/12/2021
CUST22245,David,Wilson,Male,1986-03-20,England,13/11/2024
CUST22246,Linda,Wilson,Male,1986-03-27,Wales,26/09/2023
CUST22247,Linda,Williams,Male,1976-02-18,England,10/08/2023
CUST22248,Isla,Johnson,Male,1986-10-26,England,08/10/2022
CUST22249,William,Thompson,Male,1991-02-17,England,07/10/2022
CUST22250,William,Williams,Female,2001-10-15,Northern Ireland,26/09/2022
CUST22251,Harry,Robinson,Female,2001-07-16,England,06/06/2022
CUST22252,Linda,Williams,Male,1976-02-13,England,27/08/2023
CUST22253,William,Smith,Female,2006-11-06,Wales,22/03/2023
CUST22254,Oliver,Wilson,Female,2006-03-10,England,04/05/2022
CUST22255,Robert,Davies,Male,1966-12-17,England,31/10/2023
CUST22256,William,Robinson,Male,1976-01-17,England,22/02/2025
CUST22257,Jessica,Williams,Male,2006-08-05,Scotland,09/04/2022
CUST22258,Michael,Wilson,Male,1991-04-22,England,19/01/2025
CUST22259,Mary,Brown,Female,1976-07-20,England,10/06/2022
CUST22260,Susan,White,Female,1991-11-15,England,09/07/2023
CUST22261,Jack,Evans,Female,1986-10-13,England,11/10/2023
CUST22262,Richard,Wright,Female,1986-04-16,England,27/10/2024
CUST22263,David,Smith,Male,1996-01-16,England,31/08/2022
CUST22264,Amelia,Davies,Male,1976-04-12,England,29/10/2024
CUST22265,William,Smith,Male,2001-10-24,England,29/03/2023
CUST22266,George,Wright,Male,1986-07-05,Scotland,28/11/2022
CUST22267,Isla,Brown,Male,2001-10-11,England,08/10/2022
CUST22268,Robert,Thompson,Male,2006-06-11,Scotland,10/10/2022
CUST22269,James,White,Male,2001-07-03,Scotland,29/10/2022
CUST22270,Linda,Wilson,Male,1971-01-03,Northern Ireland,08/10/2021
CUST22271,Joseph,Robinson,Male,2001-01-25,Wales,01/03/2024
CUST22272,Charles,Davies,Female,1996-09-21,England,08/02/2023
CUST22273,John,Wright,Female,2001-03-10,England,10/08/2022
CUST22274,Sarah,Brown,Female,1976-05-08,England,08/01/2024
CUST22275,Joseph,Jones,Male,1986-05-11,England,11/04/2024
CUST22276,Emily,Wright,Female,1961-08-20,England,14/07/2022
CUST22277,Oliver,Johnson,Female,1981-12-08,England,12/02/2022
CUST22278,Mary,Jones,Female,1986-10-02,England,08/04/2022
CUST22279,Jessica,Evans,Male,1981-08-12,England,03/06/2022
CUST22280,James,Roberts,Female,2006-11-17,England,14/03/2022
CUST22281,James,Wright,Female,1961-07-15,England,06/09/2023
CUST22282,Jack,White,Female,1961-02-05,Wales,08/03/2024
CUST22283,Barbara,Smith,Male,1996-06-23,England,02/07/2024
CUST22284,Charles,Williams,Male,1981-12-18,England,25/10/2024
CUST22285,James,Wilson,Male,1996-10-20,England,05/01/2024
CUST22286,Susan,Smith,Male,1986-05-26,England,28/10/2023
CUST22287,Olivia,Wilson,Male,1976-04-14,England,01/10/2021
CUST22288,Barbara,White,Male,1966-12-16,England,05/02/2025
CUST22289,James,Johnson,Female,1991-02-21,England,20/11/2024
CUST22290,Patricia,Evans,Male,1976-12-21,England,14/06/2023
CUST22291,Jessica,Johnson,Male,1976-09-23,England,01/11/2022
CUST22292,Mary,Brown,Female,1996-10-20,England,16/02/2025
CUST22293,John,Davies,Male,1981-04-02,England,09/11/2021
CUST22294,Jack,Johnson,Male,1981-08-10,England,26/04/2023
CUST22295,Thomas,Roberts,Male,1976-04-16,England,18/02/2022
CUST22296,Elizabeth,Johnson,Female,1956-01-13,Scotland,02/04/2023
CUST22297,David,Brown,Male,2006-06-02,England,29/06/2024
CUST22298,Olivia,Wilson,Female,1996-12-08,England,13/03/2022
CUST22299,Isla,Williams,Female,2001-03-09,Wales,24/07/2023
CUST22300,Joseph,Evans,Female,2001-02-01,England,15/04/2023
CUST22301,Oliver,Brown,Female,1986-12-21,England,31/01/2024
CUST22302,Patricia,Evans,Male,1971-11-11,England,15/06/2022
CUST22303,Patricia,Davies,Female,1986-11-22,England,19/05/2023
CUST22304,John,Brown,Female,1981-12-24,Scotland,18/05/2022
CUST22305,Jennifer,Johnson,Female,1991-12-24,England,26/08/2023
CUST22306,Linda,Evans,Female,1991-12-25,England,18/12/2023
CUST22307,Jack,Williams,Female,1971-12-14,England,28/09/2024
CUST22308,Elizabeth,Wright,Male,1981-09-07,England,31/01/2023
CUST22309,George,Williams,Male,1991-04-03,England,27/11/2022
CUST22310,Susan,Evans,Female,1966-06-17,England,11/08/2022
CUST22311,Michael,White,Male,1986-05-04,Wales,09/09/2021
CUST22312,Sarah,Thompson,Male,1996-07-07,Scotland,11/06/2022
CUST22313,James,Wright,Male,1986-09-07,Scotland,13/11/2023
CUST22314,Susan,Wilson,Male,1981-03-08,England,01/03/2022
CUST22315,Emily,Evans,Male,1991-01-11,England,07/01/2024
CUST22316,Jennifer,White,Female,1971-08-09,England,01/12/2024
CUST22317,Susan,Robinson,Male,1986-12-15,England,23/02/2023
CUST22318,Barbara,Thompson,Female,1986-11-26,Scotland,25/07/2024
CUST22319,Michael,Wright,Male,1971-01-18,England,23/09/2024
CUST22320,Harry,Brown,Male,1986-08-19,England,11/02/2023
CUST22321,Joseph,Johnson,Male,1991-07-05,Wales,20/01/2024
CUST22322,Joseph,Evans,Male,2001-06-04,England,18/11/2022
CUST22323,David,White,Male,1991-09-06,England,02/08/2022
CUST22324,Thomas,Thompson,Male,1991-06-23,England,05/05/2024
CUST22325,Olivia,Jones,Female,1996-11-05,England,29/11/2022
CUST22326,William,Wright,Female,1981-11-27,Wales,15/05/2024
CUST22327,Sarah,Davies,Female,2001-08-21,England,07/07/2022
CUST22328,John,Brown,Male,1996-06-23,England,11/04/2024
CUST22329,Jessica,Jones,Female,1986-08-09,England,17/02/2024
CUST22330,Amelia,Robinson,Male,1996-11-05,Northern Ireland,18/11/2023
CUST22331,Linda,Thompson,Male,1981-04-05,England,25/04/2023
CUST22332,Jennifer,Roberts,Male,1976-11-24,England,20/09/2024
CUST22333,Jessica,Brown,Male,1991-08-12,England,30/12/2021
CUST22334,David,White,Female,2001-01-12,England,08/08/2022
CUST22335,Jessica,Jones,Female,1986-09-07,Wales,07/11/2023
CUST22336,Barbara,Wilson,Male,2001-03-10,Wales,10/08/2024
CUST22337,Barbara,Davies,Male,1986-07-10,England,23/02/2023
CUST22338,George,Evans,Female,1976-12-21,England,30/05/2022
CUST22339,Karen,Wilson,Male,1981-10-23,England,20/03/2024
CUST22340,Charles,Wilson,Male,1986-09-13,Scotland,29/12/2022
CUST22341,Sarah,Roberts,Male,1961-01-10,England,02/05/2023
CUST22342,Oliver,Williams,Female,2001-11-13,England,06/02/2025
CUST22343,Charles,Brown,Female,1966-05-05,England,18/01/2022
CUST22344,Charles,Evans,Female,1971-01-02,England,05/05/2022
CUST22345,Isla,Williams,Male,1991-12-07,Northern Ireland,07/10/2023
CUST22346,Isla,Johnson,Female,2001-03-01,England,15/06/2024
CUST22347,Noah,Evans,Male,2001-04-01,England,26/12/2023
CUST22348,Harry,Jones,Female,1966-02-07,England,01/04/2022
CUST22349,George,Jones,Male,1996-08-25,England,15/11/2023
CUST22350,Oliver,Smith,Male,1971-11-05,England,29/12/2021
CUST22351,Oliver,Walker,Female,1986-07-19,England,23/02/2023
CUST22352,Isla,Johnson,Female,1986-11-04,Scotland,07/01/2023
CUST22353,Harry,Wilson,Male,1981-12-13,England,20/12/2024
CUST22354,Joseph,Taylor,Male,1996-11-17,England,19/05/2022
CUST22355,Mary,Brown,Male,1991-02-16,England,29/08/2022
CUST22356,Emily,Taylor,Male,1966-03-22,England,24/09/2022
CUST22357,Emily,Smith,Male,1996-04-07,England,01/10/2024
CUST22358,Olivia,Evans,Female,1966-08-21,Northern Ireland,27/10/2024
CUST22359,Linda,Wilson,Male,1956-11-11,England,02/08/2023
CUST22360,William,Roberts,Female,2006-04-13,England,01/05/2024
CUST22361,Michael,Walker,Female,1986-08-09,England,08/08/2024
CUST22362,Harry,Jones,Female,2001-03-27,England,12/01/2023
CUST22363,Olivia,Wright,Male,1981-07-23,England,05/10/2023
CUST22364,Jennifer,Johnson,Male,1956-10-13,Northern Ireland,04/06/2022
CUST22365,Michael,Smith,Female,1966-05-21,England,09/09/2022
CUST22366,Karen,Evans,Male,1966-02-25,England,06/12/2023
CUST22367,Susan,Evans,Male,1996-05-08,England,06/10/2021
CUST22368,Charles,White,Male,1986-10-09,England,21/02/2023
CUST22369,Harry,Jones,Female,1996-12-21,England,21/04/2023
CUST22370,John,Jones,Male,1966-08-08,England,24/05/2024
CUST22371,Karen,Walker,Male,1996-09-03,England,11/07/2022
CUST22372,Patricia,Taylor,Female,2001-06-17,England,16/11/2021
CUST22373,Oliver,Roberts,Male,2006-12-06,Scotland,23/05/2022
CUST22374,Barbara,Jones,Female,1996-11-16,England,13/07/2023
CUST22375,Jessica,Roberts,Female,1996-12-03,Scotland,06/12/2023
CUST22376,Susan,Williams,Female,2006-11-13,England,27/11/2023
CUST22377,Elizabeth,Thompson,Male,1971-07-07,England,15/10/2021
CUST22378,Harry,Johnson,Male,1976-12-15,England,16/10/2021
CUST22379,David,Wright,Male,1996-08-07,England,18/02/2023
CUST22380,Amelia,White,Male,1976-08-07,Wales,02/05/2022
CUST22381,Jessica,Wilson,Male,1991-08-25,England,01/09/2023
CUST22382,Karen,Brown,Female,1976-03-27,England,13/10/2023
CUST22383,Amelia,Thompson,Male,1991-11-09,England,08/04/2024
CUST22384,Harry,Robinson,Female,1986-05-18,England,08/06/2022
CUST22385,Amelia,Wilson,Male,1991-08-10,England,08/06/2023
CUST22386,David,Williams,Female,1996-11-05,Scotland,14/05/2022
CUST22387,Richard,Taylor,Male,1981-02-03,England,27/12/2022
CUST22388,Charles,Brown,Female,1976-04-25,England,07/06/2024
CUST22389,Jessica,Roberts,Male,1976-12-02,Scotland,20/01/2022
CUST22390,William,Thompson,Male,1991-05-14,England,05/05/2022
CUST22391,David,Wilson,Female,1986-08-06,England,17/11/2023
CUST22392,William,Brown,Female,1976-07-21,England,27/02/2023
CUST22393,Patricia,Smith,Male,2006-11-04,England,16/01/2025
CUST22394,Mary,Davies,Female,2006-07-16,England,07/07/2024
CUST22395,Oliver,Thompson,Male,1991-06-10,England,04/06/2022
CUST22396,Robert,Taylor,Male,1996-01-15,Scotland,26/04/2024
CUST22397,Elizabeth,Brown,Female,1991-06-06,England,14/08/2021
CUST22398,Mary,Evans,Male,2001-08-04,Northern Ireland,25/09/2024
CUST22399,Robert,Thompson,Female,1981-09-05,England,08/05/2023
CUST22400,David,Taylor,Male,1981-10-16,England,10/09/2024
CUST22401,Harry,Wilson,Female,1976-10-18,England,16/10/2021
CUST22402,John,Smith,Female,1981-06-25,England,13/03/2022
CUST22403,Olivia,Walker,Male,1991-01-26,England,01/03/2023
CUST22404,Linda,Evans,Male,1966-04-21,England,21/11/2023
CUST22405,Amelia,Thompson,Male,1976-05-01,Northern Ireland,24/02/2022
CUST22406,Linda,Smith,Male,1986-12-19,England,03/02/2022
CUST22407,Amelia,Roberts,Male,1996-10-20,England,26/06/2022
CUST22408,Jack,Walker,Female,1981-11-20,England,26/08/2023
CUST22409,William,Thompson,Male,1981-12-18,England,13/12/2024
CUST22410,Linda,White,Female,1981-02-19,England,29/04/2022
CUST22411,Olivia,Roberts,Female,1976-01-16,England,03/09/2022
CUST22412,Olivia,Williams,Female,1966-07-17,Wales,12/06/2024
CUST22413,Charles,Wilson,Male,1961-04-19,England,09/07/2023
CUST22414,John,Brown,Female,1981-11-02,Wales,25/11/2023
CUST22415,Jack,Wilson,Male,1961-06-14,England,10/12/2023
CUST22416,Emily,Williams,Male,1966-01-04,Northern Ireland,20/02/2024
CUST22417,Sarah,Wilson,Female,2006-03-26,Scotland,14/04/2024
CUST22418,James,Jones,Male,1981-05-27,England,08/07/2024
CUST22419,Isla,Brown,Female,2001-01-05,England,30/07/2022
CUST22420,Amelia,Williams,Female,1996-04-25,England,15/01/2024
CUST22421,Harry,Davies,Male,1996-07-13,England,25/02/2024
CUST22422,Jessica,Thompson,Female,1986-11-19,England,28/11/2022
CUST22423,Richard,White,Male,2006-08-18,England,02/09/2022
CUST22424,William,Robinson,Male,1996-02-04,England,26/06/2024
CUST22425,Linda,Evans,Female,2006-05-25,England,06/09/2021
CUST22426,Robert,White,Female,1981-10-18,England,16/06/2023
CUST22427,James,Thompson,Female,1966-05-14,England,14/10/2023
CUST22428,Emily,Taylor,Male,1956-07-17,Scotland,03/05/2022
CUST22429,Susan,Jones,Male,1986-12-27,England,10/01/2022
CUST22430,Isla,Brown,Female,1996-02-18,England,22/11/2023
CUST22431,Robert,Evans,Male,1971-06-18,England,12/12/2024
CUST22432,Oliver,Wilson,Male,2001-08-24,England,08/03/2022
CUST22433,Jennifer,Brown,Female,1961-10-19,England,15/08/2022
CUST22434,Amelia,Roberts,Female,1976-11-04,England,11/01/2022
CUST22435,John,Brown,Male,1986-04-23,England,10/10/2024
CUST22436,Amelia,Johnson,Female,2001-06-25,England,03/01/2025
CUST22437,John,Jones,Female,2006-10-20,England,09/03/2023
CUST22438,Sarah,Williams,Female,1986-11-05,Scotland,27/07/2024
CUST22439,Mary,Taylor,Female,1991-10-15,England,14/06/2023
CUST22440,Susan,Evans,Female,1971-09-02,England,09/12/2024
CUST22441,Oliver,Jones,Female,1981-04-21,England,30/08/2022
CUST22442,Robert,Smith,Male,1986-05-26,England,10/02/2024
CUST22443,Jennifer,Walker,Female,1996-08-01,England,23/07/2024
CUST22444,Susan,Smith,Male,1986-04-03,Scotland,19/03/2022
CUST22445,Sarah,Robinson,Female,2001-09-26,England,04/05/2022
CUST22446,Joseph,Wilson,Female,1981-07-22,England,26/08/2024
CUST22447,Isla,Taylor,Male,1981-06-23,England,08/07/2023
CUST22448,Charles,Wright,Male,1971-05-06,England,06/08/2024
CUST22449,Jack,Brown,Female,1986-10-18,England,07/11/2022
CUST22450,Michael,Walker,Male,1996-06-23,England,08/07/2022
CUST22451,David,Walker,Female,1971-04-02,England,25/10/2022
CUST22452,William,Brown,Male,1976-05-08,England,24/09/2021
CUST22453,Charles,Wilson,Female,1976-06-08,England,24/07/2024
CUST22454,Olivia,Johnson,Male,1986-08-15,England,29/10/2022
CUST22455,Harry,Roberts,Male,1971-12-07,Northern Ireland,01/04/2024
CUST22456,Linda,Wright,Female,1996-05-10,England,29/12/2023
CUST22457,Linda,Jones,Male,1991-03-07,Scotland,23/10/2022
CUST22458,Joseph,Walker,Female,1976-12-02,Scotland,14/03/2024
CUST22459,Isla,Wright,Female,2001-02-19,England,05/04/2023
CUST22460,Noah,Johnson,Female,1971-11-18,England,11/10/2023
CUST22461,Charles,Walker,Female,1991-02-24,Wales,28/06/2024
CUST22462,Noah,Smith,Female,2001-05-16,England,17/12/2022
CUST22463,Harry,Johnson,Male,2006-12-19,England,03/03/2024
CUST22464,John,Davies,Male,1971-02-10,England,09/08/2024
CUST22465,Sarah,Johnson,Male,1976-02-11,England,29/11/2022
CUST22466,Olivia,Thompson,Female,1996-08-12,England,09/06/2022
CUST22467,Robert,Robinson,Female,2001-03-27,England,08/11/2024
CUST22468,Jack,Evans,Male,1996-01-13,England,14/10/2023
CUST22469,Oliver,Evans,Male,1996-09-24,England,11/02/2025
CUST22470,Susan,Wilson,Female,1976-12-09,England,07/03/2022
CUST22471,Oliver,Johnson,Male,1996-10-19,England,26/05/2024
CUST22472,Jennifer,Jones,Male,1996-12-08,England,07/12/2022
CUST22473,Emily,Wright,Male,2006-07-11,England,30/09/2023
CUST22474,Mary,Jones,Male,1981-08-24,England,08/02/2025
CUST22475,David,Williams,Female,1981-12-19,England,24/01/2024
CUST22476,James,Walker,Male,1981-07-14,England,21/12/2022
CUST22477,George,Davies,Female,1986-01-12,England,09/11/2024
CUST22478,James,Davies,Male,1961-03-22,England,24/04/2022
CUST22479,Richard,Johnson,Male,1986-08-05,Scotland,30/11/2023
CUST22480,Isla,Smith,Male,1971-11-23,England,26/01/2024
CUST22481,Thomas,Evans,Female,1981-08-17,England,12/01/2024
CUST22482,William,Roberts,Male,2001-05-09,Wales,22/10/2024
CUST22483,Oliver,Johnson,Female,1971-04-19,Scotland,02/07/2023
CUST22484,Olivia,Wilson,Male,1981-09-27,England,18/04/2022
CUST22485,Jack,Walker,Female,1981-11-10,England,05/12/2023
CUST22486,Olivia,Jones,Male,1996-04-11,Northern Ireland,06/04/2022
CUST22487,Karen,Evans,Female,1986-07-26,England,13/03/2023
CUST22488,Oliver,Williams,Female,1966-06-10,Wales,20/08/2022
CUST22489,George,Wilson,Male,1996-03-24,England,28/02/2023
CUST22490,Oliver,Jones,Female,2006-05-25,England,01/08/2022
CUST22491,Jessica,White,Male,1996-02-16,Wales,30/05/2022
CUST22492,Barbara,Jones,Male,1986-07-03,England,07/06/2022
CUST22493,Mary,Williams,Male,1971-02-02,England,31/10/2023
CUST22494,Mary,Brown,Female,1981-06-08,England,16/06/2024
CUST22495,Amelia,Wilson,Female,1966-11-01,England,15/08/2023
CUST22496,Thomas,White,Male,1986-02-21,England,16/12/2022
CUST22497,Karen,Walker,Female,1991-04-18,England,07/07/2024
CUST22498,Robert,Johnson,Female,1996-09-13,England,12/03/2022
CUST22499,Sarah,Taylor,Male,1996-11-22,England,28/01/2025
CUST22500,Joseph,Taylor,Male,1976-12-04,England,21/11/2024
CUST22501,Barbara,Jones,Female,2001-02-14,England,20/07/2022
CUST22502,Patricia,White,Female,1996-03-10,England,15/08/2022
CUST22503,James,Taylor,Male,1966-12-01,England,09/09/2021
CUST22504,Sarah,Davies,Female,1981-07-13,England,18/05/2024
CUST22505,Karen,Roberts,Male,2006-11-04,England,14/06/2022
CUST22506,Barbara,Johnson,Female,1976-01-02,England,11/12/2023
CUST22507,Sarah,White,Female,1986-02-06,England,15/11/2021
CUST22508,William,Evans,Male,1971-03-06,Scotland,02/12/2023
CUST22509,Emily,Brown,Female,1981-02-17,England,07/03/2024
CUST22510,Amelia,Robinson,Female,2006-11-22,England,03/01/2025
CUST22511,Olivia,Evans,Female,1996-10-14,England,29/06/2023
CUST22512,George,Robinson,Female,1996-05-18,England,07/03/2023
CUST22513,Michael,Taylor,Female,1976-01-03,England,30/06/2023
CUST22514,Isla,Davies,Male,1986-02-22,England,10/11/2024
CUST22515,John,Taylor,Female,1976-04-14,England,15/10/2022
CUST22516,Sarah,Smith,Female,1986-09-12,England,09/07/2022
CUST22517,Jennifer,Davies,Female,1991-10-24,England,10/04/2024
CUST22518,Charles,Taylor,Female,2001-07-09,England,14/08/2022
CUST22519,James,Williams,Male,1996-11-12,England,29/11/2022
CUST22520,Oliver,White,Male,1991-12-26,England,22/12/2021
CUST22521,Isla,Wright,Male,1986-10-05,England,06/01/2024
CUST22522,Harry,Jones,Male,1966-01-15,England,15/01/2023
CUST22523,Noah,Smith,Male,1996-11-16,England,27/05/2022
CUST22524,Charles,Williams,Male,1981-11-19,England,13/01/2022
CUST22525,Charles,Robinson,Female,2001-07-26,England,18/04/2022
CUST22526,Thomas,Robinson,Male,1976-08-10,England,04/01/2023
CUST22527,Michael,Roberts,Female,2006-10-04,England,27/10/2021
CUST22528,Karen,Wilson,Female,1981-08-11,Northern Ireland,30/07/2022
CUST22529,Joseph,Roberts,Female,2001-05-05,England,19/06/2024
CUST22530,Richard,Taylor,Male,1996-09-20,England,22/08/2022
CUST22531,Joseph,Davies,Female,1986-10-16,England,15/12/2021
CUST22532,Michael,White,Male,1991-02-21,England,20/10/2021
CUST22533,Jessica,Wright,Male,1986-09-10,England,26/01/2022
CUST22534,Olivia,Smith,Male,1991-03-26,England,25/09/2021
CUST22535,Joseph,Evans,Female,1961-07-25,England,27/11/2022
CUST22536,Olivia,Thompson,Female,1996-02-25,Scotland,10/03/2023
CUST22537,Robert,Roberts,Male,1986-12-20,Northern Ireland,14/09/2021
CUST22538,Barbara,White,Female,1971-09-06,England,20/01/2024
CUST22539,Sarah,Robinson,Female,1981-06-04,England,22/02/2023
CUST22540,Mary,Evans,Male,1991-07-26,England,18/06/2024
CUST22541,Sarah,Taylor,Female,1986-08-24,England,10/12/2024
CUST22542,Jessica,Thompson,Female,2001-02-24,Scotland,27/06/2022
CUST22543,William,Walker,Male,1986-07-18,England,28/08/2024
CUST22544,Olivia,Taylor,Female,1986-09-24,England,09/05/2022
CUST22545,Isla,Evans,Male,1976-04-14,England,28/12/2023
CUST22546,Susan,Davies,Female,1971-06-05,England,12/02/2025
CUST22547,Sarah,Davies,Male,1996-04-07,England,03/05/2023
CUST22548,Olivia,Thompson,Male,2001-02-23,England,29/06/2022
CUST22549,Mary,White,Female,1991-12-18,England,05/04/2024
CUST22550,Sarah,Johnson,Female,1986-08-27,England,04/01/2025
CUST22551,Thomas,Jones,Male,1991-05-25,England,25/09/2024
CUST22552,Oliver,Davies,Female,1981-05-21,Scotland,26/03/2024
CUST22553,Harry,Evans,Female,1986-09-02,England,12/09/2022
CUST22554,Olivia,Brown,Female,1966-02-05,England,19/11/2022
CUST22555,Charles,Walker,Male,1991-07-11,England,22/06/2023
CUST22556,Jack,Wright,Female,2001-03-01,England,08/06/2023
CUST22557,David,Johnson,Male,1991-11-26,England,07/04/2022
CUST22558,Patricia,Wilson,Female,1981-10-07,England,14/03/2024
CUST22559,Elizabeth,Wright,Male,1996-10-11,England,16/01/2023
CUST22560,Amelia,Jones,Male,1996-02-19,England,03/01/2025
CUST22561,William,Evans,Male,1991-01-01,England,28/11/2021
CUST22562,James,Brown,Male,1976-06-18,England,03/04/2024
CUST22563,Emily,Roberts,Male,1961-05-03,England,15/10/2023
CUST22564,Linda,Smith,Male,1991-09-25,England,15/02/2022
CUST22565,Noah,Smith,Female,1996-09-19,England,04/08/2023
CUST22566,James,Smith,Female,1991-05-10,England,18/02/2024
CUST22567,Barbara,Davies,Male,1991-02-19,Northern Ireland,11/11/2024
CUST22568,Joseph,Jones,Female,1956-04-09,England,03/01/2022
CUST22569,John,Davies,Male,1986-07-04,England,12/05/2023
CUST22570,Linda,Wilson,Female,1981-04-01,Wales,16/06/2023
CUST22571,Mary,Wilson,Male,1966-04-06,England,15/09/2024
CUST22572,Linda,Evans,Female,1981-03-20,England,24/06/2024
CUST22573,George,Walker,Female,1996-01-16,England,31/08/2024
CUST22574,Emily,White,Female,1981-08-08,England,20/02/2025
CUST22575,Jennifer,Johnson,Male,1991-12-19,Wales,17/04/2023
CUST22576,Karen,Thompson,Female,1991-12-11,England,12/11/2023
CUST22577,Susan,Roberts,Male,1961-12-05,England,15/05/2024
CUST22578,Barbara,Thompson,Male,1996-08-19,England,10/01/2024
CUST22579,Michael,Taylor,Male,1986-09-13,England,19/02/2022
CUST22580,Barbara,Walker,Female,2001-01-18,England,11/11/2022
CUST22581,Barbara,Davies,Male,2001-03-16,England,29/08/2024
CUST22582,Sarah,Robinson,Female,1981-09-03,England,06/05/2024
CUST22583,William,Smith,Female,1976-12-02,Scotland,23/09/2022
CUST22584,Elizabeth,Robinson,Male,1981-11-03,England,18/04/2023
CUST22585,Noah,Johnson,Male,1991-08-07,England,02/04/2023
CUST22586,Mary,Roberts,Female,2006-02-07,England,13/06/2022
CUST22587,Olivia,Smith,Female,1986-12-25,England,30/10/2023
CUST22588,Oliver,Taylor,Male,1986-04-22,England,11/12/2024
CUST22589,Jessica,Brown,Male,1976-01-24,Northern Ireland,03/02/2025
CUST22590,Isla,Walker,Female,1981-10-13,England,14/03/2022
CUST22591,Robert,Evans,Male,1971-03-09,England,07/04/2024
CUST22592,Jack,Wilson,Female,1976-04-11,England,10/02/2025
CUST22593,William,Smith,Male,1991-09-24,England,23/11/2021
CUST22594,Susan,Wright,Male,1981-12-10,England,02/03/2024
CUST22595,Michael,Roberts,Male,1976-11-18,England,25/06/2022
CUST22596,Olivia,Williams,Male,1961-02-04,Wales,27/08/2024
CUST22597,George,White,Male,1991-03-27,England,10/10/2022
CUST22598,Olivia,Walker,Female,1981-10-18,England,05/04/2023
CUST22599,Mary,Roberts,Female,1991-04-27,England,01/03/2022
CUST22600,Elizabeth,Johnson,Male,1976-01-08,Scotland,21/01/2025
CUST22601,Joseph,Williams,Female,1966-08-17,England,25/01/2024
CUST22602,Michael,Taylor,Female,1966-08-08,England,07/02/2025
CUST22603,Joseph,Walker,Female,2001-12-13,Northern Ireland,11/12/2023
CUST22604,Joseph,Wilson,Female,1996-06-09,England,21/09/2024
CUST22605,Susan,Smith,Female,1976-10-04,England,14/05/2024
CUST22606,Linda,Johnson,Male,1981-07-12,Scotland,05/07/2023
CUST22607,Jack,Robinson,Male,1966-12-15,England,21/10/2022
CUST22608,David,Wright,Male,1991-06-05,England,31/01/2024
CUST22609,Olivia,Jones,Male,1971-09-11,England,15/08/2021
CUST22610,Joseph,Johnson,Female,1981-12-03,England,10/12/2023
CUST22611,William,Evans,Male,1996-11-18,England,10/11/2024
CUST22612,Sarah,Roberts,Male,2001-05-09,England,26/05/2023
CUST22613,Olivia,Walker,Male,1976-07-03,England,02/10/2021
CUST22614,Karen,Thompson,Male,2001-08-14,England,23/12/2024
CUST22615,Thomas,Brown,Male,1976-02-23,England,16/10/2021
CUST22616,Richard,Wilson,Male,1986-03-27,Wales,31/08/2022
CUST22617,William,Davies,Male,1986-09-27,England,16/04/2023
CUST22618,Joseph,Wilson,Female,1996-01-05,England,12/11/2021
CUST22619,Karen,Jones,Female,1956-08-06,Scotland,26/10/2023
CUST22620,Olivia,Thompson,Female,1976-06-25,England,11/11/2024
CUST22621,George,Jones,Female,1976-06-18,Scotland,19/01/2022
CUST22622,Elizabeth,Robinson,Female,1976-11-15,England,16/01/2023
CUST22623,Jessica,Williams,Male,1981-04-22,England,10/11/2021
CUST22624,Jennifer,Roberts,Male,1966-10-02,Scotland,01/07/2023
CUST22625,Charles,Davies,Male,1981-10-15,England,31/12/2021
CUST22626,Harry,Davies,Male,1986-12-16,England,04/05/2023
CUST22627,Jennifer,Wilson,Female,1996-10-26,England,25/01/2024
CUST22628,Harry,Taylor,Male,1996-07-13,England,31/10/2023
CUST22629,Elizabeth,White,Male,1976-05-14,England,07/02/2023
CUST22630,Olivia,Wright,Female,1991-10-22,England,18/03/2022
CUST22631,Karen,Evans,Male,1976-12-08,England,03/04/2022
CUST22632,James,Taylor,Male,1961-04-02,England,18/02/2025
CUST22633,Emily,Walker,Female,1986-05-13,England,14/06/2022
CUST22634,Barbara,Brown,Male,2001-06-17,England,04/03/2022
CUST22635,David,Robinson,Female,1981-02-14,England,22/10/2024
CUST22636,Elizabeth,Taylor,Female,2006-04-20,England,06/04/2023
CUST22637,Mary,Jones,Male,1976-02-07,England,31/05/2023
CUST22638,Harry,Roberts,Female,1986-10-01,England,02/06/2023
CUST22639,Richard,Roberts,Female,1986-06-22,England,27/12/2024
CUST22640,Linda,Evans,Male,1986-08-23,Scotland,24/09/2021
CUST22641,Emily,Roberts,Male,1986-01-17,Scotland,30/03/2023
CUST22642,Harry,Roberts,Male,1991-07-09,England,27/08/2024
CUST22643,Olivia,Brown,Male,1996-09-10,England,25/12/2021
CUST22644,Isla,Johnson,Female,1991-09-13,England,02/10/2022
CUST22645,Sarah,Jones,Female,1966-10-12,England,26/11/2022
CUST22646,Harry,Evans,Female,2001-02-07,Northern Ireland,11/05/2022
CUST22647,Oliver,White,Female,1991-07-11,England,06/09/2023
CUST22648,James,Robinson,Female,1996-06-09,England,18/10/2022
CUST22649,George,Robinson,Female,1991-11-13,England,25/07/2024
CUST22650,Isla,Wright,Male,2001-09-11,England,09/07/2023
CUST22651,Oliver,Jones,Male,1976-12-15,England,11/07/2022
CUST22652,James,Brown,Female,2001-01-22,England,29/12/2024
CUST22653,Amelia,Brown,Female,1981-06-09,England,20/11/2022
CUST22654,Jessica,Wright,Male,1996-09-02,Scotland,08/02/2025
CUST22655,David,Roberts,Female,1986-02-23,England,18/04/2024
CUST22656,Joseph,Roberts,Male,1996-08-06,England,10/09/2021
CUST22657,Noah,Wilson,Male,1976-03-26,England,17/12/2021
CUST22658,Emily,Johnson,Male,1961-01-15,England,12/03/2024
CUST22659,Harry,Taylor,Female,1996-08-15,England,05/06/2023
CUST22660,Emily,Roberts,Female,1961-06-12,England,05/10/2024
CUST22661,Olivia,Roberts,Male,1991-05-20,England,28/09/2021
CUST22662,Mary,Robinson,Female,1986-04-18,England,06/03/2022
CUST22663,William,Thompson,Female,1976-09-26,England,18/07/2024
CUST22664,Mary,Thompson,Male,1996-08-01,Northern Ireland,17/04/2022
CUST22665,Oliver,Williams,Male,1986-09-06,England,16/05/2022
CUST22666,Robert,Wright,Female,2006-10-08,England,27/08/2023
CUST22667,Susan,Smith,Male,1976-08-06,England,19/09/2022
CUST22668,Oliver,White,Male,1991-01-26,England,16/04/2023
CUST22669,Jessica,Davies,Male,1966-02-02,England,11/10/2022
CUST22670,Jessica,Wilson,Female,1996-12-04,England,22/08/2021
CUST22671,Oliver,Jones,Female,1966-04-12,England,12/01/2025
CUST22672,Barbara,Williams,Male,2001-06-08,England,13/08/2023
CUST22673,William,Taylor,Male,1981-05-09,England,21/03/2023
CUST22674,Amelia,White,Male,1991-12-17,Scotland,12/02/2023
CUST22675,James,Wright,Male,1996-10-16,England,11/03/2022
CUST22676,Jessica,Robinson,Female,2001-06-24,England,31/05/2024
CUST22677,Jack,Walker,Male,1981-09-13,England,09/04/2024
CUST22678,Jessica,Thompson,Male,1996-07-26,England,04/07/2024
CUST22679,William,Wilson,Female,1981-08-06,England,28/12/2023
CUST22680,Elizabeth,Davies,Male,1961-12-06,England,30/12/2022
CUST22681,David,Johnson,Female,1991-09-11,England,04/03/2024
CUST22682,James,Davies,Male,2006-02-04,England,19/12/2022
CUST22683,Isla,Evans,Female,2001-07-01,England,04/07/2024
CUST22684,Michael,Walker,Male,2001-10-11,England,20/10/2021
CUST22685,Elizabeth,Thompson,Male,1986-01-15,England,01/02/2023
CUST22686,Olivia,Robinson,Female,1976-05-08,England,26/09/2023
CUST22687,Patricia,Evans,Female,1996-03-08,England,25/05/2022
CUST22688,Patricia,White,Female,2001-09-03,England,16/11/2024
CUST22689,Joseph,Williams,Female,1981-02-04,England,25/04/2023
CUST22690,Charles,Wilson,Male,1991-08-24,England,30/01/2025
CUST22691,William,Thompson,Male,1981-01-02,England,07/06/2023
CUST22692,Linda,Wilson,Male,1966-12-19,England,10/01/2024
CUST22693,Susan,Smith,Female,1996-04-20,England,31/10/2024
CUST22694,Karen,Walker,Female,1986-05-06,England,01/10/2021
CUST22695,Richard,Taylor,Male,1971-10-07,England,24/11/2024
CUST22696,Elizabeth,White,Male,1976-05-10,England,07/01/2023
CUST22697,Olivia,Williams,Male,1976-02-18,England,07/10/2024
CUST22698,Thomas,Roberts,Female,1976-11-01,England,23/12/2021
CUST22699,Patricia,Taylor,Male,1986-02-23,England,08/11/2021
CUST22700,Thomas,Robinson,Male,1986-06-10,Scotland,19/02/2025
CUST22701,Jennifer,Walker,Female,1976-02-14,England,26/01/2022
CUST22702,Olivia,Johnson,Male,1976-09-25,England,22/12/2024
CUST22703,Jessica,Thompson,Male,1981-04-04,England,23/09/2023
CUST22704,Mary,Wright,Female,1991-12-26,England,08/10/2024
CUST22705,James,Davies,Female,1971-03-17,England,23/07/2023
CUST22706,Richard,Taylor,Male,1996-09-12,England,11/10/2021
CUST22707,Jack,White,Female,2001-01-02,England,14/05/2024
CUST22708,Joseph,Thompson,Male,1991-02-02,England,14/12/2022
CUST22709,Olivia,Davies,Female,1996-04-23,Scotland,04/05/2024
CUST22710,Amelia,Thompson,Female,1981-11-11,England,27/12/2021
CUST22711,Isla,White,Male,1996-12-21,England,14/09/2023
CUST22712,James,Wright,Female,1981-08-23,Scotland,15/08/2021
CUST22713,Elizabeth,Walker,Male,1986-05-11,England,03/10/2023
CUST22714,Barbara,Robinson,Female,2001-04-09,England,23/12/2024
CUST22715,Karen,Evans,Female,1996-03-08,England,08/11/2021
CUST22716,Mary,Evans,Female,1986-05-18,England,07/02/2023
CUST22717,Elizabeth,Taylor,Female,1976-06-20,England,16/03/2024
CUST22718,Olivia,Thompson,Male,1991-09-10,England,25/01/2025
CUST22719,Oliver,Smith,Female,1996-03-16,England,06/11/2021
CUST22720,Amelia,Brown,Female,1996-01-15,England,14/09/2023
CUST22721,John,Brown,Male,2001-07-04,England,12/07/2024
CUST22722,James,Robinson,Male,2006-03-15,England,04/03/2023
CUST22723,Patricia,Roberts,Female,1961-05-21,Northern Ireland,04/03/2022
CUST22724,Linda,Taylor,Female,2001-09-26,England,01/09/2021
CUST22725,Joseph,Wright,Male,2001-11-10,England,19/12/2021
CUST22726,Olivia,Williams,Male,1971-07-07,England,21/12/2021
CUST22727,Noah,Williams,Female,1981-12-25,England,09/04/2022
CUST22728,Jessica,Robinson,Female,1986-04-25,England,05/05/2024
CUST22729,William,Roberts,Female,1981-09-23,England,16/05/2023
CUST22730,Patricia,White,Female,1966-12-10,England,22/07/2024
CUST22731,Karen,Davies,Female,2001-03-08,England,14/09/2023
CUST22732,Joseph,Roberts,Female,1996-09-17,Scotland,28/08/2022
CUST22733,Thomas,Wilson,Male,1971-06-07,England,15/04/2023
CUST22734,David,Roberts,Male,1976-11-21,Wales,31/12/2022
CUST22735,Emily,Jones,Male,1956-04-11,England,29/01/2025
CUST22736,Oliver,Taylor,Male,1991-12-09,England,26/05/2024
CUST22737,Michael,White,Female,1961-10-22,England,23/03/2022
CUST22738,Isla,Brown,Female,1991-09-10,England,20/03/2022
CUST22739,Robert,Williams,Female,1976-01-04,Scotland,11/01/2023
CUST22740,Robert,Johnson,Male,1966-01-22,England,02/11/2022
CUST22741,Isla,Jones,Female,2001-08-09,England,21/03/2024
CUST22742,Jennifer,White,Male,1996-06-18,Scotland,06/02/2023
CUST22743,Patricia,Robinson,Male,1981-04-18,England,11/04/2022
CUST22744,Amelia,Walker,Male,1971-11-03,England,18/03/2024
CUST22745,Oliver,Walker,Male,2006-06-01,England,18/07/2023
CUST22746,Robert,Jones,Female,1971-06-23,England,16/06/2024
CUST22747,Harry,Robinson,Female,1991-04-02,England,02/07/2023
CUST22748,George,Williams,Male,1991-12-09,England,20/04/2023
CUST22749,Oliver,Evans,Male,1991-05-21,England,23/01/2024
CUST22750,Barbara,Thompson,Male,1966-04-05,England,24/09/2022
CUST22751,Jessica,White,Male,2001-09-15,England,21/06/2024
CUST22752,Charles,Jones,Male,1981-01-04,England,25/01/2024
CUST22753,Jack,Evans,Female,2001-08-16,England,06/02/2025
CUST22754,Jennifer,Taylor,Male,1966-07-20,England,21/02/2024
CUST22755,Charles,Johnson,Female,1976-03-07,England,26/01/2022
CUST22756,Noah,Taylor,Female,1996-10-08,England,21/10/2024
CUST22757,Barbara,Johnson,Female,1996-01-15,England,01/09/2021
CUST22758,Patricia,Taylor,Male,1991-12-22,England,19/11/2024
CUST22759,Michael,White,Male,1991-11-15,England,07/10/2024
CUST22760,Jessica,Davies,Male,1971-03-19,England,22/08/2024
CUST22761,Amelia,Wright,Female,1986-06-12,Wales,13/11/2023
CUST22762,Sarah,Taylor,Male,1991-03-04,England,20/01/2024
CUST22763,Isla,Smith,Male,1976-08-27,England,25/04/2022
CUST22764,Jessica,Wilson,Female,1986-05-22,England,05/08/2023
CUST22765,Olivia,Johnson,Male,2001-06-02,England,01/04/2023
CUST22766,Amelia,Smith,Female,2001-12-08,England,28/06/2023
CUST22767,Sarah,Brown,Male,1991-08-12,England,24/05/2022
CUST22768,John,Evans,Male,1981-11-03,Scotland,18/02/2023
CUST22769,Barbara,Taylor,Female,2001-08-24,Scotland,13/02/2022
CUST22770,Noah,Taylor,Male,1986-06-05,England,02/09/2023
CUST22771,Michael,White,Male,1996-01-06,England,11/12/2022
CUST22772,Karen,Thompson,Female,1976-02-09,England,13/10/2023
CUST22773,Harry,Thompson,Female,2006-07-26,England,17/09/2022
CUST22774,Thomas,Jones,Male,1986-07-07,England,13/06/2023
CUST22775,Elizabeth,Thompson,Female,2006-07-12,England,06/07/2023
CUST22776,Patricia,Johnson,Male,1991-11-19,England,10/10/2022
CUST22777,George,Walker,Male,2006-02-05,England,25/11/2021
CUST22778,Thomas,Williams,Male,1986-08-03,England,12/08/2021
CUST22779,Elizabeth,Davies,Male,1976-09-03,England,28/06/2023
CUST22780,Jessica,Robinson,Female,2001-08-05,England,08/12/2023
CUST22781,Patricia,Smith,Male,1976-03-09,England,18/07/2024
CUST22782,Harry,Evans,Female,1981-05-26,England,04/07/2022
CUST22783,Isla,Wright,Male,1986-01-25,England,30/12/2023
CUST22784,Robert,Taylor,Female,1981-03-16,England,28/08/2021
CUST22785,Thomas,Williams,Female,1991-10-26,England,05/11/2022
CUST22786,Jessica,Robinson,Female,1976-08-01,Wales,19/01/2023
CUST22787,Richard,Johnson,Female,1976-11-16,England,08/09/2021
CUST22788,Barbara,Thompson,Male,1976-09-12,England,16/10/2024
CUST22789,Jennifer,Johnson,Male,1996-03-04,England,06/11/2024
CUST22790,Linda,Evans,Male,1981-10-15,England,15/04/2024
CUST22791,David,Evans,Female,2001-09-13,England,22/07/2023
CUST22792,Robert,Jones,Male,1986-03-21,England,19/03/2023
CUST22793,Jennifer,Taylor,Female,2006-01-12,England,13/12/2021
CUST22794,Thomas,Williams,Female,1996-10-12,England,25/04/2024
CUST22795,Noah,Thompson,Male,1981-09-07,England,09/02/2022
CUST22796,Mary,Evans,Female,1971-02-13,Scotland,18/09/2021
CUST22797,Emily,Johnson,Female,2006-06-03,England,04/06/2023
CUST22798,Karen,Jones,Female,1986-11-16,England,21/03/2022
CUST22799,William,Williams,Female,1981-10-11,England,15/11/2021
CUST22800,Emily,Wilson,Male,1966-10-08,England,19/04/2022
CUST22801,Linda,Smith,Male,1981-05-11,England,09/09/2024
CUST22802,Elizabeth,Evans,Female,2001-02-25,England,05/11/2023
CUST22803,Linda,Smith,Female,2001-05-20,England,28/10/2023
CUST22804,Olivia,Robinson,Male,1981-09-24,Scotland,02/01/2025
CUST22805,Jennifer,Smith,Male,1996-11-11,England,27/08/2023
CUST22806,Olivia,Smith,Female,1966-08-11,England,30/01/2025
CUST22807,Jennifer,White,Male,1966-01-01,England,13/09/2024
CUST22808,Joseph,Williams,Female,1961-08-19,England,11/01/2023
CUST22809,Emily,Evans,Female,1996-03-01,England,21/11/2021
CUST22810,Harry,Thompson,Female,1976-08-27,England,02/01/2025
CUST22811,Thomas,Roberts,Female,1981-05-19,England,16/12/2023
CUST22812,Jack,Davies,Female,2006-07-13,England,25/03/2023
CUST22813,Charles,Robinson,Female,1996-08-18,England,20/10/2024
CUST22814,Elizabeth,Smith,Female,1996-08-27,Scotland,07/09/2022
CUST22815,Noah,Davies,Female,1991-01-05,England,06/02/2023
CUST22816,William,Jones,Male,1961-12-21,England,25/11/2022
CUST22817,Thomas,Brown,Male,1971-07-24,England,21/12/2023
CUST22818,Elizabeth,White,Female,1996-07-16,England,06/12/2021
CUST22819,George,Taylor,Male,1986-05-18,England,05/01/2023
CUST22820,Thomas,Wright,Male,1996-02-14,England,18/09/2021
CUST22821,David,Taylor,Female,1996-08-05,England,17/02/2025
CUST22822,Harry,Brown,Male,2006-05-27,England,20/03/2022
CUST22823,Noah,Thompson,Female,1981-11-08,England,23/11/2021
CUST22824,Robert,Walker,Male,1981-08-11,England,15/05/2023
CUST22825,Jack,Taylor,Female,1971-06-27,Wales,15/04/2024
CUST22826,John,Wright,Male,1971-01-02,England,13/03/2023
CUST22827,Olivia,Wright,Female,2001-07-12,England,18/11/2023
CUST22828,William,Smith,Female,1976-11-16,England,17/10/2022
CUST22829,Linda,Williams,Female,2001-06-07,England,14/06/2022
CUST22830,Mary,Brown,Female,1991-08-19,England,05/07/2024
CUST22831,Charles,Smith,Female,1986-02-15,England,19/03/2022
CUST22832,Jennifer,Smith,Male,2006-05-08,England,13/02/2025
CUST22833,Susan,Jones,Male,2001-10-06,England,24/04/2024
CUST22834,Robert,Wright,Female,1996-06-08,England,20/08/2021
CUST22835,George,Jones,Female,2001-11-22,England,07/10/2022
CUST22836,Patricia,Brown,Female,1966-05-15,England,19/03/2024
CUST22837,Karen,Williams,Female,1996-10-22,Wales,06/06/2024
CUST22838,Robert,Wilson,Male,1986-08-20,England,07/07/2023
CUST22839,Elizabeth,White,Male,1956-12-22,England,18/08/2023
CUST22840,Isla,Evans,Female,1986-07-24,England,03/03/2023
CUST22841,Jennifer,White,Female,1991-06-17,England,26/08/2021
CUST22842,Jack,White,Female,1966-05-10,England,07/12/2021
CUST22843,Jennifer,Walker,Female,1996-08-19,England,11/02/2024
CUST22844,Barbara,Williams,Male,2001-12-26,England,23/10/2024
CUST22845,Robert,Walker,Male,1986-03-09,England,19/06/2024
CUST22846,Joseph,Robinson,Male,1991-12-14,England,31/12/2024
CUST22847,Olivia,Evans,Female,1976-12-24,England,26/06/2022
CUST22848,Olivia,Wright,Male,2006-10-17,England,29/01/2025
CUST22849,Olivia,Brown,Female,1981-07-04,Northern Ireland,27/10/2021
CUST22850,George,Roberts,Female,1976-11-10,England,09/12/2024
CUST22851,Jennifer,Wright,Female,1961-04-07,England,17/02/2022
CUST22852,Jack,Williams,Female,2001-08-13,England,22/04/2022
CUST22853,Thomas,Wilson,Female,1996-10-27,England,04/04/2023
CUST22854,Harry,Wilson,Female,1966-10-23,Scotland,22/03/2024
CUST22855,Joseph,Wilson,Male,1981-08-26,England,22/04/2022
CUST22856,Oliver,Brown,Female,2006-05-21,England,05/11/2024
CUST22857,Barbara,Thompson,Male,2006-12-14,Northern Ireland,07/09/2023
CUST22858,Charles,Williams,Male,1976-09-18,England,13/01/2022
CUST22859,Olivia,Wilson,Male,1986-10-14,Northern Ireland,09/05/2022
CUST22860,Michael,Jones,Male,1986-08-02,England,06/05/2022
CUST22861,Isla,Walker,Male,1971-11-04,England,15/09/2023
CUST22862,Olivia,Roberts,Female,1996-06-15,Scotland,15/08/2021
CUST22863,Mary,Davies,Female,2001-07-18,Wales,25/08/2022
CUST22864,Richard,Evans,Female,1981-10-07,England,23/03/2024
CUST22865,William,Johnson,Female,1966-07-01,England,15/08/2023
CUST22866,Oliver,White,Male,1996-03-02,England,05/11/2022
CUST22867,Robert,Smith,Male,1981-10-09,England,21/02/2025
CUST22868,Patricia,Davies,Female,2001-05-24,England,08/10/2024
CUST22869,Elizabeth,Jones,Male,2001-02-12,England,22/04/2022
CUST22870,Michael,Robinson,Female,1966-05-27,England,14/11/2022
CUST22871,Karen,Taylor,Male,2001-01-25,Scotland,24/12/2023
CUST22872,Richard,Wilson,Male,2006-11-24,England,17/08/2024
CUST22873,Olivia,Taylor,Female,1976-12-27,England,08/02/2022
CUST22874,Karen,Wilson,Female,1991-04-07,England,01/03/2024
CUST22875,Patricia,Thompson,Male,1991-11-27,England,21/07/2023
CUST22876,Linda,Walker,Female,1976-09-25,England,14/10/2022
CUST22877,Noah,Evans,Male,2001-12-22,England,24/02/2023
CUST22878,Jessica,Taylor,Male,1981-02-06,England,26/06/2022
CUST22879,Joseph,Davies,Female,1991-01-08,England,20/11/2023
CUST22880,Joseph,Williams,Male,2001-12-18,England,31/10/2023
CUST22881,Mary,Evans,Male,1981-04-02,England,29/08/2024
CUST22882,Joseph,Brown,Male,1991-08-23,England,22/09/2023
CUST22883,Jack,Williams,Male,1971-11-12,England,26/06/2022
CUST22884,Jack,Taylor,Female,1966-05-01,Northern Ireland,27/10/2022
CUST22885,Barbara,Taylor,Female,1971-02-09,England,31/08/2022
CUST22886,Jessica,Jones,Male,1991-10-11,England,03/04/2023
CUST22887,Amelia,Jones,Male,1996-06-18,England,24/11/2022
CUST22888,Noah,Jones,Female,1966-01-17,England,11/05/2024
CUST22889,Olivia,White,Female,1986-05-11,England,25/01/2025
CUST22890,Noah,Wilson,Male,1976-07-17,England,09/12/2021
CUST22891,Robert,Walker,Female,1971-11-25,England,21/02/2024
CUST22892,Thomas,Brown,Female,1996-03-10,Scotland,28/08/2024
CUST22893,Richard,White,Male,2001-07-11,England,19/02/2022
CUST22894,Joseph,Thompson,Female,1981-03-03,England,24/05/2023
CUST22895,Jennifer,Wilson,Male,1981-04-11,England,14/01/2022
CUST22896,Harry,Thompson,Male,1996-04-08,England,31/12/2024
CUST22897,David,Jones,Female,1981-07-21,England,30/11/2021
CUST22898,Mary,Evans,Female,1976-08-04,England,23/02/2025
CUST22899,Noah,Walker,Female,1991-02-16,England,24/12/2022
CUST22900,David,Davies,Male,1996-01-21,England,24/10/2021
CUST22901,Richard,Smith,Male,1976-09-07,Wales,24/04/2024
CUST22902,Susan,Thompson,Male,1976-04-02,England,15/01/2024
CUST22903,Noah,Wright,Male,1961-08-19,England,28/02/2022
CUST22904,James,Evans,Male,2001-01-16,England,08/07/2023
CUST22905,William,Roberts,Male,1966-08-16,England,26/09/2021
CUST22906,Olivia,Wright,Male,1976-11-24,England,07/11/2022
CUST22907,Amelia,Jones,Female,1976-06-03,Scotland,20/06/2024
CUST22908,John,Evans,Male,1991-07-06,England,19/12/2023
CUST22909,Olivia,Taylor,Male,2006-04-13,England,11/12/2021
CUST22910,Olivia,White,Female,1986-04-16,England,29/08/2024
CUST22911,Olivia,Williams,Male,1996-01-25,England,19/04/2022
CUST22912,Linda,Taylor,Female,1996-06-17,England,17/09/2021
CUST22913,Isla,Roberts,Male,1966-12-06,England,20/02/2024
CUST22914,Noah,Davies,Female,2001-02-24,England,18/01/2023
CUST22915,Robert,Taylor,Male,1966-05-12,Scotland,20/01/2022
CUST22916,Jennifer,White,Female,1986-11-24,Scotland,08/07/2023
CUST22917,Amelia,Jones,Female,1971-06-08,England,13/05/2023
CUST22918,Noah,Robinson,Female,1996-10-22,England,20/11/2022
CUST22919,Barbara,Walker,Female,1981-05-15,England,03/07/2024
CUST22920,Olivia,Jones,Male,1986-08-16,England,05/03/2022
CUST22921,Susan,Johnson,Male,1966-12-27,England,07/02/2024
CUST22922,Amelia,Johnson,Female,2001-08-05,England,04/01/2025
CUST22923,Olivia,Williams,Female,1996-10-09,England,31/03/2024
CUST22924,Mary,Davies,Male,1961-09-05,England,15/05/2023
CUST22925,Noah,White,Female,2001-02-23,England,07/05/2023
CUST22926,Linda,Roberts,Male,1981-02-23,England,12/11/2021
CUST22927,James,Johnson,Male,2006-08-23,England,11/01/2023
CUST22928,Emily,Wright,Male,2006-05-07,England,31/10/2022
CUST22929,Joseph,Taylor,Male,1981-06-08,Wales,02/03/2022
CUST22930,Jessica,Taylor,Female,1986-06-11,England,15/01/2024
CUST22931,Elizabeth,White,Female,1981-10-21,England,30/11/2022
CUST22932,Jack,White,Female,1986-12-21,England,17/01/2024
CUST22933,David,Brown,Male,1976-12-27,England,14/08/2023
CUST22934,Emily,Wright,Female,1956-01-22,England,11/08/2022
CUST22935,Amelia,Brown,Female,1996-09-26,England,27/11/2023
CUST22936,Olivia,Thompson,Female,1991-09-08,Scotland,27/08/2021
CUST22937,Olivia,Smith,Male,1991-11-17,England,14/01/2022
CUST22938,Joseph,Taylor,Female,1976-06-15,England,13/03/2022
CUST22939,Linda,Taylor,Male,1991-07-05,England,06/04/2024
CUST22940,Olivia,Roberts,Male,1981-06-26,England,12/08/2021
CUST22941,Isla,Davies,Female,1986-05-04,England,20/08/2022
CUST22942,Sarah,Williams,Female,1981-03-24,England,04/12/2024
CUST22943,Charles,Brown,Male,1971-08-08,Scotland,07/10/2021
CUST22944,Jennifer,Taylor,Male,1986-01-06,Wales,30/01/2024
CUST22945,Barbara,Johnson,Male,1986-09-17,England,05/09/2021
CUST22946,Harry,Roberts,Male,1996-11-13,England,09/10/2023
CUST22947,David,Davies,Female,1986-03-11,England,10/02/2022
CUST22948,Michael,Evans,Female,1996-03-25,Scotland,18/02/2022
CUST22949,Karen,Taylor,Male,1971-07-19,England,25/05/2024
CUST22950,Noah,Wright,Female,1991-11-17,England,14/06/2024
CUST22951,Elizabeth,White,Female,2001-02-22,England,11/10/2023
CUST22952,Jack,White,Male,1996-06-22,England,08/01/2025
CUST22953,George,Davies,Male,1986-03-05,England,05/02/2024
CUST22954,Oliver,Wilson,Male,1966-11-12,Northern Ireland,20/09/2022
CUST22955,Karen,Taylor,Female,1991-11-25,England,22/02/2024
CUST22956,Barbara,Williams,Male,1996-02-22,England,30/08/2022
CUST22957,Sarah,Wilson,Female,1991-02-02,England,24/12/2021
CUST22958,Michael,Wright,Female,1961-02-07,England,20/07/2024
CUST22959,Jack,Brown,Female,1971-10-08,England,25/08/2022
CUST22960,Isla,Williams,Female,2001-11-14,England,31/01/2024
CUST22961,Harry,Thompson,Male,1981-05-22,England,18/06/2024
CUST22962,William,Roberts,Male,1976-02-14,England,19/11/2024
CUST22963,Olivia,White,Female,1976-08-05,England,31/08/2024
CUST22964,Barbara,Taylor,Male,1986-11-16,England,31/05/2023
CUST22965,Richard,Smith,Male,1976-11-06,Scotland,21/05/2023
CUST22966,Jack,Wright,Female,1981-06-19,England,23/06/2022
CUST22967,Sarah,Wilson,Female,1996-10-27,England,26/04/2024
CUST22968,Michael,Brown,Male,2006-12-18,Scotland,30/08/2023
CUST22969,Jessica,Taylor,Male,1991-10-25,England,16/11/2021
CUST22970,Richard,Robinson,Male,2006-06-15,England,11/05/2024
CUST22971,Richard,Thompson,Male,1991-04-22,Wales,19/03/2023
CUST22972,George,Williams,Male,1971-05-26,England,05/07/2022
CUST22973,Joseph,Wright,Female,1971-05-05,England,07/08/2021
CUST22974,Amelia,Jones,Female,2006-12-18,England,13/08/2022
CUST22975,Olivia,Wilson,Male,2006-09-07,Scotland,25/07/2022
CUST22976,Robert,White,Male,1981-11-03,England,20/07/2024
CUST22977,William,Taylor,Female,1986-10-07,England,07/06/2023
CUST22978,Isla,Jones,Female,2001-06-04,England,11/01/2025
CUST22979,David,Roberts,Male,1971-10-06,England,02/09/2023
CUST22980,Barbara,Wright,Female,1996-08-01,England,22/07/2024
CUST22981,Patricia,Wilson,Female,2006-09-27,England,29/12/2021
CUST22982,Richard,Evans,Male,1976-04-12,England,07/11/2023
CUST22983,Harry,Thompson,Male,1981-03-05,England,19/02/2024
CUST22984,Charles,Walker,Female,1991-03-10,England,29/12/2022
CUST22985,Jack,White,Male,1976-04-21,England,03/01/2024
CUST22986,Barbara,White,Female,1966-12-18,England,09/12/2024
CUST22987,George,Wright,Female,2006-12-02,England,12/01/2025
CUST22988,Noah,Roberts,Female,1981-02-04,Wales,01/05/2022
CUST22989,Robert,Walker,Female,1996-07-15,England,28/09/2021
CUST22990,Emily,Smith,Female,1986-12-27,England,13/10/2022
CUST22991,Elizabeth,Evans,Male,1991-10-02,England,09/09/2022
CUST22992,Patricia,Brown,Male,1991-08-24,England,06/03/2024
CUST22993,David,Johnson,Female,1996-08-02,England,04/07/2024
CUST22994,Michael,Johnson,Male,1971-04-14,England,28/01/2025
CUST22995,Richard,Wilson,Male,1991-12-07,England,08/03/2022
CUST22996,James,White,Female,1966-01-12,England,22/11/2021
CUST22997,Sarah,Williams,Male,1991-11-25,England,17/10/2021
CUST22998,Susan,Johnson,Male,1971-11-06,Wales,13/10/2021
CUST22999,Susan,Walker,Male,1986-04-18,England,28/02/2022
CUST23000,Linda,Davies,Male,1991-07-09,England,23/07/2022
CUST23001,William,Taylor,Male,1976-11-18,England,16/02/2025
CUST23002,William,Davies,Female,1976-06-02,England,30/04/2022
CUST23003,Jennifer,White,Male,1986-04-09,England,15/02/2025
CUST23004,Sarah,Roberts,Female,1991-01-26,England,29/03/2022
CUST23005,Robert,White,Male,1981-06-20,England,27/09/2022
CUST23006,David,Wilson,Female,1981-04-26,Wales,09/02/2023
CUST23007,James,Smith,Male,1991-11-19,England,29/07/2022
CUST23008,Jennifer,Wright,Male,1976-11-06,England,15/08/2023
CUST23009,Barbara,Walker,Female,1991-04-13,England,24/05/2024
CUST23010,Charles,Wilson,Male,1986-03-24,England,20/09/2022
CUST23011,Robert,Taylor,Female,1981-04-19,England,17/10/2021
CUST23012,George,Smith,Female,1956-05-15,Wales,11/01/2024
CUST23013,Elizabeth,Johnson,Male,1996-09-24,England,27/10/2024
CUST23014,Jessica,Robinson,Male,1996-02-04,England,03/06/2024
CUST23015,Jack,Roberts,Male,2001-12-26,England,08/06/2024
CUST23016,Jack,Taylor,Female,1981-09-04,England,25/09/2022
CUST23017,Jessica,Taylor,Male,1986-02-27,Scotland,01/03/2024
CUST23018,Emily,Smith,Male,1991-04-22,England,19/09/2023
CUST23019,Harry,Roberts,Female,1996-09-14,Scotland,05/08/2022
CUST23020,Olivia,Robinson,Female,1966-07-13,England,23/01/2022
CUST23021,James,Brown,Male,1986-07-01,England,20/12/2021
CUST23022,Michael,Wilson,Female,1981-01-09,Scotland,07/12/2024
CUST23023,Thomas,Evans,Female,2001-05-07,Northern Ireland,04/01/2023
CUST23024,Joseph,Davies,Female,2001-08-20,Scotland,08/11/2023
CUST23025,Harry,Brown,Female,2006-09-06,Scotland,23/10/2023
CUST23026,Barbara,Brown,Female,1991-06-22,England,16/06/2023
CUST23027,Isla,Taylor,Female,1986-07-09,England,07/01/2024
CUST23028,Thomas,Wright,Male,1996-03-23,England,12/02/2023
CUST23029,Karen,Thompson,Male,1991-10-10,Wales,27/05/2023
CUST23030,Olivia,Brown,Male,2006-09-21,Scotland,07/07/2022
CUST23031,Susan,Thompson,Female,1991-09-19,England,08/01/2022
CUST23032,John,Jones,Female,2001-09-27,England,08/05/2022
CUST23033,Olivia,Johnson,Female,2001-12-15,Northern Ireland,29/04/2024
CUST23034,William,White,Male,2006-11-10,England,31/08/2023
CUST23035,Jack,Evans,Male,1976-10-18,England,26/11/2024
CUST23036,Michael,Taylor,Male,1966-05-01,England,03/01/2022
CUST23037,Amelia,Thompson,Female,1981-01-27,England,10/02/2023
CUST23038,Amelia,White,Male,2001-01-19,Northern Ireland,02/10/2024
CUST23039,Oliver,Johnson,Male,1956-10-02,England,26/12/2021
CUST23040,William,Walker,Male,1961-11-05,England,19/04/2022
CUST23041,Robert,Johnson,Male,1986-08-01,England,14/01/2025
CUST23042,David,Williams,Male,2001-09-19,England,21/10/2023
CUST23043,Mary,Taylor,Male,1976-02-18,England,30/03/2024
CUST23044,Jessica,Davies,Female,1961-07-05,Wales,20/11/2021
CUST23045,Emily,Jones,Female,1976-08-15,England,11/11/2021
CUST23046,Jessica,Smith,Male,1981-02-14,England,08/07/2022
CUST23047,Mary,Roberts,Male,1981-10-14,England,20/09/2021
CUST23048,Charles,Brown,Male,1961-05-17,England,29/09/2022
CUST23049,Linda,Johnson,Female,2006-03-24,England,08/09/2023
CUST23050,Isla,Jones,Male,2001-09-25,England,15/05/2024
CUST23051,Elizabeth,Robinson,Female,1971-06-05,Scotland,10/12/2021
CUST23052,John,Wilson,Female,2001-07-26,England,25/03/2022
CUST23053,Sarah,Brown,Female,1991-07-16,Scotland,23/01/2023
CUST23054,Robert,Wilson,Female,1996-08-05,England,01/10/2022
CUST23055,Isla,Roberts,Male,1996-05-26,England,03/01/2022
CUST23056,Jennifer,Brown,Male,2006-10-10,England,05/11/2022
CUST23057,Sarah,Brown,Male,1986-11-13,England,07/05/2024
CUST23058,Susan,Brown,Female,1991-06-27,England,11/01/2024
CUST23059,Sarah,Wright,Female,1986-03-16,England,17/08/2024
CUST23060,Patricia,White,Male,1991-04-04,England,04/05/2023
CUST23061,Patricia,Davies,Male,1961-10-02,England,18/04/2024
CUST23062,Emily,Williams,Male,1981-04-23,England,07/02/2025
CUST23063,Olivia,Walker,Male,1961-10-10,England,30/10/2023
CUST23064,Isla,Wright,Male,1991-08-03,Wales,31/03/2023
CUST23065,Richard,Smith,Male,2006-06-02,England,03/09/2023
CUST23066,Jessica,Johnson,Male,1976-02-26,England,04/09/2021
CUST23067,Charles,Jones,Female,1971-07-16,Wales,13/06/2024
CUST23068,James,Taylor,Female,2006-09-15,England,03/06/2024
CUST23069,Barbara,Robinson,Female,1981-02-16,England,29/12/2023
CUST23070,Linda,Wilson,Female,1981-10-12,England,08/07/2023
CUST23071,Robert,Wilson,Female,2001-03-26,England,16/02/2023
CUST23072,Robert,Johnson,Female,1986-05-17,Scotland,26/02/2024
CUST23073,Linda,Williams,Female,1996-07-18,England,24/12/2021
CUST23074,Jennifer,Robinson,Female,2006-09-25,England,24/06/2023
CUST23075,David,Wilson,Female,1971-03-01,England,09/07/2022
CUST23076,Richard,White,Male,1986-05-09,Scotland,13/10/2023
CUST23077,Barbara,Roberts,Male,1976-10-23,England,04/04/2022
CUST23078,Karen,White,Female,1976-04-03,Wales,12/03/2023
CUST23079,Patricia,Roberts,Female,1956-08-09,Wales,25/07/2022
CUST23080,Charles,Davies,Male,1986-05-05,England,24/11/2022
CUST23081,David,Wilson,Male,1991-01-20,England,15/08/2024
CUST23082,James,Smith,Male,1996-07-23,Wales,19/01/2024
CUST23083,Isla,Smith,Female,1981-05-08,England,27/04/2024
CUST23084,Joseph,Johnson,Female,1986-04-19,England,07/02/2022
CUST23085,Harry,Brown,Male,1976-11-21,England,06/05/2023
CUST23086,Jessica,Thompson,Female,1991-10-25,England,03/02/2022
CUST23087,Jessica,Roberts,Female,2001-04-26,England,20/02/2024
CUST23088,Mary,Jones,Female,1971-07-13,England,03/03/2022
CUST23089,Patricia,Wright,Female,1971-09-03,England,14/01/2023
CUST23090,Amelia,Thompson,Female,1991-01-21,England,25/03/2023
CUST23091,William,Johnson,Male,1976-02-15,England,17/10/2024
CUST23092,Noah,Robinson,Male,1986-07-13,England,25/03/2023
CUST23093,Olivia,Davies,Male,1976-12-15,England,04/04/2023
CUST23094,Amelia,Walker,Female,1991-12-18,England,02/10/2023
CUST23095,Oliver,Evans,Male,1986-06-08,England,20/12/2021
CUST23096,Linda,Jones,Male,2006-09-09,England,22/11/2022
CUST23097,Amelia,Taylor,Male,2001-06-10,England,04/09/2022
CUST23098,Isla,Wilson,Male,1976-11-14,England,08/09/2021
CUST23099,Isla,Smith,Male,1991-07-19,England,30/10/2023
CUST23100,Robert,Williams,Female,2006-11-02,England,07/02/2024
CUST23101,Joseph,Evans,Female,2001-05-08,England,15/09/2023
CUST23102,Linda,Williams,Male,1991-12-20,England,29/03/2022
CUST23103,Oliver,Thompson,Female,1976-09-01,England,23/04/2022
CUST23104,Linda,Roberts,Male,1991-10-22,England,28/12/2024
CUST23105,Barbara,Robinson,Male,1976-01-21,Scotland,26/12/2022
CUST23106,Jessica,White,Female,1971-10-09,England,15/10/2022
CUST23107,Michael,Williams,Female,1991-02-17,England,08/11/2022
CUST23108,Isla,Davies,Male,1971-12-14,England,02/05/2022
CUST23109,Jennifer,Thompson,Female,2001-03-07,England,26/09/2023
CUST23110,Jessica,Jones,Male,1991-10-05,Northern Ireland,10/10/2023
CUST23111,Sarah,Robinson,Female,2001-08-26,Wales,01/08/2023
CUST23112,Michael,Smith,Female,2006-05-24,England,19/03/2022
CUST23113,Emily,Wilson,Female,2006-11-25,England,06/08/2023
CUST23114,John,Wilson,Female,2001-05-04,England,04/06/2024
CUST23115,Jennifer,Thompson,Female,1971-01-27,England,24/12/2024
CUST23116,Joseph,Evans,Female,1986-01-17,England,29/01/2025
CUST23117,Emily,Walker,Female,1961-11-14,England,22/06/2024
CUST23118,Amelia,Johnson,Female,1986-05-10,England,04/05/2024
CUST23119,James,Davies,Male,1981-10-07,England,21/08/2024
CUST23120,John,Jones,Male,1996-01-09,England,10/01/2022
CUST23121,James,Walker,Male,1986-01-05,England,27/08/2024
CUST23122,Jessica,Jones,Male,1991-12-22,England,21/12/2022
CUST23123,Elizabeth,Walker,Male,1966-02-26,England,11/07/2024
CUST23124,Harry,Thompson,Male,1966-09-27,England,29/03/2022
CUST23125,William,Thompson,Female,1996-05-25,England,23/09/2023
CUST23126,William,Wilson,Female,1981-07-04,England,23/11/2023
CUST23127,Harry,Evans,Male,1981-02-21,England,18/12/2021
CUST23128,Emily,Davies,Male,1986-04-24,England,30/01/2025
CUST23129,Patricia,Brown,Female,2001-10-14,England,03/11/2022
CUST23130,Thomas,White,Male,1981-07-16,England,15/02/2024
CUST23131,David,Evans,Male,1976-07-11,England,22/07/2023
CUST23132,Sarah,Williams,Male,1991-12-23,England,13/02/2024
CUST23133,Jack,Johnson,Female,1986-05-19,Northern Ireland,25/06/2024
CUST23134,Jennifer,Johnson,Male,2001-10-17,Northern Ireland,17/11/2024
CUST23135,Emily,Johnson,Male,1966-09-01,England,26/08/2024
CUST23136,Richard,White,Male,2001-06-26,England,28/08/2024
CUST23137,Michael,Robinson,Male,1996-04-15,England,15/12/2022
CUST23138,Michael,Robinson,Male,1996-05-26,England,03/03/2024
CUST23139,Oliver,Roberts,Male,1971-11-19,England,28/09/2022
CUST23140,William,Johnson,Male,1976-04-15,Wales,21/11/2021
CUST23141,Charles,Jones,Female,2006-08-21,Northern Ireland,12/09/2022
CUST23142,Harry,Johnson,Female,1996-02-07,England,05/12/2022
CUST23143,James,Roberts,Female,1976-05-13,Wales,24/06/2024
CUST23144,Isla,White,Male,1991-12-01,England,03/03/2024
CUST23145,Joseph,Evans,Male,2006-07-21,England,10/05/2022
CUST23146,John,Williams,Female,1961-10-09,Scotland,04/06/2024
CUST23147,Barbara,Brown,Male,2001-04-03,Northern Ireland,04/12/2022
CUST23148,Charles,Wilson,Male,1986-10-22,England,09/02/2023
CUST23149,Barbara,Davies,Male,1996-12-07,England,20/09/2022
CUST23150,Mary,Wright,Female,1976-12-07,England,02/11/2021
CUST23151,Oliver,Evans,Male,1976-06-04,England,06/09/2024
CUST23152,Linda,Walker,Female,1991-09-17,England,02/10/2022
CUST23153,Richard,Evans,Male,1981-11-10,England,08/07/2022
CUST23154,David,Williams,Female,1966-10-16,England,15/11/2023
CUST23155,Michael,Robinson,Male,1971-12-10,England,12/09/2022
CUST23156,Harry,Jones,Male,1991-01-21,England,23/12/2024
CUST23157,George,Roberts,Female,1986-07-11,England,23/07/2024
CUST23158,Jack,Jones,Male,1966-10-22,England,02/11/2021
CUST23159,Barbara,Brown,Male,2006-09-13,England,22/01/2025
CUST23160,John,Walker,Male,2006-02-01,England,01/07/2022
CUST23161,Joseph,Jones,Female,1996-07-12,England,04/10/2022
CUST23162,Jack,Walker,Male,1971-02-07,England,01/09/2022
CUST23163,Isla,Wright,Female,2001-02-14,England,08/01/2024
CUST23164,Mary,Johnson,Female,1996-02-04,England,26/11/2021
CUST23165,Barbara,Jones,Female,1981-12-21,England,04/10/2023
CUST23166,Robert,Smith,Male,1996-04-17,England,23/08/2023
CUST23167,William,Wilson,Male,1991-06-04,England,23/07/2023
CUST23168,Thomas,Walker,Female,1986-04-27,England,02/09/2023
CUST23169,Jennifer,Jones,Male,1996-11-10,England,29/03/2022
CUST23170,David,Robinson,Male,1956-11-06,England,08/03/2024
CUST23171,William,Jones,Male,2001-08-01,Scotland,30/09/2021
CUST23172,Noah,Wright,Female,1971-10-07,England,03/01/2025
CUST23173,William,Williams,Male,1986-02-01,England,23/06/2024
CUST23174,Isla,Evans,Male,2001-12-14,Northern Ireland,27/08/2023
CUST23175,Olivia,Brown,Female,2001-06-17,England,04/10/2021
CUST23176,George,Roberts,Female,1986-05-10,England,06/12/2024
CUST23177,Amelia,Wilson,Male,1991-03-24,Wales,08/03/2023
CUST23178,Isla,Williams,Male,1996-11-27,England,29/10/2024
CUST23179,Patricia,Brown,Male,1961-03-09,England,23/12/2022
CUST23180,James,Brown,Male,1986-11-18,Scotland,20/01/2023
CUST23181,Karen,Walker,Male,1966-09-11,England,01/05/2024
CUST23182,Amelia,Robinson,Male,2001-10-08,England,02/11/2023
CUST23183,Amelia,Wright,Male,1996-01-06,England,25/02/2022
CUST23184,Olivia,Williams,Female,1981-09-15,England,11/08/2022
CUST23185,Michael,Roberts,Male,1996-12-04,England,01/08/2022
CUST23186,Joseph,Roberts,Male,1996-05-19,England,24/12/2024
CUST23187,Olivia,Roberts,Male,2001-06-24,Scotland,30/08/2023
CUST23188,Amelia,Evans,Male,2006-02-10,England,29/12/2024
CUST23189,Charles,Brown,Male,1976-06-16,England,07/09/2024
CUST23190,William,Davies,Male,1996-09-27,England,28/01/2022
CUST23191,Amelia,Wright,Female,1961-04-20,England,03/09/2024
CUST23192,Emily,Robinson,Male,1996-09-11,England,19/01/2023
CUST23193,Noah,White,Male,1991-02-24,England,17/12/2021
CUST23194,Susan,Taylor,Male,1991-09-02,England,27/02/2022
CUST23195,Sarah,Thompson,Male,1986-08-16,England,24/05/2024
CUST23196,Noah,Roberts,Male,1971-03-07,England,16/12/2024
CUST23197,David,Evans,Male,1971-05-05,England,31/01/2025
CUST23198,Sarah,Walker,Female,2006-03-14,England,04/10/2022
CUST23199,Emily,White,Male,1991-08-20,Scotland,09/07/2022
CUST23200,Oliver,Roberts,Female,1971-08-20,Northern Ireland,05/02/2024
CUST23201,Isla,Johnson,Male,2006-07-21,England,23/08/2022
CUST23202,Jennifer,Walker,Male,1986-03-08,England,27/10/2024
CUST23203,John,Johnson,Male,1996-03-12,Scotland,19/11/2021
CUST23204,Noah,Wilson,Female,1991-10-04,Northern Ireland,12/07/2024
CUST23205,Michael,Thompson,Female,1991-06-17,England,07/09/2023
CUST23206,Noah,Thompson,Female,1991-06-22,Scotland,30/07/2024
CUST23207,Jack,Johnson,Male,1966-04-14,England,20/06/2024
CUST23208,Patricia,Taylor,Female,1986-12-09,England,13/12/2021
CUST23209,Jessica,White,Male,1966-03-09,England,19/07/2023
CUST23210,Joseph,Walker,Female,1976-10-18,England,14/06/2022
CUST23211,Joseph,Taylor,Male,1991-10-19,England,05/12/2024
CUST23212,Amelia,Robinson,Male,1986-03-13,England,14/06/2023
CUST23213,Harry,Roberts,Female,1991-01-07,England,08/02/2023
CUST23214,Linda,Walker,Female,1971-03-12,Wales,23/01/2025
CUST23215,Richard,White,Male,1996-04-09,England,19/05/2024
CUST23216,John,Wright,Male,1966-09-03,England,29/12/2024
CUST23217,Olivia,Jones,Female,1981-07-11,England,05/04/2024
CUST23218,William,Johnson,Female,1981-06-23,England,26/04/2024
CUST23219,James,Davies,Female,1986-06-17,England,15/11/2021
CUST23220,Isla,Johnson,Male,1986-12-04,England,03/03/2024
CUST23221,Michael,White,Female,1981-12-24,England,05/07/2024
CUST23222,Patricia,Taylor,Female,1981-01-06,England,27/10/2021
CUST23223,David,White,Male,1996-11-17,England,29/08/2023
CUST23224,Susan,Robinson,Male,1981-05-16,England,03/04/2024
CUST23225,Elizabeth,Taylor,Female,1991-10-20,England,08/12/2021
CUST23226,John,Taylor,Male,1981-12-21,England,14/09/2023
CUST23227,Charles,Roberts,Female,1986-07-08,England,30/10/2024
CUST23228,Jessica,Johnson,Female,2001-08-21,England,01/07/2024
CUST23229,Isla,Robinson,Female,1976-06-16,England,15/11/2021
CUST23230,Linda,Walker,Female,1986-01-10,Northern Ireland,01/02/2023
CUST23231,Olivia,Williams,Male,1986-01-03,England,11/09/2022
CUST23232,Robert,Robinson,Female,1981-05-16,England,07/04/2024
CUST23233,Olivia,Roberts,Female,1981-10-13,England,05/08/2021
CUST23234,Robert,White,Male,1976-05-13,England,30/01/2023
CUST23235,David,Williams,Female,1996-06-19,England,24/12/2022
CUST23236,Richard,White,Female,2001-07-20,England,27/05/2022
CUST23237,Charles,Williams,Female,1981-04-05,England,19/09/2024
CUST23238,Amelia,Williams,Male,1996-06-09,England,05/12/2024
CUST23239,Thomas,Taylor,Female,2001-08-25,England,12/06/2023
CUST23240,Charles,Williams,Female,2001-11-17,England,07/10/2022
CUST23241,Harry,Wright,Female,1991-10-12,England,07/06/2024
CUST23242,Karen,Johnson,Female,1956-10-27,England,28/10/2024
CUST23243,David,Johnson,Male,2001-07-19,England,10/01/2023
CUST23244,David,Smith,Female,1996-09-23,England,09/03/2022
CUST23245,Susan,Roberts,Male,1966-02-13,England,19/08/2021
CUST23246,Amelia,Wright,Female,1961-02-05,Scotland,07/08/2023
CUST23247,Olivia,Roberts,Male,1996-12-20,England,06/09/2024
CUST23248,Jack,Robinson,Female,1966-08-23,England,05/01/2025
CUST23249,Richard,Taylor,Female,2001-02-16,England,02/03/2023
CUST23250,William,Davies,Female,1976-05-12,England,06/03/2022
CUST23251,David,Thompson,Male,2006-12-04,England,04/08/2023
CUST23252,Thomas,Brown,Male,1991-01-07,Northern Ireland,06/11/2021
CUST23253,Sarah,Evans,Female,1996-06-25,England,10/04/2023
CUST23254,Richard,Evans,Male,1976-11-05,England,30/11/2022
CUST23255,Olivia,Davies,Female,2006-12-18,England,10/09/2024
CUST23256,Charles,Wilson,Male,1986-05-18,England,15/12/2024
CUST23257,Sarah,Wright,Male,1976-11-13,Scotland,18/09/2024
CUST23258,Jessica,Smith,Female,2006-09-27,England,23/01/2022
CUST23259,Barbara,Walker,Male,1966-05-19,England,17/11/2024
CUST23260,David,White,Male,1991-10-27,England,15/05/2022
CUST23261,Thomas,Taylor,Female,2001-10-08,England,15/01/2023
CUST23262,Joseph,Thompson,Female,1996-04-21,Scotland,18/12/2023
CUST23263,David,Evans,Male,1991-02-21,England,06/07/2024
CUST23264,Olivia,Johnson,Male,1996-10-25,England,24/08/2023
CUST23265,Michael,Evans,Female,1986-01-12,Wales,15/03/2023
CUST23266,Linda,Johnson,Male,1981-10-09,England,03/02/2024
CUST23267,Elizabeth,Wright,Female,1986-05-22,England,13/06/2023
CUST23268,John,Robinson,Male,1991-09-20,England,28/09/2024
CUST23269,Karen,Taylor,Male,1976-08-08,England,25/01/2024
CUST23270,Robert,Roberts,Male,1991-01-09,England,27/01/2023
CUST23271,Amelia,Thompson,Female,1981-01-22,England,19/11/2022
CUST23272,Jennifer,Johnson,Male,1966-08-16,England,09/02/2024
CUST23273,Thomas,Wilson,Female,1996-07-25,England,05/06/2022
CUST23274,David,Roberts,Male,1981-01-18,England,21/03/2022
CUST23275,Olivia,Robinson,Female,1961-12-27,Wales,28/09/2021
CUST23276,Karen,Smith,Female,1986-03-09,Scotland,14/01/2025
CUST23277,Sarah,Roberts,Male,1961-11-21,England,04/04/2022
CUST23278,Elizabeth,Brown,Male,1991-02-06,Wales,03/11/2024
CUST23279,Joseph,White,Female,1986-03-20,England,08/04/2024
CUST23280,Linda,Brown,Female,1991-07-12,England,03/10/2024
CUST23281,Emily,Davies,Female,2006-07-15,England,30/01/2025
CUST23282,Karen,Taylor,Female,1956-08-22,England,03/03/2023
CUST23283,Oliver,Thompson,Male,1996-03-03,England,24/01/2024
CUST23284,Linda,Walker,Male,1961-04-07,England,30/10/2023
CUST23285,Oliver,Thompson,Male,1981-04-16,England,05/04/2024
CUST23286,Jessica,Jones,Female,1966-06-12,England,13/02/2023
CUST23287,Mary,Smith,Male,1961-12-16,England,26/10/2023
CUST23288,Sarah,Wright,Female,1986-06-12,England,06/08/2023
CUST23289,William,Robinson,Male,1956-12-02,England,24/02/2022
CUST23290,Thomas,Thompson,Female,1976-04-26,England,09/07/2024
CUST23291,Robert,Roberts,Male,1986-03-19,England,29/06/2023
CUST23292,Mary,Davies,Male,1981-02-17,England,04/06/2023
CUST23293,Amelia,Thompson,Female,1996-03-05,England,09/02/2025
CUST23294,Harry,Wright,Male,2006-04-06,England,06/10/2024
CUST23295,Sarah,White,Male,1996-05-17,England,24/07/2023
CUST23296,Karen,Thompson,Male,1986-09-02,England,22/09/2024
CUST23297,Barbara,Brown,Male,1996-06-13,England,16/09/2022
CUST23298,Linda,Davies,Female,1986-09-25,England,12/06/2022
CUST23299,Robert,Wright,Female,1981-02-24,England,23/12/2022
CUST23300,Richard,Wilson,Female,1981-12-14,England,30/04/2022
CUST23301,Emily,Jones,Female,1966-02-07,England,10/12/2022
CUST23302,Robert,Roberts,Female,1961-01-02,England,17/09/2023
CUST23303,Karen,Evans,Female,1966-06-05,England,19/11/2022
CUST23304,Jennifer,Jones,Male,1981-08-08,England,25/12/2023
CUST23305,David,Wilson,Female,1996-03-15,England,29/08/2023
CUST23306,James,Wright,Male,1961-02-20,England,20/05/2023
CUST23307,Elizabeth,Smith,Female,2001-11-13,England,12/08/2023
CUST23308,Elizabeth,Smith,Male,2001-10-23,England,20/07/2024
CUST23309,Robert,Evans,Male,1991-10-05,England,03/11/2021
CUST23310,James,Davies,Male,1981-03-12,Wales,27/10/2024
CUST23311,David,Evans,Male,1981-07-17,Scotland,02/04/2023
CUST23312,Oliver,Williams,Female,2006-09-02,England,03/08/2024
CUST23313,Richard,Roberts,Female,1976-06-25,Scotland,24/03/2024
CUST23314,George,Thompson,Female,2001-03-27,England,23/04/2023
CUST23315,Emily,White,Male,1996-10-20,England,28/07/2023
CUST23316,Isla,Robinson,Male,1991-12-19,Wales,15/02/2025
CUST23317,Joseph,White,Female,1991-02-06,Northern Ireland,15/09/2024
CUST23318,Thomas,Roberts,Female,1976-09-05,England,14/09/2024
CUST23319,Amelia,Davies,Male,2006-11-07,England,14/05/2023
CUST23320,Linda,Brown,Male,1996-07-04,England,18/11/2021
CUST23321,Harry,Thompson,Female,2006-01-16,England,03/10/2024
CUST23322,Harry,Robinson,Female,1976-09-26,England,07/08/2022
CUST23323,Linda,Roberts,Male,1956-12-19,England,15/04/2022
CUST23324,John,Roberts,Male,1981-04-24,England,13/10/2021
CUST23325,Barbara,Evans,Male,1981-02-27,Scotland,09/09/2024
CUST23326,George,Taylor,Female,1966-04-18,England,20/08/2021
CUST23327,Amelia,Johnson,Female,1996-10-03,England,30/09/2021
CUST23328,Michael,Brown,Male,2006-07-26,England,27/09/2021
CUST23329,Elizabeth,Evans,Female,1986-01-15,England,07/11/2022
CUST23330,David,Johnson,Male,1996-08-15,England,01/03/2023
CUST23331,Michael,Wright,Male,1986-10-27,England,23/08/2021
CUST23332,Amelia,Wilson,Male,1986-03-19,England,31/01/2023
CUST23333,David,White,Female,1991-08-03,England,24/11/2023
CUST23334,George,Davies,Female,1986-03-21,England,17/02/2023
CUST23335,Karen,White,Female,1991-01-27,England,27/01/2022
CUST23336,David,Williams,Male,2001-05-07,England,18/11/2023
CUST23337,Sarah,Brown,Female,1971-10-13,England,01/01/2025
CUST23338,Noah,Taylor,Female,1976-09-03,England,07/10/2021
CUST23339,Isla,Thompson,Female,2006-02-20,England,11/09/2021
CUST23340,Amelia,Evans,Male,2001-03-04,England,30/11/2023
CUST23341,Jack,Williams,Female,2001-07-12,England,14/07/2024
CUST23342,Linda,Wright,Female,2006-04-18,England,17/11/2024
CUST23343,James,Robinson,Male,2006-04-23,England,01/09/2021
CUST23344,Robert,Davies,Male,2001-06-09,England,09/10/2024
CUST23345,David,Thompson,Male,1971-10-25,England,08/08/2023
CUST23346,Jack,Wright,Female,1971-07-01,England,04/02/2025
CUST23347,Thomas,Evans,Female,1976-11-05,England,25/06/2023
CUST23348,Patricia,Thompson,Male,1981-02-04,England,11/06/2022
CUST23349,Michael,Thompson,Male,1976-06-21,England,10/09/2021
CUST23350,William,Thompson,Female,1976-07-10,Scotland,11/12/2021
CUST23351,Jack,Taylor,Male,1966-10-01,England,31/10/2021
CUST23352,Thomas,White,Female,1976-07-22,England,15/05/2024
CUST23353,Patricia,White,Female,1976-11-08,Wales,03/10/2022
CUST23354,John,Smith,Female,1971-11-19,England,13/03/2022
CUST23355,Thomas,Wilson,Male,1986-09-15,England,23/12/2023
CUST23356,David,Walker,Female,1996-05-04,England,11/11/2024
CUST23357,Robert,Roberts,Female,2001-04-17,England,10/04/2023
CUST23358,Joseph,Walker,Male,1991-07-24,England,16/09/2022
CUST23359,Patricia,Taylor,Female,2001-06-10,England,22/02/2024
CUST23360,David,Johnson,Female,2001-01-23,England,02/02/2024
CUST23361,Jennifer,Thompson,Female,2006-03-08,England,21/07/2024
CUST23362,Thomas,Davies,Male,1991-11-08,England,19/03/2022
CUST23363,Jennifer,Brown,Female,1961-06-05,England,28/10/2023
CUST23364,Richard,Johnson,Female,1991-12-06,Scotland,26/02/2022
CUST23365,Sarah,Roberts,Male,1996-03-07,England,04/09/2022
CUST23366,James,Robinson,Female,1991-12-18,Northern Ireland,22/09/2022
CUST23367,William,Walker,Male,1991-10-04,England,02/01/2024
CUST23368,Harry,Wilson,Male,1981-05-15,England,18/08/2022
CUST23369,Elizabeth,Wilson,Female,1981-08-08,England,04/04/2024
CUST23370,Thomas,Thompson,Male,2006-12-04,Wales,14/02/2022
CUST23371,Susan,Brown,Female,1986-08-23,England,21/05/2023
CUST23372,Olivia,Evans,Male,2006-12-15,England,15/10/2021
CUST23373,Joseph,White,Male,1981-02-08,England,03/09/2023
CUST23374,Sarah,Jones,Male,1966-02-18,England,12/02/2024
CUST23375,George,Walker,Female,1966-01-25,England,14/11/2024
CUST23376,William,Robinson,Female,1996-04-08,England,01/05/2022
CUST23377,Oliver,Wilson,Female,1976-10-07,England,13/09/2023
CUST23378,Harry,Smith,Female,1976-12-19,England,30/12/2021
CUST23379,Joseph,Brown,Female,1971-07-14,England,22/05/2024
CUST23380,Richard,Roberts,Male,1996-06-19,England,22/02/2023
CUST23381,Joseph,Wilson,Male,1986-12-05,England,13/02/2022
CUST23382,Sarah,Johnson,Male,1996-08-26,England,13/02/2022
CUST23383,Isla,Wilson,Female,2006-07-01,Northern Ireland,01/05/2023
CUST23384,James,Thompson,Female,1981-02-08,England,05/11/2024
CUST23385,George,Thompson,Male,1986-03-17,England,16/11/2024
CUST23386,Isla,Jones,Male,1996-09-15,England,22/01/2022
CUST23387,William,Taylor,Female,1971-09-10,England,30/12/2022
CUST23388,Oliver,Roberts,Male,1986-06-27,England,08/12/2024
CUST23389,David,Thompson,Male,1956-09-10,England,18/02/2024
CUST23390,Charles,White,Male,1976-09-19,England,27/11/2021
CUST23391,Elizabeth,Roberts,Female,1971-01-12,Scotland,15/07/2023
CUST23392,Jennifer,Robinson,Male,1976-11-12,England,14/11/2022
CUST23393,Thomas,Robinson,Male,2001-09-21,England,12/03/2022
CUST23394,William,Taylor,Female,2006-03-10,England,18/03/2024
CUST23395,William,Wright,Female,1966-03-11,England,12/02/2024
CUST23396,Robert,Jones,Female,2001-12-22,England,12/02/2023
CUST23397,Susan,Taylor,Female,1991-04-03,England,18/08/2024
CUST23398,Linda,White,Female,1981-01-12,England,28/05/2023
CUST23399,Richard,Robinson,Male,1996-01-08,England,17/06/2022
CUST23400,George,Walker,Male,1996-03-14,Scotland,21/12/2021
CUST23401,Barbara,Smith,Female,1986-08-16,England,25/01/2024
CUST23402,Amelia,Williams,Male,1991-06-12,England,05/04/2023
CUST23403,Mary,Wright,Male,1981-09-27,England,12/09/2021
CUST23404,Harry,Davies,Female,2006-03-25,England,19/05/2023
CUST23405,Barbara,Roberts,Male,1986-03-04,England,02/11/2024
CUST23406,William,Robinson,Male,2001-05-18,England,13/01/2023
CUST23407,Robert,Wright,Male,1981-10-09,England,01/11/2024
CUST23408,Susan,Wilson,Female,2001-07-20,England,05/03/2022
CUST23409,William,Robinson,Male,1996-10-14,England,09/09/2023
CUST23410,William,Evans,Male,1971-02-26,England,18/07/2024
CUST23411,Karen,Roberts,Male,1996-05-26,England,23/11/2023
CUST23412,Robert,Williams,Male,1976-06-02,England,13/05/2023
CUST23413,Sarah,Evans,Male,1996-01-03,England,16/08/2023
CUST23414,Elizabeth,Johnson,Female,1996-04-01,England,15/01/2023
CUST23415,Barbara,Robinson,Male,1996-04-22,England,29/04/2022
CUST23416,Mary,Taylor,Female,1966-06-07,England,28/10/2021
CUST23417,George,Wright,Male,1991-02-20,England,10/12/2024
CUST23418,Richard,Jones,Female,1996-04-09,Wales,08/03/2022
CUST23419,Joseph,Evans,Female,1986-12-09,England,15/06/2024
CUST23420,Harry,Wilson,Female,1991-02-17,England,07/02/2023
CUST23421,Elizabeth,Robinson,Female,1976-10-21,England,13/10/2023
CUST23422,John,Robinson,Male,1956-07-16,England,16/03/2022
CUST23423,Noah,Jones,Female,1986-01-16,England,15/10/2022
CUST23424,James,Williams,Male,1986-05-20,England,03/09/2023
CUST23425,Isla,Taylor,Female,1991-07-05,England,22/10/2023
CUST23426,Barbara,Thompson,Female,1961-04-16,England,09/09/2021
CUST23427,Harry,White,Female,1986-04-08,England,23/02/2023
CUST23428,Robert,Smith,Male,2001-09-05,England,30/09/2021
CUST23429,Sarah,Taylor,Male,1961-01-09,England,05/07/2022
CUST23430,Elizabeth,Thompson,Female,1961-12-06,England,04/10/2023
CUST23431,Harry,Evans,Male,1986-04-09,Scotland,10/08/2023
CUST23432,Jack,Davies,Female,1991-05-01,Scotland,26/09/2021
CUST23433,Jack,Wright,Female,1981-02-21,England,08/08/2024
CUST23434,Olivia,Evans,Male,1971-11-10,England,01/09/2023
CUST23435,Noah,Brown,Male,1986-03-18,England,15/10/2022
CUST23436,Elizabeth,White,Female,1991-10-21,Wales,25/03/2024
CUST23437,Patricia,Taylor,Male,1991-04-23,Northern Ireland,10/06/2023
CUST23438,Olivia,Evans,Male,1991-01-03,Wales,12/11/2022
CUST23439,George,Taylor,Male,2001-05-14,England,30/10/2022
CUST23440,Jack,Williams,Male,1976-07-12,Northern Ireland,09/06/2023
CUST23441,Elizabeth,Walker,Male,2001-06-10,England,26/03/2023
CUST23442,Emily,Williams,Male,1991-12-22,England,11/09/2023
CUST23443,Michael,Smith,Male,1971-07-02,England,13/09/2024
CUST23444,Karen,Wright,Female,1991-10-09,Scotland,25/10/2022
CUST23445,Michael,Thompson,Female,1996-05-22,Northern Ireland,08/08/2024
CUST23446,Linda,Johnson,Male,1961-02-11,England,08/11/2021
CUST23447,George,Evans,Female,2001-06-03,England,05/11/2023
CUST23448,Karen,Wright,Male,1966-07-05,England,28/06/2023
CUST23449,Oliver,Wilson,Male,2006-06-09,England,06/03/2023
CUST23450,John,Wilson,Female,1991-10-07,England,16/02/2022
CUST23451,Emily,Wright,Female,1981-12-19,England,05/12/2023
CUST23452,Jennifer,Davies,Female,1991-01-05,England,25/05/2023
CUST23453,Linda,Taylor,Female,1986-01-21,Scotland,10/09/2024
CUST23454,David,Williams,Male,1996-04-09,England,12/10/2022
CUST23455,Olivia,Jones,Female,1986-08-02,Scotland,02/09/2024
CUST23456,Emily,Wilson,Male,2001-01-01,England,26/06/2024
CUST23457,Mary,Thompson,Male,1976-03-17,England,21/11/2022
CUST23458,Jack,Wright,Male,1981-05-20,England,14/04/2023
CUST23459,Robert,Taylor,Female,1986-05-04,England,27/10/2024
CUST23460,Noah,Davies,Female,2006-11-09,Wales,22/03/2022
CUST23461,Oliver,Thompson,Male,1986-07-21,Scotland,26/02/2024
CUST23462,Oliver,Taylor,Male,1986-11-24,England,15/11/2022
CUST23463,Charles,Walker,Female,1996-10-20,England,01/12/2021
CUST23464,David,Wilson,Female,1981-05-17,England,07/03/2022
CUST23465,William,Wilson,Female,2006-12-21,Scotland,25/07/2022
CUST23466,David,Taylor,Male,1996-11-09,England,09/05/2022
CUST23467,Oliver,Brown,Male,1976-06-02,England,13/07/2022
CUST23468,Elizabeth,White,Male,2001-11-16,England,08/09/2022
CUST23469,Noah,Evans,Female,1996-04-16,Northern Ireland,22/01/2023
CUST23470,Amelia,Williams,Male,1981-03-22,England,27/01/2023
CUST23471,Harry,Taylor,Female,1976-10-07,England,26/01/2025
CUST23472,Noah,Williams,Male,2006-10-25,England,10/02/2025
CUST23473,Oliver,Roberts,Female,2001-03-14,England,22/07/2023
CUST23474,Susan,Williams,Male,1986-10-12,Scotland,14/06/2023
CUST23475,William,Walker,Female,1981-07-27,England,19/03/2023
CUST23476,Jennifer,Johnson,Male,1986-07-15,England,13/09/2024
CUST23477,John,Thompson,Male,1981-11-03,Scotland,10/08/2023
CUST23478,Emily,Smith,Female,1976-02-07,England,01/04/2024
CUST23479,Elizabeth,Roberts,Male,1961-05-17,England,24/02/2023
CUST23480,Amelia,Robinson,Male,1991-04-07,England,08/09/2022
CUST23481,Jack,Thompson,Male,2001-07-05,England,09/03/2024
CUST23482,David,Johnson,Female,1996-02-09,England,25/05/2024
CUST23483,Amelia,Davies,Male,2001-02-14,England,07/06/2024
CUST23484,Karen,White,Male,1991-09-03,England,07/06/2023
CUST23485,Harry,Robinson,Female,1971-01-15,England,10/09/2022
CUST23486,Sarah,Thompson,Male,1991-06-20,England,08/03/2023
CUST23487,Robert,Robinson,Male,2001-12-13,England,06/03/2024
CUST23488,Elizabeth,Smith,Female,1986-12-19,England,05/02/2024
CUST23489,George,Taylor,Male,1956-03-18,England,10/02/2023
CUST23490,Noah,White,Female,1996-12-14,England,23/02/2022
CUST23491,Joseph,Brown,Male,1976-05-27,England,06/08/2021
CUST23492,Jessica,Brown,Male,1971-03-17,England,17/06/2024
CUST23493,Emily,Roberts,Female,1991-07-22,Wales,18/02/2023
CUST23494,Charles,Jones,Male,1981-06-18,Scotland,19/10/2021
CUST23495,Elizabeth,Davies,Female,1986-05-26,England,15/03/2023
CUST23496,Harry,Thompson,Male,1996-06-12,England,30/05/2024
CUST23497,Olivia,Evans,Male,1991-02-06,England,07/04/2024
CUST23498,Olivia,Roberts,Male,2001-04-05,England,04/01/2023
CUST23499,Emily,Evans,Female,1976-03-27,England,19/01/2023
CUST23500,Noah,Walker,Female,1971-12-22,England,07/02/2025
CUST23501,Harry,Johnson,Male,1991-06-09,England,05/08/2022
CUST23502,Olivia,Taylor,Male,1986-07-13,England,10/02/2022
CUST23503,John,Williams,Female,1996-06-01,Northern Ireland,29/12/2022
CUST23504,Jennifer,Jones,Male,2001-11-26,England,08/04/2024
CUST23505,Karen,Walker,Male,1981-10-12,England,16/03/2024
CUST23506,Michael,Taylor,Female,2001-09-11,England,09/09/2023
CUST23507,George,Evans,Male,1976-04-07,England,12/06/2022
CUST23508,Richard,Smith,Female,1996-04-03,Northern Ireland,10/08/2024
CUST23509,Olivia,Smith,Female,1971-12-21,England,29/08/2023
CUST23510,James,Wilson,Female,1991-12-07,England,02/03/2024
CUST23511,John,Johnson,Male,1991-04-03,England,30/11/2023
CUST23512,Oliver,Davies,Male,1976-05-27,England,15/11/2024
CUST23513,Isla,Williams,Female,1986-04-15,England,10/09/2023
CUST23514,William,Smith,Female,1996-10-03,England,25/07/2024
CUST23515,Sarah,Johnson,Female,1971-12-08,Wales,25/11/2024
CUST23516,Jennifer,Taylor,Female,1991-11-15,England,20/07/2022
CUST23517,Olivia,Roberts,Female,2001-11-06,England,21/11/2022
CUST23518,Jack,Taylor,Male,1991-05-27,England,09/10/2024
CUST23519,Karen,Davies,Female,1981-04-24,England,12/08/2023
CUST23520,Elizabeth,Walker,Male,1981-11-24,England,13/06/2022
CUST23521,David,Walker,Female,1971-05-14,Scotland,14/06/2024
CUST23522,John,Taylor,Male,1986-03-27,England,16/04/2023
CUST23523,Amelia,Thompson,Female,1996-11-09,England,16/03/2024
CUST23524,Thomas,Brown,Male,1996-06-15,England,07/06/2024
CUST23525,John,Wright,Male,2001-02-21,England,31/07/2022
CUST23526,William,Wright,Male,1976-11-14,England,24/11/2022
CUST23527,Jennifer,Robinson,Female,2001-04-24,England,01/05/2024
CUST23528,Richard,Jones,Male,1981-04-03,England,18/12/2021
CUST23529,Charles,Smith,Male,1981-07-12,England,28/09/2023
CUST23530,Olivia,Thompson,Female,1976-04-23,England,09/05/2022
CUST23531,Jack,Davies,Female,2006-10-05,Scotland,27/10/2024
CUST23532,Barbara,Davies,Male,1996-09-11,England,28/05/2023
CUST23533,Jessica,Evans,Female,1966-07-27,Scotland,08/08/2022
CUST23534,George,Robinson,Female,1981-03-17,England,11/12/2023
CUST23535,Oliver,Wright,Female,1986-06-10,England,18/03/2022
CUST23536,Michael,Johnson,Male,1976-04-10,England,03/06/2024
CUST23537,Olivia,Smith,Male,1966-12-06,Wales,26/05/2024
CUST23538,Patricia,Williams,Female,1996-10-20,Scotland,10/09/2024
CUST23539,Thomas,Wright,Male,1966-02-03,Scotland,09/12/2023
CUST23540,James,Jones,Male,2001-07-06,England,09/12/2021
CUST23541,Amelia,Smith,Female,1961-10-04,England,01/09/2022
CUST23542,Olivia,Taylor,Male,2001-07-21,England,23/12/2023
CUST23543,Jessica,Williams,Female,1996-02-26,England,25/02/2024
CUST23544,Robert,Johnson,Female,2001-02-03,England,02/10/2023
CUST23545,Mary,Davies,Male,1971-09-26,England,30/05/2023
CUST23546,William,Taylor,Male,1956-07-25,England,23/02/2023
CUST23547,Noah,Brown,Female,1996-07-14,England,24/08/2021
CUST23548,Olivia,Evans,Male,1991-04-02,England,16/01/2025
CUST23549,Elizabeth,Williams,Male,1996-04-19,England,26/09/2023
CUST23550,Susan,Evans,Female,2001-05-15,England,20/10/2021
CUST23551,George,Evans,Male,1976-07-23,England,05/12/2024
CUST23552,Karen,Brown,Male,2006-06-08,England,21/03/2023
CUST23553,James,Johnson,Female,1961-11-16,England,26/02/2022
CUST23554,David,Brown,Male,1966-03-25,England,16/04/2023
CUST23555,Thomas,Taylor,Female,2001-06-19,England,08/09/2024
CUST23556,Isla,Roberts,Male,1986-03-18,Scotland,14/09/2022
CUST23557,Linda,Thompson,Female,1956-01-27,England,16/05/2022
CUST23558,Elizabeth,Taylor,Female,1971-05-14,England,05/12/2023
CUST23559,Olivia,Wilson,Female,1976-01-05,England,19/11/2021
CUST23560,Robert,Jones,Female,2006-05-27,England,30/12/2021
CUST23561,Emily,Jones,Female,2006-08-04,England,17/01/2022
CUST23562,John,Brown,Female,1976-05-15,England,05/01/2023
CUST23563,Oliver,Evans,Female,1991-09-21,Wales,29/01/2025
CUST23564,Patricia,Wright,Female,1981-04-22,England,11/12/2024
CUST23565,Thomas,Jones,Male,1976-05-19,England,18/07/2024
CUST23566,Noah,Wright,Male,1991-11-12,England,12/05/2023
CUST23567,Oliver,Jones,Female,2001-03-06,England,19/09/2022
CUST23568,Karen,Wilson,Female,1991-07-02,Scotland,17/12/2021
CUST23569,Olivia,Jones,Female,1971-09-09,England,05/10/2024
CUST23570,John,Roberts,Female,1991-05-27,England,18/10/2024
CUST23571,John,Davies,Male,2006-04-19,England,17/01/2024
CUST23572,Michael,Evans,Female,1961-09-11,England,27/02/2024
CUST23573,Robert,Smith,Male,1981-01-14,England,19/06/2024
CUST23574,Harry,Wilson,Female,1986-04-10,England,12/07/2023
CUST23575,James,Wilson,Male,1971-05-25,England,07/08/2021
CUST23576,Robert,White,Female,1991-03-13,Scotland,08/06/2023
CUST23577,Charles,Walker,Male,1956-07-23,England,15/07/2023
CUST23578,Susan,Brown,Female,1971-08-02,England,15/09/2022
CUST23579,Barbara,Walker,Male,1996-12-14,England,21/01/2023
CUST23580,Isla,Jones,Male,1991-08-17,England,05/01/2022
CUST23581,Jennifer,Evans,Male,1996-08-19,England,21/01/2023
CUST23582,Olivia,White,Male,1981-09-01,England,30/05/2024
CUST23583,Robert,Thompson,Female,1981-03-18,Wales,01/02/2024
CUST23584,David,Davies,Male,1986-06-23,Scotland,29/07/2023
CUST23585,Jessica,Smith,Male,1961-10-03,England,22/05/2022
CUST23586,Patricia,Walker,Male,1986-03-09,England,16/03/2024
CUST23587,Olivia,Smith,Male,1976-04-12,England,09/08/2022
CUST23588,Charles,Williams,Female,1981-03-07,England,02/09/2021
CUST23589,Karen,Thompson,Male,1986-12-12,England,20/09/2021
CUST23590,Isla,Wright,Male,2006-05-25,England,27/11/2024
CUST23591,Olivia,Walker,Male,1981-04-25,England,20/06/2024
CUST23592,Jack,Wright,Female,1981-10-17,England,27/11/2023
CUST23593,Linda,White,Male,2001-11-24,England,19/01/2023
CUST23594,David,Brown,Female,1976-01-23,England,10/03/2024
CUST23595,George,White,Female,1986-11-02,Scotland,06/06/2022
CUST23596,John,Williams,Female,1991-09-11,England,20/10/2022
CUST23597,Jessica,Williams,Female,1971-11-23,England,25/02/2024
CUST23598,Sarah,Thompson,Female,1991-02-12,England,24/03/2024
CUST23599,Jennifer,Wilson,Female,1981-01-17,England,05/09/2024
CUST23600,Charles,Roberts,Male,1981-05-12,Northern Ireland,01/10/2023
CUST23601,William,Thompson,Female,2006-11-01,England,08/12/2024
CUST23602,Susan,Roberts,Female,1991-06-16,England,27/02/2023
CUST23603,William,Williams,Male,1996-09-11,England,02/11/2024
CUST23604,Linda,Taylor,Female,1996-03-21,England,29/02/2024
CUST23605,Olivia,Smith,Male,1981-05-24,England,03/07/2022
CUST23606,Robert,Evans,Female,2006-11-03,England,10/03/2023
CUST23607,Charles,Brown,Male,1961-06-10,England,18/09/2021
CUST23608,Robert,Johnson,Female,1991-10-11,England,29/10/2023
CUST23609,George,Taylor,Female,1996-08-19,England,30/08/2021
CUST23610,Harry,Thompson,Female,1966-03-11,England,25/02/2024
CUST23611,George,Evans,Male,1986-12-16,England,20/03/2023
CUST23612,Mary,Jones,Male,1981-12-25,England,13/06/2022
CUST23613,Sarah,Wilson,Male,1976-10-16,England,01/03/2022
CUST23614,George,Williams,Female,1971-06-03,England,24/02/2025
CUST23615,Jennifer,Evans,Female,2001-06-13,England,05/05/2023
CUST23616,Susan,Walker,Female,2001-04-24,England,19/03/2024
CUST23617,George,Wilson,Female,1956-08-14,England,03/10/2022
CUST23618,Jennifer,Williams,Male,2006-04-27,England,19/01/2025
CUST23619,Barbara,Taylor,Female,1976-03-25,England,21/06/2023
CUST23620,John,Evans,Female,1981-01-08,England,30/01/2025
CUST23621,Jessica,Johnson,Male,1986-06-12,England,24/08/2021
CUST23622,Joseph,White,Male,1976-10-05,England,11/05/2022
CUST23623,Charles,Wright,Male,1956-10-06,England,24/02/2025
CUST23624,Jack,Thompson,Male,2006-11-10,England,11/10/2022
CUST23625,Jessica,Jones,Male,1981-08-12,England,31/08/2023
CUST23626,Thomas,Jones,Male,1976-11-10,England,28/01/2023
CUST23627,Olivia,Thompson,Female,1991-10-20,England,20/07/2023
CUST23628,Olivia,Smith,Male,1966-10-05,England,15/04/2024
CUST23629,Olivia,Walker,Female,1986-07-13,England,17/04/2022
CUST23630,Robert,Smith,Male,2001-02-24,England,09/05/2023
CUST23631,Charles,Johnson,Female,1971-05-20,England,01/07/2023
CUST23632,Olivia,Robinson,Male,1961-11-06,England,01/02/2022
CUST23633,Olivia,Davies,Female,2001-09-07,England,28/11/2023
CUST23634,David,Wilson,Female,1976-01-26,England,04/07/2023
CUST23635,Mary,Thompson,Male,1996-02-16,England,26/08/2022
CUST23636,Jack,Davies,Female,2006-08-24,England,02/12/2023
CUST23637,Susan,Johnson,Female,1996-12-24,Wales,21/01/2025
CUST23638,David,Roberts,Male,1971-09-12,England,12/02/2025
CUST23639,Patricia,Jones,Female,2001-12-15,England,29/06/2023
CUST23640,Linda,Wright,Male,2001-01-10,Scotland,01/03/2022
CUST23641,Harry,Taylor,Female,1976-11-18,Scotland,20/05/2022
CUST23642,Robert,Johnson,Female,1991-02-18,England,24/07/2022
CUST23643,Noah,Evans,Male,2001-11-19,England,27/09/2024
CUST23644,Richard,Roberts,Female,1996-12-24,England,03/06/2024
CUST23645,Jack,Evans,Female,1976-07-20,England,01/04/2023
CUST23646,Richard,Wilson,Female,1981-07-03,England,04/01/2022
CUST23647,Olivia,Walker,Male,1976-06-10,England,14/12/2023
CUST23648,Olivia,Wilson,Male,2001-07-16,Scotland,24/11/2024
CUST23649,Mary,Wilson,Male,1986-10-17,England,27/01/2024
CUST23650,Amelia,White,Male,1976-04-24,England,17/02/2024
CUST23651,Isla,Robinson,Female,1996-04-12,England,08/11/2024
CUST23652,Patricia,Jones,Male,2001-12-23,England,01/12/2024
CUST23653,Charles,Roberts,Male,1991-11-11,England,06/04/2022
CUST23654,Patricia,Brown,Male,1991-07-04,England,24/05/2022
CUST23655,Jack,Smith,Female,1996-03-13,Scotland,28/08/2021
CUST23656,Oliver,Thompson,Male,1961-12-05,England,15/08/2021
CUST23657,Karen,Brown,Female,1986-11-12,England,17/03/2022
CUST23658,Michael,Evans,Male,1981-04-07,England,14/08/2021
CUST23659,Emily,Williams,Female,2001-07-01,England,29/03/2022
CUST23660,David,Evans,Female,1981-06-18,England,05/04/2024
CUST23661,Patricia,Robinson,Male,1986-11-21,Northern Ireland,07/09/2023
CUST23662,David,Robinson,Female,1966-09-04,England,05/03/2022
CUST23663,Barbara,Taylor,Female,1991-06-16,England,03/09/2021
CUST23664,Thomas,Wilson,Female,1976-12-14,Scotland,27/12/2023
CUST23665,Jennifer,Davies,Male,1991-08-04,England,29/11/2023
CUST23666,Elizabeth,Johnson,Male,1981-06-17,England,10/12/2023
CUST23667,Mary,Taylor,Female,1966-12-08,England,26/02/2024
CUST23668,Olivia,Wright,Male,1981-06-23,England,09/11/2022
CUST23669,Oliver,Robinson,Female,1976-06-17,England,11/01/2022
CUST23670,Richard,Wright,Female,1971-05-04,England,31/05/2024
CUST23671,David,Wright,Male,1966-03-14,England,30/06/2022
CUST23672,David,Smith,Male,1996-04-04,England,18/03/2023
CUST23673,Amelia,Wright,Male,1996-02-20,England,22/04/2022
CUST23674,Jack,Davies,Female,1986-09-09,England,08/09/2021
CUST23675,Isla,Robinson,Male,1956-08-14,Scotland,04/01/2024
CUST23676,Olivia,Brown,Female,1986-12-19,England,09/09/2024
CUST23677,Patricia,Robinson,Female,1991-08-23,Scotland,17/05/2024
CUST23678,Patricia,Davies,Female,1986-01-14,England,04/02/2025
CUST23679,Thomas,Jones,Female,2006-08-03,England,27/10/2021
CUST23680,Susan,Johnson,Female,2001-03-07,England,09/12/2021
CUST23681,Karen,Walker,Male,2001-01-17,England,09/05/2022
CUST23682,Sarah,Robinson,Male,2006-08-02,England,24/04/2022
CUST23683,Noah,Wilson,Male,1976-01-11,England,16/08/2024
CUST23684,Jack,Walker,Female,1991-05-09,Wales,31/12/2022
CUST23685,Patricia,Walker,Female,2001-11-09,England,20/05/2022
CUST23686,Charles,Roberts,Female,1986-04-26,England,06/05/2022
CUST23687,Harry,Roberts,Female,1991-09-26,England,02/12/2022
CUST23688,Barbara,Walker,Female,1991-05-25,England,26/02/2022
CUST23689,Jessica,Roberts,Male,1991-02-24,England,22/10/2021
CUST23690,John,Brown,Male,2006-03-25,England,18/02/2025
CUST23691,Thomas,Walker,Female,1981-01-05,England,30/12/2022
CUST23692,David,Wright,Female,2001-02-11,England,14/08/2021
CUST23693,Charles,Roberts,Female,1996-02-02,Scotland,03/01/2023
CUST23694,Amelia,Thompson,Female,1996-11-22,England,18/06/2024
CUST23695,Joseph,Evans,Male,1991-10-24,England,17/05/2022
CUST23696,Charles,Brown,Male,2001-05-01,Scotland,24/01/2023
CUST23697,Richard,Thompson,Female,1991-09-05,England,07/08/2024
CUST23698,Emily,Smith,Male,1996-03-05,Northern Ireland,14/09/2021
CUST23699,Harry,Brown,Female,2006-08-26,England,28/12/2021
CUST23700,William,Jones,Male,1971-03-22,England,31/12/2024
CUST23701,Elizabeth,Thompson,Male,1991-08-08,England,09/07/2024
CUST23702,Jennifer,Wright,Male,2001-05-02,England,12/04/2024
CUST23703,Jessica,Roberts,Female,1986-11-12,England,05/01/2025
CUST23704,Patricia,Davies,Male,2001-11-16,England,27/01/2024
CUST23705,Oliver,Roberts,Male,1976-05-02,England,16/04/2022
CUST23706,Olivia,Jones,Male,2006-01-13,England,06/12/2024
CUST23707,Isla,Wright,Male,1986-04-15,England,20/11/2021
CUST23708,Patricia,Thompson,Male,1961-04-27,England,01/09/2024
CUST23709,Isla,Roberts,Female,2001-06-06,England,17/02/2024
CUST23710,Thomas,Jones,Male,1996-07-05,England,09/07/2023
CUST23711,Emily,Johnson,Male,1981-12-12,England,01/07/2022
CUST23712,Oliver,Roberts,Male,1961-01-09,England,01/08/2023
CUST23713,Isla,Williams,Female,1991-07-25,England,22/03/2024
CUST23714,Oliver,Davies,Male,1981-03-22,Scotland,14/12/2022
CUST23715,Thomas,Walker,Female,2001-07-07,England,06/03/2024
CUST23716,Olivia,Taylor,Female,1981-08-10,England,11/09/2024
CUST23717,Jennifer,Wilson,Male,1996-10-18,England,10/06/2023
CUST23718,Jennifer,Wilson,Female,1981-07-24,England,09/02/2022
CUST23719,Charles,Jones,Female,2001-03-06,England,27/11/2021
CUST23720,Richard,Robinson,Female,1986-11-08,England,04/07/2022
CUST23721,Amelia,Johnson,Female,1996-05-17,England,01/09/2024
CUST23722,Jessica,Wilson,Female,1981-06-24,Wales,04/07/2023
CUST23723,Charles,White,Female,1976-08-08,England,09/08/2024
CUST23724,Isla,Jones,Female,1971-04-13,England,28/07/2022
CUST23725,Amelia,Johnson,Male,1956-12-19,England,12/05/2024
CUST23726,Karen,Williams,Female,1986-01-12,England,03/02/2024
CUST23727,Isla,Roberts,Male,1981-02-21,England,07/01/2025
CUST23728,Jessica,White,Male,2006-12-14,England,12/04/2023
CUST23729,Susan,White,Male,1966-06-24,England,27/10/2023
CUST23730,Linda,Davies,Male,1981-11-17,England,10/07/2024
CUST23731,Isla,Wright,Female,1991-11-25,Scotland,05/05/2024
CUST23732,Olivia,Roberts,Female,1986-12-24,England,20/11/2022
CUST23733,Michael,Davies,Female,1976-09-07,England,06/01/2025
CUST23734,Thomas,Davies,Female,1971-09-25,England,22/04/2024
CUST23735,Robert,Thompson,Female,1971-08-04,England,18/01/2025
CUST23736,Elizabeth,Johnson,Male,1986-09-08,England,27/06/2022
CUST23737,John,Wilson,Female,1991-04-02,England,12/09/2023
CUST23738,Sarah,Jones,Female,1961-10-03,England,07/05/2024
CUST23739,Richard,Jones,Male,1981-03-20,England,20/07/2024
CUST23740,George,Jones,Female,1986-06-03,England,29/07/2023
CUST23741,Amelia,Wright,Female,1981-05-06,England,08/01/2022
CUST23742,Richard,Smith,Female,1981-10-12,Scotland,29/09/2024
CUST23743,Olivia,Taylor,Male,1976-04-22,England,22/10/2024
CUST23744,Thomas,Smith,Male,1986-03-22,England,23/10/2023
CUST23745,Patricia,Brown,Male,1971-10-27,England,02/01/2024
CUST23746,Robert,Robinson,Female,1971-06-02,Wales,12/07/2024
CUST23747,Michael,White,Female,1986-09-04,England,23/10/2023
CUST23748,Linda,Jones,Female,2001-11-11,England,09/02/2024
CUST23749,Charles,Jones,Female,1981-11-08,England,31/10/2021
CUST23750,Richard,Smith,Male,1981-05-03,England,06/09/2022
CUST23751,Barbara,Jones,Female,1986-03-15,England,08/07/2023
CUST23752,Robert,Robinson,Male,1966-12-13,England,24/06/2023
CUST23753,George,Robinson,Female,2001-04-12,England,24/09/2023
CUST23754,Patricia,Smith,Male,1996-10-01,Scotland,16/01/2024
CUST23755,Jack,Williams,Female,1971-10-12,Scotland,03/10/2021
CUST23756,Michael,Wright,Male,1966-06-13,England,25/09/2022
CUST23757,Patricia,Walker,Male,1991-02-06,England,08/07/2023
CUST23758,George,Wilson,Female,1996-06-22,England,14/01/2024
CUST23759,Mary,White,Female,1991-02-25,England,09/06/2022
CUST23760,Michael,White,Female,1986-05-26,England,13/08/2021
CUST23761,Sarah,Davies,Male,1986-05-19,Wales,30/04/2022
CUST23762,Michael,Smith,Female,1996-07-19,England,06/01/2022
CUST23763,Sarah,Roberts,Male,1991-03-05,England,09/04/2024
CUST23764,Mary,Roberts,Female,1981-11-11,England,22/11/2024
CUST23765,Patricia,Brown,Male,1981-01-01,England,26/02/2024
CUST23766,Patricia,Walker,Female,1981-12-16,England,03/10/2023
CUST23767,James,Davies,Female,1991-04-21,England,28/04/2022
CUST23768,Harry,Taylor,Female,1991-06-19,England,15/11/2023
CUST23769,Jack,Davies,Male,1991-11-01,Scotland,10/05/2024
CUST23770,Karen,Jones,Female,1961-08-16,England,05/06/2023
CUST23771,William,Williams,Female,1991-01-24,England,13/01/2025
CUST23772,Thomas,Williams,Male,1981-08-03,England,05/10/2024
CUST23773,James,Wright,Female,1986-07-15,England,18/12/2024
CUST23774,Joseph,Roberts,Male,1971-12-07,England,17/10/2023
CUST23775,Jennifer,Walker,Female,1991-07-26,Scotland,26/01/2022
CUST23776,Charles,Taylor,Female,1986-12-15,England,23/11/2024
CUST23777,Sarah,Wilson,Male,1971-07-21,England,31/05/2023
CUST23778,Susan,Taylor,Female,2001-03-15,England,17/09/2022
CUST23779,Amelia,Jones,Female,1981-07-25,Scotland,08/10/2024
CUST23780,Elizabeth,White,Male,1991-12-08,England,26/07/2024
CUST23781,Elizabeth,Walker,Male,1956-01-21,England,18/08/2021
CUST23782,George,Taylor,Female,1976-05-12,England,20/09/2022
CUST23783,Olivia,Johnson,Male,2006-01-16,England,07/01/2025
CUST23784,Charles,Johnson,Male,1971-11-19,Scotland,08/03/2023
CUST23785,Linda,Robinson,Male,1976-07-05,England,17/05/2024
CUST23786,Emily,Williams,Female,1986-09-24,England,17/08/2024
CUST23787,Richard,Thompson,Male,1996-12-20,England,22/11/2023
CUST23788,William,Wilson,Male,2001-10-12,England,09/04/2022
CUST23789,Patricia,Wright,Female,1981-05-16,England,04/05/2022
CUST23790,Noah,Smith,Male,1986-12-18,England,07/05/2023
CUST23791,Noah,Robinson,Female,1971-06-13,England,05/12/2021
CUST23792,David,Walker,Male,1996-12-18,England,23/07/2024
CUST23793,Jessica,Wilson,Female,1981-12-16,England,11/03/2022
CUST23794,Michael,Thompson,Female,1996-03-22,England,13/11/2023
CUST23795,Olivia,Robinson,Male,1981-10-07,England,24/08/2023
CUST23796,Thomas,Williams,Female,2006-09-01,England,10/09/2021
CUST23797,Barbara,Brown,Female,1991-10-11,England,08/03/2022
CUST23798,Jennifer,Davies,Female,2001-03-23,England,25/11/2021
CUST23799,Joseph,Taylor,Female,1981-07-04,England,14/06/2023
CUST23800,Jennifer,White,Female,1991-02-24,England,01/04/2022
CUST23801,Amelia,Williams,Male,1976-11-12,England,23/10/2022
CUST23802,Olivia,White,Female,2001-11-06,England,03/06/2022
CUST23803,George,Jones,Male,1986-07-13,Scotland,27/12/2022
CUST23804,Mary,Brown,Female,1981-02-22,England,04/04/2023
CUST23805,Elizabeth,Wilson,Male,2006-08-24,England,27/01/2023
CUST23806,James,Thompson,Female,2006-06-17,England,24/12/2023
CUST23807,Mary,White,Male,1991-10-15,England,16/11/2024
CUST23808,Oliver,Johnson,Female,1981-02-22,Northern Ireland,18/10/2024
CUST23809,Barbara,Roberts,Male,1961-05-25,England,23/09/2022
CUST23810,William,Taylor,Female,2001-05-22,England,23/02/2024
CUST23811,Mary,Wilson,Female,1976-12-27,Northern Ireland,08/05/2023
CUST23812,William,Roberts,Male,1976-04-23,England,14/08/2021
CUST23813,George,Williams,Female,1981-12-02,England,03/09/2024
CUST23814,George,Brown,Male,1986-12-01,England,23/06/2024
CUST23815,Harry,Jones,Female,1961-08-17,England,21/06/2022
CUST23816,Emily,Smith,Female,1986-03-26,England,27/07/2023
CUST23817,Sarah,Wilson,Male,1971-03-09,England,04/03/2023
CUST23818,Harry,Walker,Male,1996-01-27,England,20/11/2024
CUST23819,Joseph,Jones,Male,1971-10-23,England,07/08/2024
CUST23820,Olivia,Walker,Female,1956-09-04,England,01/11/2022
CUST23821,Charles,Davies,Female,1966-04-14,England,06/05/2022
CUST23822,John,Thompson,Male,1991-09-06,England,26/05/2023
CUST23823,Isla,White,Male,1971-07-03,England,26/07/2022
CUST23824,Isla,Roberts,Male,2001-10-19,Northern Ireland,24/12/2024
CUST23825,Charles,Roberts,Male,1981-02-06,England,23/08/2024
CUST23826,Amelia,Walker,Male,1991-03-16,England,26/06/2022
CUST23827,Susan,Taylor,Female,1981-10-19,England,01/10/2023
CUST23828,Susan,Robinson,Male,1991-05-12,England,27/07/2023
CUST23829,Patricia,Williams,Male,2006-12-03,England,03/09/2022
CUST23830,Susan,Smith,Male,1996-11-02,England,02/11/2023
CUST23831,Michael,Wright,Female,2006-02-11,England,14/07/2023
CUST23832,Susan,White,Male,1991-05-02,England,05/10/2024
CUST23833,Harry,Wright,Male,1971-09-24,England,04/05/2024
CUST23834,Jack,Thompson,Male,1976-02-05,England,05/10/2023
CUST23835,George,Williams,Male,1976-11-01,Scotland,12/05/2023
CUST23836,Harry,Williams,Male,1971-02-04,England,02/09/2021
CUST23837,James,Davies,Male,1991-02-19,England,16/06/2022
CUST23838,Susan,Wright,Male,1986-07-16,England,14/07/2022
CUST23839,Richard,Jones,Male,1986-03-19,England,26/06/2023
CUST23840,Richard,Roberts,Female,2001-08-10,England,16/04/2022
CUST23841,Mary,Williams,Male,1981-05-09,England,26/11/2021
CUST23842,Jack,Wilson,Female,1976-04-19,England,14/09/2021
CUST23843,Joseph,Brown,Female,1981-11-04,England,17/06/2024
CUST23844,Patricia,Thompson,Male,1976-02-11,England,15/06/2022
CUST23845,Oliver,Jones,Female,2001-06-03,England,01/10/2023
CUST23846,Amelia,Johnson,Male,1976-03-12,Wales,05/01/2023
CUST23847,Jessica,Williams,Male,1996-02-27,Northern Ireland,10/10/2023
CUST23848,Thomas,Johnson,Female,1971-03-23,England,03/09/2023
CUST23849,Elizabeth,Wright,Male,1996-04-19,Northern Ireland,24/02/2024
CUST23850,Linda,Jones,Male,1986-05-18,England,07/07/2023
CUST23851,Susan,Smith,Female,1986-06-11,England,09/12/2021
CUST23852,Mary,Thompson,Male,1996-02-20,England,29/07/2023
CUST23853,Noah,Smith,Male,1991-01-23,Scotland,03/08/2023
CUST23854,Michael,Thompson,Male,1996-02-16,England,29/06/2023
CUST23855,Patricia,Roberts,Female,1981-08-03,Scotland,06/11/2022
CUST23856,Noah,White,Male,1966-12-19,England,11/08/2022
CUST23857,John,White,Female,1991-01-04,England,05/09/2023
CUST23858,Emily,Wilson,Female,1986-01-09,England,26/06/2022
CUST23859,Susan,Walker,Female,1971-10-06,England,03/12/2021
CUST23860,Isla,Smith,Male,1986-09-02,England,11/10/2022
CUST23861,Noah,Wilson,Female,1971-09-21,England,01/08/2023
CUST23862,Mary,Evans,Male,1986-03-18,England,05/03/2024
CUST23863,Oliver,Evans,Female,1986-11-12,England,01/12/2021
CUST23864,Isla,Thompson,Female,2001-08-11,England,06/06/2023
CUST23865,James,Williams,Female,2001-02-18,England,10/09/2024
CUST23866,Noah,White,Female,1981-02-15,Wales,24/01/2025
CUST23867,Susan,Johnson,Male,1971-08-07,England,29/09/2021
CUST23868,David,Wilson,Male,2001-10-13,England,07/11/2021
CUST23869,Thomas,Roberts,Female,1966-10-21,England,05/06/2024
CUST23870,David,Brown,Female,1991-08-15,England,02/05/2024
CUST23871,Richard,Evans,Male,1991-07-22,England,29/09/2021
CUST23872,Michael,Williams,Female,1966-09-14,England,05/03/2022
CUST23873,Olivia,Smith,Male,1966-02-12,Scotland,01/07/2022
CUST23874,Thomas,Wilson,Female,1986-05-21,England,28/05/2022
CUST23875,Noah,Johnson,Female,1996-02-06,England,14/07/2022
CUST23876,Amelia,Jones,Female,2001-11-17,Wales,28/08/2022
CUST23877,Michael,Johnson,Male,1996-08-18,Scotland,07/06/2023
CUST23878,Isla,Thompson,Female,1976-10-08,England,04/12/2022
CUST23879,Robert,Smith,Female,1991-06-07,England,14/02/2022
CUST23880,George,Evans,Male,1976-12-03,Northern Ireland,13/11/2023
CUST23881,Charles,Brown,Male,1996-12-05,England,30/11/2022
CUST23882,Isla,Johnson,Male,1986-08-03,England,26/02/2024
CUST23883,Sarah,Thompson,Male,1991-11-17,Wales,16/08/2021
CUST23884,Jack,Davies,Female,1986-08-04,England,29/10/2022
CUST23885,Susan,Walker,Male,1986-09-14,Scotland,20/12/2021
CUST23886,Emily,Johnson,Female,1956-03-04,England,29/01/2022
CUST23887,Richard,Jones,Male,1966-12-22,England,30/09/2024
CUST23888,Richard,Johnson,Female,1976-03-19,England,24/09/2021
CUST23889,Joseph,Thompson,Female,2001-09-08,Northern Ireland,11/05/2023
CUST23890,William,White,Female,1966-08-20,England,05/05/2022
CUST23891,Olivia,Jones,Female,1966-02-07,England,06/11/2024
CUST23892,Karen,Roberts,Female,1966-10-18,England,28/07/2024
CUST23893,Amelia,Roberts,Female,1986-01-18,England,19/09/2024
CUST23894,Linda,Walker,Male,2001-07-12,England,21/07/2024
CUST23895,Mary,Walker,Female,1976-10-19,England,17/05/2022
CUST23896,Mary,Jones,Male,1991-02-26,England,24/08/2022
CUST23897,James,Walker,Male,1991-05-12,England,27/06/2023
CUST23898,William,Robinson,Female,1991-07-08,England,20/04/2024
CUST23899,Robert,Wilson,Male,1986-12-12,England,09/06/2023
CUST23900,Charles,Wilson,Male,1991-05-16,England,17/08/2024
CUST23901,Robert,Taylor,Male,1981-02-04,England,03/04/2023
CUST23902,Patricia,Williams,Male,1981-02-26,England,06/09/2023
CUST23903,William,Wright,Female,1986-03-13,Scotland,11/03/2022
CUST23904,Elizabeth,Thompson,Female,2006-11-27,England,20/05/2023
CUST23905,Thomas,Jones,Female,1966-10-26,England,24/06/2022
CUST23906,Emily,Jones,Male,1991-06-02,England,01/08/2022
CUST23907,Amelia,Robinson,Female,1986-11-04,England,21/11/2024
CUST23908,David,Jones,Male,1986-12-05,England,17/04/2023
CUST23909,Elizabeth,Roberts,Male,1991-11-16,Northern Ireland,17/02/2025
CUST23910,David,Wright,Female,1981-01-10,England,20/10/2024
CUST23911,Thomas,Williams,Male,2006-02-01,England,05/03/2023
CUST23912,Noah,Brown,Female,1971-09-16,England,21/09/2023
CUST23913,Robert,Johnson,Male,2001-05-09,Wales,03/04/2023
CUST23914,Patricia,Williams,Female,1956-02-23,England,17/07/2022
CUST23915,Olivia,Wilson,Female,1981-08-21,England,17/08/2024
CUST23916,Susan,Brown,Male,2006-05-23,England,04/03/2022
CUST23917,Patricia,Jones,Male,1986-12-16,England,12/09/2023
CUST23918,Olivia,Jones,Male,1991-07-19,England,20/02/2024
CUST23919,Michael,Johnson,Male,1961-03-03,England,25/11/2021
CUST23920,Amelia,Johnson,Female,1976-12-21,England,08/05/2022
CUST23921,Amelia,Williams,Female,1986-08-13,England,24/02/2024
CUST23922,Joseph,Robinson,Female,1991-04-01,England,06/03/2022
CUST23923,Patricia,Davies,Male,1956-02-03,England,02/09/2021
CUST23924,Richard,Thompson,Female,1981-07-09,England,19/01/2025
CUST23925,Mary,Robinson,Male,1986-09-11,England,06/04/2022
CUST23926,Noah,Robinson,Male,1991-11-06,Wales,07/02/2025
CUST23927,Oliver,Wilson,Male,1991-02-21,England,24/01/2023
CUST23928,Patricia,Evans,Male,1976-06-13,England,06/09/2023
CUST23929,George,Wright,Female,1981-12-07,England,21/02/2025
CUST23930,Karen,Wilson,Female,1971-08-19,England,15/01/2022
CUST23931,Jack,Robinson,Male,1986-02-13,England,28/10/2024
CUST23932,William,Jones,Female,1981-12-22,Scotland,15/07/2023
CUST23933,George,White,Male,1986-09-14,England,23/10/2024
CUST23934,Elizabeth,Robinson,Male,1976-06-21,England,17/10/2023
CUST23935,Noah,Robinson,Female,1991-10-24,England,06/05/2024
CUST23936,Karen,Wright,Male,1971-08-03,England,07/03/2022
CUST23937,Richard,Davies,Male,1991-04-04,England,15/01/2022
CUST23938,Sarah,Thompson,Female,1976-10-20,England,24/04/2022
CUST23939,Robert,Evans,Male,1966-04-15,England,28/09/2021
CUST23940,Thomas,Wilson,Male,1976-03-07,England,12/03/2022
CUST23941,James,Robinson,Male,1991-08-01,England,22/04/2023
CUST23942,Isla,Evans,Male,1976-01-26,England,15/03/2024
CUST23943,Elizabeth,Jones,Female,1996-08-03,England,29/11/2023
CUST23944,George,White,Male,2006-07-13,England,18/03/2023
CUST23945,Jessica,White,Female,1976-09-06,England,10/02/2023
CUST23946,Thomas,Wright,Male,1971-02-11,England,23/10/2022
CUST23947,Charles,Jones,Female,2006-07-20,England,20/04/2024
CUST23948,Jessica,Wilson,Male,1961-06-14,England,14/02/2022
CUST23949,Richard,Brown,Female,1986-03-02,England,16/10/2023
CUST23950,Harry,Jones,Male,1966-06-03,England,17/04/2023
CUST23951,Olivia,Wilson,Female,1976-12-26,England,23/08/2024
CUST23952,Richard,Jones,Female,1966-10-07,England,20/12/2023
CUST23953,Isla,Wilson,Female,1971-02-12,Northern Ireland,08/12/2024
CUST23954,Oliver,Thompson,Female,1961-11-22,England,13/11/2024
CUST23955,James,Wright,Female,1981-07-23,England,19/05/2024
CUST23956,Linda,Davies,Female,1996-01-08,England,13/11/2023
CUST23957,Karen,Wright,Male,1991-12-06,England,07/12/2023
CUST23958,Olivia,Evans,Female,1976-07-12,England,05/03/2024
CUST23959,Thomas,Roberts,Female,2001-11-10,England,09/10/2023
CUST23960,Jack,Wright,Female,1966-02-19,England,13/10/2022
CUST23961,David,Davies,Female,1996-03-20,England,11/09/2022
CUST23962,Jack,Williams,Female,1971-11-08,England,21/09/2024
CUST23963,Olivia,White,Male,1986-03-11,England,22/03/2022
CUST23964,Amelia,Walker,Male,1971-07-20,England,23/12/2023
CUST23965,Sarah,Roberts,Male,1961-08-14,England,22/11/2022
CUST23966,Amelia,Roberts,Male,1991-12-15,England,10/01/2025
CUST23967,George,Wright,Female,1976-05-22,Northern Ireland,19/06/2024
CUST23968,Elizabeth,Taylor,Female,1996-10-18,England,04/01/2025
CUST23969,Jennifer,Brown,Male,1971-09-18,Wales,12/12/2024
CUST23970,Thomas,Smith,Male,1971-09-14,England,29/03/2022
CUST23971,Patricia,Robinson,Male,1996-07-23,England,19/12/2022
CUST23972,Jessica,Brown,Male,2006-01-01,England,09/02/2024
CUST23973,Barbara,Evans,Male,1986-04-03,Northern Ireland,20/09/2024
CUST23974,Isla,Wilson,Female,2001-07-19,England,09/02/2024
CUST23975,Harry,Roberts,Female,1971-05-17,England,27/01/2024
CUST23976,George,White,Female,1996-03-08,Scotland,12/04/2023
CUST23977,Jessica,Wilson,Female,1961-09-17,England,02/09/2023
CUST23978,Olivia,Williams,Female,1961-06-03,England,22/11/2022
CUST23979,Thomas,Robinson,Female,1966-10-17,England,10/07/2024
CUST23980,Olivia,Taylor,Female,1981-07-10,England,02/02/2023
CUST23981,Richard,Smith,Male,1996-05-16,England,26/11/2021
CUST23982,Olivia,Walker,Female,1971-02-10,England,05/06/2024
CUST23983,Jennifer,Brown,Female,1976-02-20,England,11/10/2022
CUST23984,Jessica,Wright,Male,1961-07-04,England,06/04/2024
CUST23985,Thomas,Roberts,Male,1991-05-23,England,26/10/2023
CUST23986,Jack,Roberts,Female,2006-09-14,England,07/06/2023
CUST23987,Robert,Walker,Male,1956-08-07,England,03/08/2023
CUST23988,Robert,Brown,Female,1971-04-26,England,20/06/2024
CUST23989,Oliver,Evans,Female,1996-10-03,England,16/01/2024
CUST23990,Richard,Davies,Female,1976-07-15,England,16/02/2023
CUST23991,Richard,Wright,Male,2006-11-02,England,12/07/2024
CUST23992,Noah,Williams,Female,1986-12-25,England,17/09/2023
CUST23993,Jennifer,Wright,Female,1991-12-05,England,20/01/2022
CUST23994,Charles,Brown,Male,1991-02-07,England,19/09/2021
CUST23995,Sarah,Walker,Male,1996-07-18,England,04/03/2024
CUST23996,Linda,Wilson,Male,1996-01-24,England,18/09/2023
CUST23997,John,Roberts,Female,1986-11-12,Northern Ireland,10/01/2024
CUST23998,Emily,Wilson,Male,1996-09-08,England,21/04/2022
CUST23999,Emily,Jones,Male,1986-04-10,Northern Ireland,16/04/2023
CUST24000,William,Brown,Female,1981-08-25,England,19/01/2024
CUST24001,Barbara,Jones,Male,1976-07-25,England,19/06/2022
CUST24002,Linda,Wright,Male,1981-07-04,England,01/11/2022
CUST24003,Susan,Thompson,Female,1996-07-25,England,04/01/2025
CUST24004,Sarah,Davies,Male,2006-12-23,England,12/09/2021
CUST24005,David,Robinson,Female,1971-10-15,England,18/08/2022
CUST24006,Isla,Smith,Male,1971-05-07,England,13/10/2022
CUST24007,John,Taylor,Male,1961-10-13,Wales,30/05/2024
CUST24008,Jennifer,Jones,Male,1961-02-21,England,05/09/2021
CUST24009,Charles,Smith,Male,1981-04-08,England,19/12/2023
CUST24010,Olivia,Evans,Female,1966-02-10,England,23/05/2023
CUST24011,George,Evans,Male,1986-11-13,England,08/08/2021
CUST24012,George,Smith,Male,1976-01-02,England,09/03/2024
CUST24013,Sarah,Roberts,Male,1961-11-12,England,11/11/2024
CUST24014,Richard,Williams,Male,1976-10-04,England,13/10/2023
CUST24015,Charles,Evans,Female,1991-12-01,England,03/01/2023
CUST24016,Sarah,Jones,Female,1991-10-11,England,06/05/2024
CUST24017,Olivia,Wright,Male,1996-06-21,England,09/12/2022
CUST24018,Sarah,White,Male,1991-10-27,England,18/03/2023
CUST24019,Isla,Evans,Male,1971-12-12,England,21/11/2021
CUST24020,Karen,Taylor,Female,1976-11-21,England,20/11/2024
CUST24021,Michael,Johnson,Female,1996-10-07,England,20/02/2022
CUST24022,Jack,Davies,Male,1976-10-18,England,25/01/2024
CUST24023,Amelia,Smith,Male,1991-08-18,Northern Ireland,07/09/2024
CUST24024,Thomas,Jones,Male,1986-11-09,England,11/03/2023
CUST24025,Karen,Wilson,Male,1991-06-13,England,10/06/2024
CUST24026,Emily,Davies,Male,1986-07-19,England,04/12/2021
CUST24027,Susan,Walker,Male,1976-11-09,England,27/07/2022
CUST24028,Thomas,Brown,Male,1976-04-17,England,30/11/2024
CUST24029,Jennifer,Thompson,Male,1976-10-07,England,24/02/2024
CUST24030,Charles,White,Female,1991-02-15,England,20/06/2024
CUST24031,Olivia,Evans,Male,1976-08-02,England,06/04/2023
CUST24032,Mary,Evans,Male,1996-01-13,England,21/04/2022
CUST24033,Joseph,White,Female,1986-12-14,England,24/09/2022
CUST24034,Amelia,Wright,Male,1981-11-23,England,07/12/2023
CUST24035,Noah,Johnson,Male,1981-03-11,England,29/03/2024
CUST24036,Susan,Evans,Male,1966-02-01,England,20/05/2023
CUST24037,Patricia,Evans,Male,1991-08-02,England,14/03/2023
CUST24038,Elizabeth,Evans,Female,1971-11-15,England,06/06/2022
CUST24039,Emily,Taylor,Female,1991-04-22,Scotland,04/06/2022
CUST24040,John,Brown,Female,1986-12-25,England,19/03/2022
CUST24041,Susan,Taylor,Male,1971-06-22,England,01/02/2024
CUST24042,Noah,White,Male,1976-06-10,England,29/10/2022
CUST24043,Olivia,Brown,Female,1971-05-14,England,02/04/2023
CUST24044,Harry,Roberts,Male,1971-04-24,England,25/10/2024
CUST24045,Jack,Wright,Male,1996-05-23,England,26/08/2022
CUST24046,Robert,Evans,Male,1956-03-13,England,23/06/2024
CUST24047,David,Wright,Male,1966-05-13,England,07/02/2022
CUST24048,Olivia,Wilson,Female,1986-04-02,England,13/02/2024
CUST24049,Michael,Jones,Female,2006-01-05,England,19/04/2022
CUST24050,Amelia,Brown,Male,1991-05-15,England,24/08/2024
CUST24051,George,Robinson,Female,1971-01-14,England,09/12/2021
CUST24052,John,Wilson,Female,1961-03-16,England,19/01/2025
CUST24053,Elizabeth,Jones,Male,1971-09-09,Scotland,02/02/2023
CUST24054,Patricia,Wright,Female,1991-01-07,England,06/11/2023
CUST24055,Robert,Johnson,Female,2006-04-13,England,22/09/2022
CUST24056,James,Thompson,Male,1986-09-24,England,31/05/2022
CUST24057,Olivia,Smith,Female,1991-01-27,England,05/01/2022
CUST24058,Olivia,Thompson,Female,2001-09-02,England,21/10/2024
CUST24059,David,Evans,Male,2001-01-10,Scotland,10/10/2021
CUST24060,Noah,Taylor,Female,2001-01-15,England,03/02/2022
CUST24061,James,Walker,Male,1996-03-06,England,16/07/2022
CUST24062,Harry,Evans,Female,1976-11-10,England,22/04/2024
CUST24063,Isla,Smith,Female,1991-01-04,England,12/09/2023
CUST24064,Michael,Robinson,Female,1986-02-13,England,10/10/2024
CUST24065,David,Smith,Male,1981-12-24,England,05/09/2021
CUST24066,Thomas,Taylor,Male,1961-08-26,England,16/01/2022
CUST24067,Barbara,Evans,Female,1976-07-01,England,11/04/2024
CUST24068,Karen,Walker,Male,1981-01-18,England,10/11/2024
CUST24069,Barbara,Smith,Male,1976-05-25,England,10/04/2023
CUST24070,Sarah,White,Female,1976-07-21,England,19/12/2024
CUST24071,Amelia,White,Male,1976-07-02,England,25/06/2023
CUST24072,Olivia,Taylor,Male,1986-07-11,England,16/03/2024
CUST24073,William,Williams,Male,1986-02-21,England,15/04/2024
CUST24074,James,Walker,Male,1986-12-27,England,23/04/2022
CUST24075,Harry,Davies,Female,1991-09-08,England,15/05/2022
CUST24076,Barbara,Robinson,Male,1996-03-08,England,28/07/2022
CUST24077,Joseph,Davies,Female,1991-12-07,England,05/06/2022
CUST24078,Richard,Smith,Male,1991-04-25,Wales,25/05/2023
CUST24079,Isla,Wright,Female,1981-02-05,England,19/01/2024
CUST24080,Charles,Taylor,Male,1986-11-10,Scotland,29/01/2024
CUST24081,Emily,Taylor,Female,2001-02-04,England,08/07/2024
CUST24082,Richard,Walker,Female,1991-01-26,England,19/12/2022
CUST24083,Olivia,Evans,Female,1991-08-02,England,11/03/2022
CUST24084,Jack,Smith,Male,1976-04-14,England,17/12/2021
CUST24085,Robert,White,Male,1991-02-05,England,27/02/2022
CUST24086,Noah,Davies,Female,2006-02-11,England,09/09/2021
CUST24087,Noah,Brown,Male,2001-02-16,England,16/02/2022
CUST24088,Oliver,Davies,Female,1986-12-19,England,26/02/2024
CUST24089,Sarah,Smith,Male,1996-09-16,England,12/09/2021
CUST24090,Jennifer,Evans,Female,1986-11-12,England,09/12/2022
CUST24091,Sarah,Wright,Male,1981-08-08,England,07/06/2022
CUST24092,Jack,Roberts,Male,1966-07-22,England,10/07/2023
CUST24093,Olivia,Johnson,Female,1981-03-19,England,09/05/2022
CUST24094,Isla,Robinson,Female,2006-12-19,England,04/07/2022
CUST24095,Michael,Roberts,Male,1991-10-21,England,08/02/2022
CUST24096,Noah,Thompson,Female,1976-07-06,England,09/04/2024
CUST24097,Michael,Jones,Male,1996-02-27,England,02/03/2022
CUST24098,Charles,Johnson,Male,1966-10-25,England,26/12/2023
CUST24099,Mary,Davies,Female,1986-04-12,England,11/07/2024
CUST24100,Isla,Taylor,Male,2001-03-06,England,08/12/2021
CUST24101,Olivia,Taylor,Female,1996-09-11,Scotland,06/09/2024
CUST24102,Olivia,Brown,Female,1966-11-11,England,22/11/2023
CUST24103,John,Wright,Female,1956-08-27,England,16/01/2023
CUST24104,Jennifer,Taylor,Male,1971-01-08,England,10/06/2024
CUST24105,Charles,Thompson,Female,1991-08-26,England,17/11/2024
CUST24106,Richard,Evans,Male,1976-12-07,Wales,07/09/2023
CUST24107,Olivia,Jones,Male,1996-09-26,England,12/09/2023
CUST24108,Olivia,Smith,Female,1991-04-26,England,21/03/2024
CUST24109,James,Thompson,Male,1976-08-17,Scotland,08/09/2021
CUST24110,Thomas,Evans,Male,1961-03-03,England,20/07/2024
CUST24111,Thomas,Evans,Male,1986-11-17,England,18/07/2023
CUST24112,Olivia,Wright,Female,1986-11-25,Scotland,16/02/2024
CUST24113,David,White,Female,1996-07-26,England,05/03/2022
CUST24114,George,Jones,Male,1991-02-13,England,28/03/2022
CUST24115,Amelia,Evans,Male,2006-05-13,England,21/11/2022
CUST24116,James,Davies,Male,1971-02-11,England,07/01/2023
CUST24117,Barbara,Wilson,Male,2006-10-06,Scotland,28/06/2024
CUST24118,Elizabeth,Roberts,Female,1981-09-18,England,06/01/2023
CUST24119,Olivia,Walker,Female,1996-04-27,Wales,06/02/2024
CUST24120,Mary,Smith,Female,1986-11-08,England,12/10/2023
CUST24121,Joseph,Brown,Male,1996-10-23,England,28/05/2023
CUST24122,Sarah,Wilson,Male,1991-12-03,England,30/05/2022
CUST24123,Noah,Thompson,Female,1986-04-02,England,02/01/2024
CUST24124,Sarah,Wright,Female,1981-03-25,England,21/08/2024
CUST24125,Linda,Roberts,Male,1961-06-04,England,10/05/2024
CUST24126,Elizabeth,Evans,Female,1991-04-12,England,14/12/2023
CUST24127,David,Jones,Female,1981-09-24,Scotland,22/07/2024
CUST24128,Jack,Jones,Male,1966-06-10,England,20/05/2022
CUST24129,Thomas,Evans,Female,1996-08-09,England,17/01/2023
CUST24130,Emily,Evans,Female,1971-03-02,England,17/08/2024
CUST24131,Joseph,Brown,Female,1961-02-19,England,17/06/2023
CUST24132,Jennifer,Davies,Male,1971-12-09,England,20/04/2022
CUST24133,Olivia,Evans,Male,1986-06-04,England,19/02/2024
CUST24134,Amelia,Wright,Male,1976-02-13,England,21/11/2023
CUST24135,Linda,Taylor,Male,1986-10-05,England,27/10/2023
CUST24136,Harry,Brown,Male,1981-02-23,England,25/10/2023
CUST24137,George,Johnson,Male,1961-12-21,England,19/02/2025
CUST24138,Charles,Thompson,Male,1996-05-27,England,03/11/2024
CUST24139,Elizabeth,Johnson,Female,1976-06-27,England,16/06/2023
CUST24140,Karen,Brown,Female,1986-04-23,England,19/12/2021
CUST24141,Patricia,Roberts,Male,2001-02-14,England,19/07/2023
CUST24142,Thomas,Brown,Male,1981-05-05,England,26/12/2023
CUST24143,Olivia,Taylor,Female,1976-05-02,England,08/02/2025
CUST24144,Harry,Johnson,Male,1986-06-03,England,20/11/2021
CUST24145,George,Thompson,Male,1971-06-07,Wales,02/08/2024
CUST24146,Elizabeth,Wright,Female,1991-08-24,England,23/11/2023
CUST24147,Noah,Davies,Female,1966-01-06,England,20/10/2022
CUST24148,William,Williams,Female,1981-05-03,Northern Ireland,12/06/2023
CUST24149,Jessica,Evans,Male,1971-11-26,England,25/11/2021
CUST24150,James,Smith,Female,1996-12-12,England,18/03/2024
CUST24151,Sarah,Davies,Male,1986-07-12,Scotland,11/08/2024
CUST24152,Elizabeth,Walker,Male,1966-05-09,England,23/03/2023
CUST24153,Sarah,Jones,Female,2006-05-26,England,30/07/2024
CUST24154,Oliver,Jones,Female,1991-10-10,Scotland,10/06/2024
CUST24155,John,Jones,Male,1976-05-24,England,27/10/2021
CUST24156,William,Taylor,Male,1976-12-27,England,19/10/2022
CUST24157,Michael,Taylor,Male,1971-01-13,England,30/12/2023
CUST24158,Barbara,Wilson,Female,1976-08-19,Scotland,16/01/2023
CUST24159,John,Williams,Male,1961-07-01,England,25/03/2024
CUST24160,Mary,Evans,Female,1986-06-22,England,17/11/2024
CUST24161,Emily,Wright,Male,1981-06-27,England,19/02/2024
CUST24162,Oliver,White,Male,1971-02-06,England,22/02/2024
CUST24163,Noah,Smith,Male,1976-05-01,England,03/07/2023
CUST24164,Patricia,Roberts,Male,2001-05-02,England,28/02/2024
CUST24165,Olivia,Davies,Female,1991-08-24,Scotland,13/05/2023
CUST24166,Harry,Evans,Male,1986-08-07,England,11/03/2023
CUST24167,Susan,White,Female,1976-05-12,England,12/01/2023
CUST24168,Noah,Williams,Female,1986-07-10,England,03/06/2023
CUST24169,Robert,White,Female,1976-07-09,England,28/10/2024
CUST24170,Olivia,Walker,Female,1971-01-05,England,14/04/2024
CUST24171,Michael,Davies,Female,1996-11-12,Wales,03/02/2023
CUST24172,Patricia,Evans,Male,1981-11-25,Wales,08/09/2022
CUST24173,Susan,Davies,Male,1986-05-10,England,15/12/2024
CUST24174,Elizabeth,Davies,Male,1996-10-22,England,24/06/2023
CUST24175,Olivia,Davies,Female,1986-05-19,England,12/08/2024
CUST24176,Susan,Williams,Male,1986-01-22,England,30/07/2024
CUST24177,Mary,Taylor,Male,1971-11-16,England,19/10/2023
CUST24178,Robert,Roberts,Male,1986-04-11,England,15/02/2023
CUST24179,Mary,Robinson,Female,2001-05-07,Scotland,13/12/2024
CUST24180,Olivia,White,Male,1986-07-08,England,23/01/2023
CUST24181,Patricia,Walker,Male,1971-06-15,England,14/02/2022
CUST24182,James,Taylor,Male,1981-04-11,England,21/12/2024
CUST24183,Jessica,Roberts,Female,1991-10-11,England,27/09/2023
CUST24184,Barbara,Johnson,Female,1966-05-10,England,23/05/2023
CUST24185,Karen,Smith,Male,2001-08-25,England,07/04/2022
CUST24186,Harry,Thompson,Male,1991-08-18,England,11/09/2024
CUST24187,Sarah,Thompson,Male,1986-12-25,England,03/12/2022
CUST24188,Isla,Johnson,Female,1976-06-26,England,22/04/2022
CUST24189,William,Johnson,Male,1971-06-17,England,07/06/2023
CUST24190,Richard,Johnson,Female,2006-11-03,England,16/10/2021
CUST24191,Olivia,Evans,Male,1976-06-27,Scotland,06/08/2023
CUST24192,Olivia,Roberts,Female,1976-04-13,England,12/06/2024
CUST24193,John,Brown,Female,1966-01-11,England,12/07/2024
CUST24194,Sarah,Williams,Male,1966-04-12,England,12/11/2022
CUST24195,Olivia,Evans,Female,1976-03-03,England,04/07/2022
CUST24196,Joseph,Robinson,Male,1996-04-18,England,15/08/2022
CUST24197,Karen,Johnson,Female,1991-07-02,England,26/08/2024
CUST24198,John,White,Female,1966-07-20,England,12/10/2023
CUST24199,Elizabeth,Robinson,Male,1981-03-23,Wales,03/10/2024
CUST24200,Joseph,Walker,Female,1986-06-12,England,05/09/2022
CUST24201,Patricia,Smith,Female,1966-06-11,England,20/11/2022
CUST24202,Linda,Walker,Female,1971-01-19,England,21/01/2024
CUST24203,Sarah,Brown,Female,1976-04-24,Scotland,14/05/2024
CUST24204,Isla,Walker,Female,1966-09-03,England,07/08/2024
CUST24205,James,Wilson,Female,2001-01-13,England,28/07/2022
CUST24206,William,White,Female,1976-04-09,England,12/11/2021
CUST24207,William,Johnson,Male,1961-06-01,England,20/07/2023
CUST24208,Jack,Brown,Female,2006-02-01,England,12/01/2025
CUST24209,Joseph,Robinson,Female,1996-08-15,England,20/09/2022
CUST24210,Olivia,Jones,Female,1976-09-21,England,21/02/2022
CUST24211,Sarah,Walker,Female,1986-05-17,England,18/04/2024
CUST24212,Jack,Wilson,Male,2001-03-07,Scotland,27/09/2022
CUST24213,Sarah,Taylor,Female,1996-10-13,England,09/10/2022
CUST24214,Noah,Davies,Male,1991-03-27,Wales,20/10/2022
CUST24215,Isla,Robinson,Male,1991-02-23,England,13/12/2021
CUST24216,Emily,Jones,Male,1971-01-04,England,10/04/2022
CUST24217,Joseph,Smith,Male,1981-02-18,England,09/05/2022
CUST24218,Thomas,Johnson,Male,1976-11-17,England,19/02/2024
CUST24219,Susan,Evans,Female,2006-12-10,England,01/06/2023
CUST24220,Richard,Evans,Female,1991-07-10,England,04/06/2024
CUST24221,John,Taylor,Female,1991-12-20,England,06/02/2025
CUST24222,Susan,Williams,Female,1971-09-26,Scotland,10/09/2021
CUST24223,Patricia,Williams,Male,1961-05-09,England,15/03/2024
CUST24224,Robert,Brown,Female,1991-09-26,England,11/11/2021
CUST24225,Elizabeth,Robinson,Female,1961-06-23,Wales,22/11/2023
CUST24226,George,Wright,Male,2006-12-02,England,10/04/2024
CUST24227,Barbara,Smith,Female,1991-11-08,England,27/10/2021
CUST24228,Isla,Jones,Female,1976-11-12,England,21/02/2025
CUST24229,Olivia,Wright,Male,1991-07-18,England,16/10/2023
CUST24230,Robert,Roberts,Male,1966-07-07,England,22/02/2024
CUST24231,Sarah,Williams,Male,1996-02-12,England,13/11/2024
CUST24232,Jack,Evans,Male,1976-08-03,England,18/09/2024
CUST24233,Amelia,Wright,Male,1996-02-03,England,13/11/2022
CUST24234,George,Robinson,Male,1996-07-12,Wales,23/12/2023
CUST24235,Elizabeth,Evans,Male,1986-02-18,Scotland,10/08/2021
CUST24236,Harry,Davies,Male,1961-06-13,England,24/01/2025
CUST24237,Jack,Davies,Female,1981-10-11,England,19/10/2024
CUST24238,Linda,Johnson,Male,1981-04-14,Wales,09/02/2022
CUST24239,Susan,Johnson,Female,2006-08-18,England,29/02/2024
CUST24240,Patricia,Williams,Male,2006-04-20,England,25/08/2021
CUST24241,William,Thompson,Male,2006-04-15,England,03/02/2025
CUST24242,Charles,Brown,Female,1971-03-03,England,15/03/2024
CUST24243,Elizabeth,Williams,Male,1996-02-02,Scotland,28/06/2023
CUST24244,Jessica,Taylor,Female,1991-05-10,Wales,12/08/2021
CUST24245,William,Williams,Male,1981-02-06,England,16/08/2021
CUST24246,Jessica,Williams,Female,1981-11-15,England,24/09/2022
CUST24247,Elizabeth,Roberts,Female,1991-09-19,Scotland,10/06/2022
CUST24248,Jennifer,Johnson,Female,2006-03-07,England,26/12/2023
CUST24249,Harry,Evans,Male,1986-11-13,England,28/11/2022
CUST24250,Mary,Taylor,Male,1976-05-06,England,08/03/2024
CUST24251,Sarah,Johnson,Female,1996-07-13,England,26/10/2021
CUST24252,Barbara,Wright,Female,1976-09-11,England,18/01/2023
CUST24253,Barbara,Thompson,Female,2006-10-01,England,25/09/2024
CUST24254,Olivia,Evans,Female,1966-01-18,England,30/11/2021
CUST24255,Linda,Walker,Male,1961-04-09,England,02/04/2023
CUST24256,Patricia,Jones,Female,2006-05-21,England,07/10/2024
CUST24257,Jack,White,Male,1986-08-19,England,31/07/2024
CUST24258,Patricia,Davies,Male,1991-11-06,England,18/04/2022
CUST24259,Joseph,Brown,Male,1971-06-24,England,15/08/2021
CUST24260,Harry,Smith,Female,1986-06-01,England,14/05/2023
CUST24261,Jessica,Jones,Female,1981-02-16,England,19/01/2022
CUST24262,Jennifer,Robinson,Male,1996-07-22,England,02/04/2023
CUST24263,Olivia,Robinson,Male,2006-06-15,England,07/11/2021
CUST24264,Thomas,Williams,Male,1976-08-16,England,31/05/2024
CUST24265,Harry,Davies,Male,1981-11-13,Wales,09/06/2024
CUST24266,Susan,Thompson,Female,1971-07-02,Northern Ireland,29/09/2022
CUST24267,Olivia,Robinson,Female,1971-01-19,Scotland,10/09/2024
CUST24268,Sarah,Davies,Male,1981-10-26,England,29/12/2024
CUST24269,Susan,Smith,Female,1986-06-22,England,09/10/2021
CUST24270,George,Smith,Male,1966-06-02,England,30/11/2022
CUST24271,Harry,White,Male,1971-11-06,England,18/10/2021
CUST24272,Richard,Wright,Male,1966-08-23,Scotland,14/10/2023
CUST24273,Olivia,Williams,Male,1956-10-20,England,12/02/2025
CUST24274,Harry,Smith,Female,1991-11-10,Wales,22/05/2024
CUST24275,Richard,Williams,Male,1976-06-07,England,17/09/2022
CUST24276,Michael,White,Female,1981-12-13,England,24/05/2023
CUST24277,Richard,Davies,Male,2001-03-01,England,01/11/2024
CUST24278,William,Walker,Male,1981-11-03,England,17/09/2024
CUST24279,Olivia,Williams,Female,1991-11-03,England,02/01/2023
CUST24280,Olivia,Williams,Male,1986-02-23,England,10/09/2021
CUST24281,Sarah,Wilson,Female,1996-02-02,England,15/09/2024
CUST24282,Oliver,Robinson,Female,1976-01-15,England,05/10/2022
CUST24283,Karen,Smith,Male,1976-04-08,England,30/05/2023
CUST24284,Linda,Wilson,Female,1986-12-21,England,02/05/2024
CUST24285,Robert,Taylor,Male,2001-02-04,England,13/04/2023
CUST24286,Mary,Robinson,Female,1986-01-25,England,16/09/2022
CUST24287,Jessica,Robinson,Female,2001-06-03,England,07/01/2025
CUST24288,Olivia,Wright,Male,1991-05-23,England,01/10/2023
CUST24289,Charles,Davies,Male,1991-08-04,England,01/04/2022
CUST24290,James,Robinson,Female,1966-08-01,England,24/08/2021
CUST24291,Emily,Evans,Female,1991-10-02,England,03/09/2021
CUST24292,Elizabeth,Johnson,Male,1981-05-22,England,27/05/2022
CUST24293,Amelia,Thompson,Female,1971-06-10,England,25/05/2022
CUST24294,Olivia,Evans,Female,1991-01-12,England,24/09/2021
CUST24295,Sarah,Roberts,Male,1966-12-23,England,07/02/2025
CUST24296,Harry,Wilson,Male,2001-03-08,England,09/11/2024
CUST24297,Joseph,Williams,Male,1991-08-15,Wales,04/05/2024
CUST24298,Patricia,Walker,Female,2001-11-09,England,14/10/2021
CUST24299,Oliver,Taylor,Female,1986-08-02,Northern Ireland,20/08/2024
CUST24300,Emily,Johnson,Female,1961-08-27,England,02/09/2022
CUST24301,John,Jones,Female,1981-03-11,Scotland,26/06/2022
CUST24302,Harry,White,Female,1981-09-23,England,12/11/2024
CUST24303,Emily,Taylor,Male,1996-03-12,England,21/08/2021
CUST24304,Jessica,Thompson,Female,1966-09-24,England,10/01/2025
CUST24305,Jennifer,Davies,Male,1986-07-05,England,25/10/2021
CUST24306,David,Evans,Female,1996-06-15,England,24/05/2023
CUST24307,Michael,Thompson,Female,1956-09-11,Scotland,14/04/2023
CUST24308,Michael,White,Male,1991-09-27,England,01/03/2023
CUST24309,William,Roberts,Male,1991-03-10,England,20/01/2025
CUST24310,Robert,White,Male,2006-05-21,England,06/08/2023
CUST24311,Olivia,Taylor,Male,2001-06-14,England,19/07/2024
CUST24312,David,Roberts,Female,1971-02-11,England,25/04/2023
CUST24313,Oliver,Jones,Female,1986-05-19,England,01/12/2021
CUST24314,Robert,Taylor,Male,1961-01-18,England,31/10/2022
CUST24315,Linda,Walker,Male,2001-06-13,England,01/09/2021
CUST24316,Elizabeth,Smith,Male,1981-03-02,England,20/04/2022
CUST24317,Karen,Robinson,Male,1976-03-02,England,11/08/2024
CUST24318,Karen,Williams,Male,1981-10-17,England,17/01/2023
CUST24319,Joseph,Brown,Female,1986-02-02,England,24/03/2023
CUST24320,Robert,Brown,Female,1981-02-17,England,01/02/2022
CUST24321,Jessica,Taylor,Female,1981-04-24,England,13/03/2022
CUST24322,Isla,Johnson,Female,1971-01-22,England,24/10/2022
CUST24323,Elizabeth,Walker,Male,1991-11-19,Northern Ireland,19/08/2023
CUST24324,William,Jones,Male,1986-12-08,England,21/06/2022
CUST24325,Jessica,Walker,Male,1981-10-18,England,07/05/2022
CUST24326,Mary,Walker,Female,1991-10-05,England,06/11/2024
CUST24327,Robert,Wilson,Female,2001-02-25,England,24/04/2022
CUST24328,Sarah,Evans,Male,1961-07-03,England,16/04/2022
CUST24329,Olivia,Robinson,Male,1996-02-15,England,11/01/2025
CUST24330,Thomas,White,Female,1996-04-14,England,18/09/2023
CUST24331,Richard,Davies,Female,1981-06-02,Wales,19/02/2023
CUST24332,Linda,Jones,Male,2006-09-06,England,26/12/2024
CUST24333,David,Smith,Female,2006-04-20,England,25/08/2021
CUST24334,Emily,Evans,Female,2006-04-17,England,04/07/2023
CUST24335,Richard,White,Male,2001-10-05,England,11/02/2022
CUST24336,Richard,Evans,Male,1991-03-04,England,02/08/2022
CUST24337,Jennifer,Davies,Male,1971-06-18,England,10/11/2023
CUST24338,Barbara,Johnson,Male,1991-04-18,England,08/11/2023
CUST24339,Harry,White,Male,1991-11-11,Scotland,08/01/2025
CUST24340,Isla,Wilson,Female,1981-07-01,England,22/01/2022
CUST24341,Karen,Walker,Female,1991-02-01,England,26/07/2022
CUST24342,Mary,Davies,Female,1986-02-05,Scotland,19/10/2021
CUST24343,Mary,Wilson,Female,1991-12-02,Scotland,29/08/2024
CUST24344,David,Brown,Male,1991-12-16,England,30/09/2024
CUST24345,Richard,Walker,Male,1991-10-11,England,21/07/2024
CUST24346,Linda,Walker,Male,2006-01-06,England,09/10/2024
CUST24347,Joseph,Williams,Male,1966-09-17,England,13/03/2023
CUST24348,Patricia,Wright,Female,1961-08-20,England,15/02/2023
CUST24349,Oliver,Davies,Female,1971-12-05,England,11/05/2023
CUST24350,Sarah,Evans,Female,2006-06-17,England,13/04/2024
CUST24351,Jennifer,Wright,Female,1976-06-03,England,06/01/2023
CUST24352,Jennifer,Walker,Female,1981-08-17,England,11/06/2022
CUST24353,Amelia,Johnson,Male,2001-02-11,England,27/04/2024
CUST24354,Amelia,Thompson,Female,1966-09-03,England,31/08/2024
CUST24355,Olivia,Taylor,Male,1976-06-22,England,08/01/2024
CUST24356,Oliver,Taylor,Female,2001-03-05,Scotland,16/11/2022
CUST24357,Thomas,Roberts,Female,1961-10-22,England,27/10/2021
CUST24358,William,Johnson,Female,2001-04-10,England,07/02/2025
CUST24359,Amelia,Thompson,Female,1986-11-19,Scotland,18/09/2022
CUST24360,Karen,Evans,Female,2001-04-20,England,12/11/2022
CUST24361,Amelia,Robinson,Male,2001-06-12,England,15/04/2022
CUST24362,Jack,Evans,Male,1961-06-19,England,19/07/2023
CUST24363,Barbara,Taylor,Male,1981-09-12,England,07/03/2023
CUST24364,Amelia,Evans,Female,1996-03-17,England,25/05/2022
CUST24365,Mary,Roberts,Male,1976-03-07,England,06/09/2021
CUST24366,Jennifer,Taylor,Female,1971-03-12,England,03/09/2022
CUST24367,Susan,Roberts,Female,1966-03-04,England,30/12/2024
CUST24368,Sarah,Williams,Male,1966-06-12,England,01/02/2022
CUST24369,William,Thompson,Male,1966-08-01,England,26/05/2024
CUST24370,George,Wilson,Female,1981-11-12,England,09/05/2024
CUST24371,John,Johnson,Male,1991-06-24,England,28/12/2023
CUST24372,Jessica,Davies,Male,1966-05-10,England,07/10/2021
CUST24373,Thomas,Brown,Male,2001-02-14,England,09/05/2024
CUST24374,Sarah,Roberts,Female,2001-02-24,England,01/06/2023
CUST24375,David,Smith,Female,1986-10-01,England,20/09/2023
CUST24376,William,Davies,Female,1996-08-19,England,20/03/2024
CUST24377,John,Davies,Female,1981-07-15,Scotland,26/04/2022
CUST24378,Charles,Wright,Female,1966-06-10,Northern Ireland,09/02/2025
CUST24379,Michael,Williams,Male,1986-07-07,Scotland,17/09/2024
CUST24380,John,Roberts,Male,1986-11-17,Wales,17/11/2024
CUST24381,Jessica,Taylor,Female,1991-03-12,England,20/01/2025
CUST24382,James,Roberts,Female,1976-06-11,England,11/04/2024
CUST24383,Olivia,Williams,Female,2001-03-19,England,25/05/2024
CUST24384,John,Brown,Male,2006-02-11,England,17/08/2023
CUST24385,Isla,Walker,Female,1981-09-22,England,17/01/2023
CUST24386,Linda,Davies,Male,1986-09-08,England,24/10/2023
CUST24387,Jack,Wright,Female,1991-11-19,England,22/01/2022
CUST24388,Olivia,Robinson,Female,1991-01-16,England,27/04/2024
CUST24389,Harry,Wilson,Male,2006-03-25,England,13/08/2022
CUST24390,Barbara,Brown,Male,1981-07-11,England,03/06/2022
CUST24391,Harry,Williams,Male,1991-10-07,England,29/03/2022
CUST24392,Jack,Davies,Male,1986-12-11,Northern Ireland,23/02/2022
CUST24393,David,Roberts,Male,1966-10-18,England,17/06/2022
CUST24394,Isla,Taylor,Male,1976-11-12,England,31/12/2024
CUST24395,James,Williams,Male,1996-10-25,Northern Ireland,28/11/2022
CUST24396,Noah,Robinson,Male,1981-04-05,England,04/02/2022
CUST24397,Robert,Thompson,Female,2001-07-09,England,13/10/2022
CUST24398,James,Brown,Male,1996-08-27,England,21/02/2023
CUST24399,Jessica,Jones,Female,1976-05-22,Scotland,08/05/2022
CUST24400,Oliver,Williams,Male,2001-11-03,Northern Ireland,21/11/2024
CUST24401,Charles,Smith,Male,1996-10-26,England,09/03/2024
CUST24402,Noah,Williams,Male,1966-07-12,England,26/01/2024
CUST24403,James,Johnson,Female,1976-06-18,England,17/06/2022
CUST24404,Sarah,Taylor,Female,1966-10-01,England,21/03/2022
CUST24405,Michael,Taylor,Female,1966-03-05,England,01/03/2022
CUST24406,Noah,Wilson,Female,1991-03-19,England,08/10/2023
CUST24407,James,Brown,Male,1981-05-08,England,01/10/2024
CUST24408,Karen,Brown,Female,1991-02-04,Scotland,04/12/2023
CUST24409,Jessica,Wilson,Male,1976-06-19,England,02/09/2023
CUST24410,Jessica,Taylor,Male,1991-06-06,England,09/02/2024
CUST24411,Harry,Wilson,Male,2006-07-24,England,27/07/2022
CUST24412,Jessica,Jones,Male,2001-06-05,Wales,05/03/2022
CUST24413,Mary,Jones,Male,1976-11-01,England,21/03/2022
CUST24414,Emily,Wilson,Male,2001-04-11,England,21/09/2021
CUST24415,James,Wright,Female,1981-05-09,England,06/10/2024
CUST24416,Olivia,Williams,Female,1971-09-18,England,28/08/2021
CUST24417,Olivia,Johnson,Male,1976-04-07,England,31/10/2022
CUST24418,Linda,Roberts,Male,1991-08-27,England,02/02/2023
CUST24419,Elizabeth,White,Female,1996-12-12,England,02/09/2022
CUST24420,Thomas,Johnson,Male,1966-05-20,England,20/09/2023
CUST24421,George,Evans,Female,1986-03-21,England,08/11/2022
CUST24422,Linda,Wilson,Male,1991-03-24,England,25/03/2022
CUST24423,Olivia,Thompson,Male,1961-01-14,England,05/09/2021
CUST24424,Michael,White,Male,1996-04-07,England,25/12/2022
CUST24425,Amelia,Smith,Female,1986-11-14,Scotland,24/10/2022
CUST24426,Thomas,Walker,Male,2001-04-12,England,11/04/2023
CUST24427,Noah,Williams,Male,2001-12-17,Northern Ireland,20/07/2024
CUST24428,James,Williams,Female,1991-12-07,England,31/10/2023
CUST24429,George,Walker,Male,1976-09-14,England,10/10/2022
CUST24430,Isla,Walker,Female,1991-12-26,England,28/01/2024
CUST24431,Olivia,White,Male,1981-05-19,England,26/03/2023
CUST24432,Harry,Davies,Female,1971-12-26,England,01/02/2023
CUST24433,Olivia,Roberts,Female,1971-07-03,England,19/03/2023
CUST24434,Richard,Williams,Male,2006-01-18,England,04/08/2024
CUST24435,Jessica,Brown,Female,1976-10-01,England,13/09/2024
CUST24436,Olivia,Wilson,Male,2001-12-06,England,09/02/2023
CUST24437,Noah,Thompson,Male,1976-11-23,England,08/10/2021
CUST24438,Olivia,Brown,Female,1991-06-03,England,20/02/2025
CUST24439,Barbara,White,Female,1976-02-13,England,16/07/2023
CUST24440,Isla,White,Male,1996-08-02,England,05/03/2022
CUST24441,David,Evans,Female,1981-11-09,England,22/12/2023
CUST24442,Joseph,Wright,Female,2001-11-04,England,07/10/2022
CUST24443,Mary,Jones,Female,2001-08-13,England,11/02/2025
CUST24444,Barbara,Johnson,Male,1981-10-18,England,19/04/2023
CUST24445,Olivia,Wright,Female,1991-01-18,England,20/06/2022
CUST24446,David,Wright,Male,1976-08-26,England,04/05/2024
CUST24447,Michael,Wright,Male,1981-02-04,England,12/05/2022
CUST24448,David,Wilson,Male,1981-09-11,England,30/09/2022
CUST24449,Olivia,Thompson,Male,1976-01-15,England,06/10/2022
CUST24450,Thomas,Johnson,Female,1976-08-03,England,10/07/2023
CUST24451,Isla,Smith,Male,1966-12-03,England,09/10/2022
CUST24452,Mary,Wilson,Male,2001-02-09,England,28/11/2021
CUST24453,David,Smith,Female,1981-06-24,England,23/12/2021
CUST24454,Robert,Evans,Female,1976-01-16,England,25/10/2021
CUST24455,Robert,Davies,Male,1996-09-16,England,28/09/2024
CUST24456,Thomas,Davies,Male,1996-12-15,Wales,10/03/2024
CUST24457,Amelia,Robinson,Male,1996-01-22,England,31/10/2021
CUST24458,Noah,Thompson,Female,1981-07-15,England,29/05/2022
CUST24459,Jessica,Thompson,Female,1991-10-20,England,20/11/2022
CUST24460,Sarah,Johnson,Female,1981-01-09,Northern Ireland,19/11/2021
CUST24461,Karen,White,Female,1981-06-23,England,15/12/2022
CUST24462,Barbara,Brown,Male,1981-02-01,England,31/12/2021
CUST24463,Charles,Robinson,Male,1996-12-10,England,13/10/2022
CUST24464,Olivia,Taylor,Male,1976-07-07,England,24/05/2024
CUST24465,Jennifer,Thompson,Male,1981-07-04,Scotland,19/06/2022
CUST24466,Barbara,White,Male,2001-12-15,England,28/07/2022
CUST24467,Harry,Walker,Male,1996-10-25,England,07/05/2023
CUST24468,Isla,Williams,Male,1991-04-05,England,29/06/2022
CUST24469,Olivia,Jones,Female,1966-08-24,England,25/03/2022
CUST24470,Karen,Wilson,Male,1991-04-24,England,08/07/2022
CUST24471,Linda,Taylor,Female,2006-07-24,England,07/01/2025
CUST24472,Amelia,Johnson,Male,2001-10-01,England,22/01/2024
CUST24473,Richard,Taylor,Female,2006-12-27,England,16/11/2021
CUST24474,James,Thompson,Male,1991-12-12,England,24/06/2024
CUST24475,David,Wright,Male,1976-06-17,England,05/03/2022
CUST24476,Jennifer,Brown,Male,1986-11-09,England,29/07/2024
CUST24477,Sarah,Thompson,Male,1971-11-14,England,25/10/2023
CUST24478,William,Davies,Female,2006-07-15,Scotland,08/08/2023
CUST24479,Jessica,Thompson,Male,1986-01-22,Wales,21/06/2023
CUST24480,David,Evans,Male,1976-02-10,Scotland,21/05/2022
CUST24481,Harry,Wright,Male,1981-08-03,Scotland,10/01/2022
CUST24482,Barbara,Roberts,Male,1971-10-16,England,18/08/2024
CUST24483,James,Taylor,Female,1996-11-22,England,07/07/2023
CUST24484,Noah,Walker,Male,1986-03-01,England,29/04/2023
CUST24485,Jack,Wilson,Female,1981-11-22,England,16/07/2024
CUST24486,George,Taylor,Female,2001-10-22,England,19/10/2023
CUST24487,Susan,Jones,Female,1971-06-16,England,03/06/2022
CUST24488,James,Wilson,Male,1991-05-26,England,05/12/2021
CUST24489,Mary,Wright,Female,2001-06-11,England,23/11/2023
CUST24490,Sarah,White,Female,1976-09-04,England,20/02/2023
CUST24491,Sarah,Taylor,Female,1976-10-18,England,21/12/2021
CUST24492,Mary,Johnson,Female,1966-03-17,England,03/12/2021
CUST24493,Noah,Walker,Male,1966-05-25,England,07/10/2021
CUST24494,Susan,Roberts,Female,1996-02-07,England,10/01/2024
CUST24495,Susan,Smith,Male,1981-12-05,England,13/01/2022
CUST24496,Olivia,Jones,Male,1956-05-19,England,06/07/2024
CUST24497,George,Evans,Female,1996-04-09,England,04/08/2024
CUST24498,Harry,Jones,Male,1986-03-05,England,20/01/2024
CUST24499,Linda,Wilson,Male,1966-01-19,England,02/10/2022
CUST24500,Elizabeth,Thompson,Male,2001-06-06,England,25/05/2024
CUST24501,Michael,Wright,Female,1966-10-23,England,26/08/2024
CUST24502,James,Taylor,Male,1986-04-09,England,13/12/2024
CUST24503,Elizabeth,Robinson,Male,1966-05-18,England,10/10/2022
CUST24504,Jennifer,Davies,Female,1981-08-16,England,22/08/2022
CUST24505,James,Roberts,Female,1981-05-16,England,25/12/2024
CUST24506,Joseph,Taylor,Female,1976-09-09,England,06/03/2022
CUST24507,Amelia,Jones,Female,2006-04-03,England,30/08/2024
CUST24508,Elizabeth,Roberts,Female,1981-06-18,England,27/01/2024
CUST24509,David,Wright,Male,1966-12-12,England,31/08/2021
CUST24510,Jennifer,Robinson,Female,1961-11-27,England,13/10/2021
CUST24511,Emily,Williams,Female,1961-07-25,England,20/10/2024
CUST24512,John,Roberts,Female,1981-05-03,England,24/01/2022
CUST24513,John,Williams,Female,1981-12-10,England,13/02/2023
